File created,04/05/2021; 16:07,,,,,,,,,,,,,,,,,,,,,,,,
ShuttleSoft v.2.6.4,,,,,,,,,,,,,,,,,,,,,,,,,
Notes,,,,,,,,,,,,,,,,,,,,,,,,,
Pixel Ratio [cm/pix],0.081395,,,,,,,,,,,,,,,,,,,,,,,,
,,,,,,,,,,,,,,,,,,,,,,,,,
Time,Zone,Object temperature [?C],Preferred temperature [?C],INCR temperature [?C],DECR temperature [?C],x pos,y pos,Velocity [cm/s],Distance moved [cm],Time INCR [s],Time DECR [s],Delta [?C],Hysteresis [?C],HI zone setpoint [?C],HI zone hysteresis [?C],LO zone setpoint [?C],LO zone hysteresis [?C],k [min-1],Max INCR [?C],Min DECR [?C],Max Rate [?C/hr],Avoidance Upper mean [?C],,,
16:08:05,DECR,12.29,12.29,14.07,12.29,236,526,3.03,3.03,0,1,NaN,NaN,14,0.1,12,0.1,NaN,25,5,5,NaN,NaN,NaN,NaN
16:08:06,DECR,12.31,12.3,14.16,12.31,219,500,3.93,6.97,0,2,NaN,NaN,14,0.1,12,0.1,NaN,25,5,5,NaN,NaN,NaN,NaN
16:08:07,DECR,12.33,12.31,14.25,12.33,159,368,13.47,20.43,0,3,NaN,NaN,14,0.1,12,0.1,NaN,25,5,5,NaN,NaN,NaN,NaN
16:08:08,DECR,12.35,12.32,14.33,12.35,233,529,11.7,32.13,0,4,NaN,NaN,14,0.1,12,0.1,NaN,25,5,5,NaN,NaN,NaN,NaN
16:08:09,DECR,12.36,12.33,14.33,12.36,241,546,8.86,40.99,0,5,NaN,NaN,14,0.1,12,0.1,NaN,25,5,5,NaN,NaN,NaN,NaN
16:08:10,DECR,12.36,12.34,14.33,12.36,296,547,11.71,52.7,0,6,NaN,NaN,14,0.1,12,0.1,NaN,25,5,5,NaN,NaN,NaN,NaN
16:08:11,DECR,12.36,12.35,14.33,12.36,464,440,16.04,68.73,0,7,2,0.1,NaN,NaN,NaN,NaN,NaN,25,5,5,NaN,NaN,NaN,NaN
16:08:12,DECR,12.36,12.35,14.33,12.36,330,387,15.07,83.8,0,8,2,0.1,NaN,NaN,NaN,NaN,NaN,25,5,5,NaN,NaN,NaN,NaN
16:08:13,DECR,12.36,12.36,14.32,12.36,301,511,10.31,94.11,0,9,2,0.1,NaN,NaN,NaN,NaN,NaN,25,5,5,NaN,NaN,NaN,NaN
16:08:14,DECR,12.36,12.36,14.32,12.36,324,535,3.35,97.46,0,10,2,0.1,NaN,NaN,NaN,NaN,NaN,25,5,5,NaN,NaN,NaN,NaN
16:08:15,DECR,12.36,12.36,14.32,12.36,330,539,0.85,98.31,0,11,2,0.1,NaN,NaN,NaN,NaN,NaN,25,5,5,NaN,NaN,NaN,NaN
16:08:16,DECR,12.36,12.36,14.31,12.36,297,543,2.57,100.88,0,12,2,0.1,NaN,NaN,NaN,NaN,NaN,25,5,5,NaN,NaN,NaN,NaN
16:08:17,DECR,12.36,12.36,14.31,12.36,230,515,5.8,106.69,0,13,2,0.1,NaN,NaN,NaN,NaN,NaN,25,5,5,NaN,NaN,NaN,NaN
16:08:18,DECR,12.36,12.36,14.3,12.36,163,439,7.69,114.37,0,14,2,0.1,NaN,NaN,NaN,NaN,NaN,25,5,5,NaN,NaN,NaN,NaN
16:08:19,DECR,12.37,12.36,14.3,12.37,177,321,8.61,122.99,0,15,2,0.1,NaN,NaN,NaN,NaN,NaN,25,5,5,NaN,NaN,NaN,NaN
16:08:20,DECR,12.37,12.36,14.3,12.37,287,247,10.21,133.19,0,16,2,0.1,NaN,NaN,NaN,NaN,NaN,25,5,5,NaN,NaN,NaN,NaN
16:08:21,DECR,12.37,12.36,14.29,12.37,372,265,7.24,140.43,0,17,2,0.1,NaN,NaN,NaN,NaN,NaN,25,5,5,NaN,NaN,NaN,NaN
16:08:22,DECR,12.37,12.36,14.27,12.37,415,353,8,148.43,0,18,2,0.1,NaN,NaN,NaN,NaN,NaN,25,5,5,NaN,NaN,NaN,NaN
16:08:23,DECR,12.37,12.36,14.24,12.37,441,406,4.54,152.97,0,19,2,0.1,NaN,NaN,NaN,NaN,NaN,25,5,5,NaN,NaN,NaN,NaN
16:08:24,DECR,12.37,12.36,14.22,12.37,466,403,2.12,155.09,0,20,2,0.1,NaN,NaN,NaN,NaN,NaN,25,5,5,NaN,NaN,NaN,NaN
16:08:25,DECR,12.37,12.36,14.21,12.37,477,431,2.45,157.54,0,21,2,0.1,NaN,NaN,NaN,NaN,NaN,25,5,5,NaN,NaN,NaN,NaN
16:08:26,DECR,12.37,12.36,14.21,12.37,464,463,2.54,160.08,0,22,2,0.1,NaN,NaN,NaN,NaN,NaN,25,5,5,NaN,NaN,NaN,NaN
16:08:27,DECR,12.38,12.36,14.21,12.38,403,530,7.42,167.5,0,23,2,0.1,NaN,NaN,NaN,NaN,NaN,25,5,5,NaN,NaN,NaN,NaN
16:08:28,DECR,12.38,12.36,14.21,12.38,383,522,3.62,171.12,0,24,2,0.1,NaN,NaN,NaN,NaN,NaN,25,5,5,NaN,NaN,NaN,NaN
16:08:29,DECR,12.38,12.36,14.21,12.38,409,480,3.48,174.6,0,25,2,0.1,NaN,NaN,NaN,NaN,NaN,25,5,5,NaN,NaN,NaN,NaN
16:08:30,DECR,12.38,12.36,14.21,12.38,428,440,3.8,178.41,0,26,2,0.1,NaN,NaN,NaN,NaN,NaN,25,5,5,NaN,NaN,NaN,NaN
16:08:31,DECR,12.39,12.36,14.21,12.39,448,393,4.22,182.62,0,27,2,0.1,NaN,NaN,NaN,NaN,NaN,25,5,5,NaN,NaN,NaN,NaN
16:08:32,DECR,12.39,12.36,14.21,12.39,426,345,4.38,187.01,0,28,2,0.1,NaN,NaN,NaN,NaN,NaN,25,5,5,NaN,NaN,NaN,NaN
16:08:33,DECR,12.39,12.37,14.21,12.39,395,315,3.69,190.7,0,29,2,0.1,NaN,NaN,NaN,NaN,NaN,25,5,5,NaN,NaN,NaN,NaN
16:08:34,DECR,12.39,12.37,14.21,12.39,352,289,4.24,194.95,0,30,2,0.1,NaN,NaN,NaN,NaN,NaN,25,5,5,NaN,NaN,NaN,NaN
16:08:35,DECR,12.39,12.37,14.21,12.39,291,282,4.52,199.46,0,31,2,0.1,NaN,NaN,NaN,NaN,NaN,25,5,5,NaN,NaN,NaN,NaN
16:08:36,DECR,12.39,12.37,14.22,12.39,260,285,2.19,201.65,0,32,2,0.1,NaN,NaN,NaN,NaN,NaN,25,5,5,NaN,NaN,NaN,NaN
16:08:37,DECR,12.39,12.37,14.21,12.39,232,320,4,205.65,0,33,2,0.1,NaN,NaN,NaN,NaN,NaN,25,5,5,NaN,NaN,NaN,NaN
16:08:38,DECR,12.39,12.37,14.22,12.39,203,370,4.98,210.63,0,34,2,0.1,NaN,NaN,NaN,NaN,NaN,25,5,5,NaN,NaN,NaN,NaN
16:08:39,DECR,12.39,12.37,14.22,12.39,197,417,3.85,214.47,0,35,2,0.1,NaN,NaN,NaN,NaN,NaN,25,5,5,NaN,NaN,NaN,NaN
16:08:40,DECR,12.39,12.37,14.23,12.39,213,486,5.95,220.43,0,36,2,0.1,NaN,NaN,NaN,NaN,NaN,25,5,5,NaN,NaN,NaN,NaN
16:08:41,DECR,12.39,12.37,14.23,12.39,261,523,4.54,224.97,0,37,2,0.1,NaN,NaN,NaN,NaN,NaN,25,5,5,NaN,NaN,NaN,NaN
16:08:42,DECR,12.39,12.37,14.24,12.39,328,542,5.84,230.81,0,38,2,0.1,NaN,NaN,NaN,NaN,NaN,25,5,5,NaN,NaN,NaN,NaN
16:08:43,DECR,12.4,12.37,14.27,12.4,382,526,4.66,235.47,0,39,2,0.1,NaN,NaN,NaN,NaN,NaN,25,5,5,NaN,NaN,NaN,NaN
16:08:44,DECR,12.39,12.37,14.31,12.39,414,494,4.43,239.9,0,40,2,0.1,NaN,NaN,NaN,NaN,NaN,25,5,5,NaN,NaN,NaN,NaN
16:08:45,DECR,12.4,12.37,14.33,12.4,416,484,2.8,242.7,0,41,2,0.1,NaN,NaN,NaN,NaN,NaN,25,5,5,NaN,NaN,NaN,NaN
16:08:46,DECR,12.4,12.37,14.33,12.4,414,436,3.12,245.82,0,42,2,0.1,NaN,NaN,NaN,NaN,NaN,25,5,5,NaN,NaN,NaN,NaN
16:08:48,DECR,12.4,12.37,14.34,12.4,378,377,5.02,250.84,0,43,2,0.1,NaN,NaN,NaN,NaN,NaN,25,5,5,NaN,NaN,NaN,NaN
16:08:49,DECR,12.4,12.38,14.34,12.4,323,345,4.71,255.55,0,44,2,0.1,NaN,NaN,NaN,NaN,NaN,25,5,5,NaN,NaN,NaN,NaN
16:08:50,DECR,12.4,12.38,14.34,12.4,290,348,2.8,258.35,0,45,2,0.1,NaN,NaN,NaN,NaN,NaN,25,5,5,NaN,NaN,NaN,NaN
16:08:51,DECR,12.4,12.38,14.36,12.4,260,343,2.59,260.94,0,46,2,0.1,NaN,NaN,NaN,NaN,NaN,25,5,5,NaN,NaN,NaN,NaN
16:08:52,DECR,12.4,12.38,14.38,12.4,208,354,4.34,265.28,0,47,2,0.1,NaN,NaN,NaN,NaN,NaN,25,5,5,NaN,NaN,NaN,NaN
16:08:53,DECR,12.4,12.38,14.4,12.4,196,383,2.65,267.93,0,48,2,0.1,NaN,NaN,NaN,NaN,NaN,25,5,5,NaN,NaN,NaN,NaN
16:08:54,DECR,12.4,12.38,14.41,12.4,222,444,5.52,273.45,0,49,2,0.1,NaN,NaN,NaN,NaN,NaN,25,5,5,NaN,NaN,NaN,NaN
16:08:55,DECR,12.4,12.38,14.41,12.4,243,473,2.88,276.33,0,50,2,0.1,NaN,NaN,NaN,NaN,NaN,25,5,5,NaN,NaN,NaN,NaN
16:08:56,DECR,12.4,12.38,14.42,12.4,281,493,3.55,279.88,0,51,2,0.1,NaN,NaN,NaN,NaN,NaN,25,5,5,NaN,NaN,NaN,NaN
16:08:57,DECR,12.4,12.39,14.45,12.4,334,498,4.18,284.06,0,52,2,0.1,NaN,NaN,NaN,NaN,NaN,25,5,5,NaN,NaN,NaN,NaN
16:08:58,DECR,12.39,12.39,14.47,12.39,361,495,2.23,286.29,0,53,2,0.1,NaN,NaN,NaN,NaN,NaN,25,5,5,NaN,NaN,NaN,NaN
16:08:59,DECR,12.4,12.39,14.5,12.4,413,467,5.13,291.42,0,54,2,0.1,NaN,NaN,NaN,NaN,NaN,25,5,5,NaN,NaN,NaN,NaN
16:09:00,DECR,12.4,12.39,14.51,12.4,429,405,5.25,296.66,0,55,2,0.1,NaN,NaN,NaN,NaN,NaN,25,5,5,NaN,NaN,NaN,NaN
16:09:01,DECR,12.4,12.39,14.54,12.4,420,348,3.25,299.92,0,56,2,0.1,NaN,NaN,NaN,NaN,NaN,25,5,5,NaN,NaN,NaN,NaN
16:09:02,DECR,12.4,12.39,14.56,12.4,324,330,5.69,305.61,0,57,2,0.1,NaN,NaN,NaN,NaN,NaN,25,5,5,NaN,NaN,NaN,NaN
16:09:03,DECR,12.4,12.39,14.58,12.4,295,277,4.61,310.22,0,58,2,0.1,NaN,NaN,NaN,NaN,NaN,25,5,5,NaN,NaN,NaN,NaN
16:09:04,DECR,12.4,12.39,14.59,12.4,287,269,1.83,312.04,0,59,2,0.1,NaN,NaN,NaN,NaN,NaN,25,5,5,NaN,NaN,NaN,NaN
16:09:05,DECR,12.4,12.39,14.62,12.4,300,338,4.98,317.02,0,60,2,0.1,NaN,NaN,NaN,NaN,NaN,25,5,5,NaN,NaN,NaN,NaN
16:09:06,DECR,12.41,12.39,14.64,12.41,248,426,8.01,325.03,0,61,2,0.1,NaN,NaN,NaN,NaN,NaN,25,5,5,NaN,NaN,NaN,NaN
16:09:07,DECR,12.41,12.39,14.65,12.41,187,463,5.98,331.01,0,62,2,0.1,NaN,NaN,NaN,NaN,NaN,25,5,5,NaN,NaN,NaN,NaN
16:09:08,DECR,12.41,12.39,14.66,12.41,162,421,4.3,335.31,0,63,2,0.1,NaN,NaN,NaN,NaN,NaN,25,5,5,NaN,NaN,NaN,NaN
16:09:09,DECR,12.41,12.39,14.65,12.41,164,397,2.79,338.11,0,64,2,0.1,NaN,NaN,NaN,NaN,NaN,25,5,5,NaN,NaN,NaN,NaN
16:09:10,DECR,12.41,12.39,14.65,12.41,180,426,3.84,341.95,0,65,2,0.1,NaN,NaN,NaN,NaN,NaN,25,5,5,NaN,NaN,NaN,NaN
16:09:11,DECR,12.41,12.39,14.66,12.41,212,495,6.48,348.42,0,66,2,0.1,NaN,NaN,NaN,NaN,NaN,25,5,5,NaN,NaN,NaN,NaN
16:09:12,DECR,12.41,12.39,14.66,12.41,168,447,2.41,350.83,0,67,2,0.1,NaN,NaN,NaN,NaN,NaN,25,5,5,NaN,NaN,NaN,NaN
16:09:13,DECR,12.41,12.39,14.66,12.41,163,430,13.34,364.16,0,68,2,0.1,NaN,NaN,NaN,NaN,NaN,25,5,5,NaN,NaN,NaN,NaN
16:09:14,DECR,12.42,12.39,14.66,12.42,244,518,9.87,374.03,0,69,2,0.1,NaN,NaN,NaN,NaN,NaN,25,5,5,NaN,NaN,NaN,NaN
16:09:15,DECR,12.42,12.39,14.66,12.42,344,539,8.52,382.55,0,70,2,0.1,NaN,NaN,NaN,NaN,NaN,25,5,5,NaN,NaN,NaN,NaN
16:09:16,DECR,12.42,12.39,14.67,12.42,366,417,13.19,395.74,0,71,2,0.1,NaN,NaN,NaN,NaN,NaN,25,5,5,NaN,NaN,NaN,NaN
16:09:17,DECR,12.42,12.39,14.66,12.42,279,412,7.4,403.14,0,72,2,0.1,NaN,NaN,NaN,NaN,NaN,25,5,5,NaN,NaN,NaN,NaN
16:09:18,DECR,12.42,12.39,14.67,12.42,225,482,8.36,411.5,0,73,2,0.1,NaN,NaN,NaN,NaN,NaN,25,5,5,NaN,NaN,NaN,NaN
16:09:19,DECR,12.43,12.39,14.67,12.43,252,526,4.43,415.93,0,74,2,0.1,NaN,NaN,NaN,NaN,NaN,25,5,5,NaN,NaN,NaN,NaN
16:09:20,DECR,12.43,12.39,14.67,12.43,196,522,5.39,421.32,0,75,2,0.1,NaN,NaN,NaN,NaN,NaN,25,5,5,NaN,NaN,NaN,NaN
16:09:21,DECR,12.43,12.39,14.66,12.43,211,480,8.34,429.66,0,76,2,0.1,NaN,NaN,NaN,NaN,NaN,25,5,5,NaN,NaN,NaN,NaN
16:09:22,DECR,12.43,12.39,14.66,12.43,227,526,4.15,433.81,0,77,2,0.1,NaN,NaN,NaN,NaN,NaN,25,5,5,NaN,NaN,NaN,NaN
16:09:23,DECR,12.42,12.39,14.66,12.42,170,422,10.9,444.71,0,78,2,0.1,NaN,NaN,NaN,NaN,NaN,25,5,5,NaN,NaN,NaN,NaN
16:09:24,DECR,12.42,12.39,14.66,12.42,199,467,6.08,450.8,0,79,2,0.1,NaN,NaN,NaN,NaN,NaN,25,5,5,NaN,NaN,NaN,NaN
16:09:25,DECR,12.42,12.39,14.65,12.42,225,536,6.58,457.38,0,80,2,0.1,NaN,NaN,NaN,NaN,NaN,25,5,5,NaN,NaN,NaN,NaN
16:09:26,DECR,12.43,12.4,14.65,12.43,180,501,5.13,462.51,0,81,2,0.1,NaN,NaN,NaN,NaN,NaN,25,5,5,NaN,NaN,NaN,NaN
16:09:27,DECR,12.42,12.4,14.62,12.42,151,401,8.63,471.14,0,82,2,0.1,NaN,NaN,NaN,NaN,NaN,25,5,5,NaN,NaN,NaN,NaN
16:09:28,DECR,12.42,12.4,14.6,12.42,211,311,9.09,480.23,0,83,2,0.1,NaN,NaN,NaN,NaN,NaN,25,5,5,NaN,NaN,NaN,NaN
16:09:29,DECR,12.42,12.4,14.55,12.42,270,288,5.16,485.39,0,84,2,0.1,NaN,NaN,NaN,NaN,NaN,25,5,5,NaN,NaN,NaN,NaN
16:09:30,DECR,12.42,12.4,14.53,12.42,263,283,1.32,486.71,0,85,2,0.1,NaN,NaN,NaN,NaN,NaN,25,5,5,NaN,NaN,NaN,NaN
16:09:31,DECR,12.42,12.4,14.5,12.42,236,328,4.87,491.58,0,86,2,0.1,NaN,NaN,NaN,NaN,NaN,25,5,5,NaN,NaN,NaN,NaN
16:09:32,DECR,12.41,12.4,14.5,12.41,217,357,2.81,494.4,0,87,2,0.1,NaN,NaN,NaN,NaN,NaN,25,5,5,NaN,NaN,NaN,NaN
16:09:33,DECR,12.41,12.4,14.5,12.41,212,400,3.8,498.2,0,88,2,0.1,NaN,NaN,NaN,NaN,NaN,25,5,5,NaN,NaN,NaN,NaN
16:09:34,DECR,12.41,12.4,14.49,12.41,226,424,2.2,500.4,0,89,2,0.1,NaN,NaN,NaN,NaN,NaN,25,5,5,NaN,NaN,NaN,NaN
16:09:35,DECR,12.41,12.4,14.48,12.41,252,447,2.74,503.14,0,90,2,0.1,NaN,NaN,NaN,NaN,NaN,25,5,5,NaN,NaN,NaN,NaN
16:09:36,DECR,12.41,12.4,14.45,12.41,269,459,1.47,504.61,0,91,2,0.1,NaN,NaN,NaN,NaN,NaN,25,5,5,NaN,NaN,NaN,NaN
16:09:37,DECR,12.41,12.4,14.42,12.41,273,490,2.77,507.39,0,92,2,0.1,NaN,NaN,NaN,NaN,NaN,25,5,5,NaN,NaN,NaN,NaN
16:09:38,DECR,12.41,12.4,14.4,12.41,280,533,3.38,510.77,0,93,2,0.1,NaN,NaN,NaN,NaN,NaN,25,5,5,NaN,NaN,NaN,NaN
16:09:39,DECR,12.4,12.4,14.39,12.4,300,544,1.72,512.49,0,94,2,0.1,NaN,NaN,NaN,NaN,NaN,25,5,5,NaN,NaN,NaN,NaN
16:09:40,DECR,12.4,12.4,14.39,12.4,316,539,1.3,513.79,0,95,2,0.1,NaN,NaN,NaN,NaN,NaN,25,5,5,NaN,NaN,NaN,NaN
16:09:41,DECR,12.41,12.4,14.39,12.41,342,522,2.95,516.74,0,96,2,0.1,NaN,NaN,NaN,NaN,NaN,25,5,5,NaN,NaN,NaN,NaN
16:09:42,DECR,12.41,12.4,14.39,12.41,328,488,3.23,519.96,0,97,2,0.1,NaN,NaN,NaN,NaN,NaN,25,5,5,NaN,NaN,NaN,NaN
16:09:44,DECR,12.41,12.4,14.39,12.41,313,471,1.92,521.88,0,98,2,0.1,NaN,NaN,NaN,NaN,NaN,25,5,5,NaN,NaN,NaN,NaN
16:09:45,DECR,12.4,12.4,14.38,12.4,329,464,1.82,523.69,0,99,2,0.1,NaN,NaN,NaN,NaN,NaN,25,5,5,NaN,NaN,NaN,NaN
16:09:46,DECR,12.4,12.4,14.38,12.4,344,445,2.01,525.71,0,100,2,0.1,NaN,NaN,NaN,NaN,NaN,25,5,5,NaN,NaN,NaN,NaN
16:09:47,DECR,12.4,12.4,14.37,12.4,356,427,1.79,527.5,0,101,2,0.1,NaN,NaN,NaN,NaN,NaN,25,5,5,NaN,NaN,NaN,NaN
16:09:48,DECR,12.4,12.4,14.36,12.4,350,413,1.42,528.92,0,102,2,0.1,NaN,NaN,NaN,NaN,NaN,25,5,5,NaN,NaN,NaN,NaN
16:09:49,DECR,12.4,12.4,14.33,12.4,300,444,5.16,534.08,0,103,2,0.1,NaN,NaN,NaN,NaN,NaN,25,5,5,NaN,NaN,NaN,NaN
16:09:50,DECR,12.4,12.4,14.31,12.4,328,525,7.37,541.45,0,104,2,0.1,NaN,NaN,NaN,NaN,NaN,25,5,5,NaN,NaN,NaN,NaN
16:09:51,DECR,12.4,12.4,14.29,12.4,361,541,2.84,544.29,0,105,2,0.1,NaN,NaN,NaN,NaN,NaN,25,5,5,NaN,NaN,NaN,NaN
16:09:52,DECR,12.4,12.4,14.28,12.4,393,533,2.57,546.86,0,106,2,0.1,NaN,NaN,NaN,NaN,NaN,25,5,5,NaN,NaN,NaN,NaN
16:09:53,DECR,12.4,12.4,14.28,12.4,420,509,2.77,549.63,0,107,2,0.1,NaN,NaN,NaN,NaN,NaN,25,5,5,NaN,NaN,NaN,NaN
16:09:54,DECR,12.4,12.4,14.28,12.4,447,470,3.92,553.55,0,108,2,0.1,NaN,NaN,NaN,NaN,NaN,25,5,5,NaN,NaN,NaN,NaN
16:09:55,DECR,12.4,12.4,14.27,12.4,456,423,3.9,557.45,0,109,2,0.1,NaN,NaN,NaN,NaN,NaN,25,5,5,NaN,NaN,NaN,NaN
16:09:56,DECR,12.4,12.4,14.27,12.4,443,400,2.5,559.95,0,110,2,0.1,NaN,NaN,NaN,NaN,NaN,25,5,5,NaN,NaN,NaN,NaN
16:09:57,DECR,12.4,12.4,14.27,12.4,428,427,3.04,562.99,0,111,2,0.1,NaN,NaN,NaN,NaN,NaN,25,5,5,NaN,NaN,NaN,NaN
16:09:58,DECR,12.4,12.4,14.26,12.4,443,419,2.41,565.4,0,112,2,0.1,NaN,NaN,NaN,NaN,NaN,25,5,5,NaN,NaN,NaN,NaN
16:09:59,DECR,12.39,12.4,14.26,12.39,438,369,4.21,569.61,0,113,2,0.1,NaN,NaN,NaN,NaN,NaN,25,5,5,NaN,NaN,NaN,NaN
16:10:00,DECR,12.39,12.4,14.26,12.39,409,347,2.89,572.49,0,114,2,0.1,NaN,NaN,NaN,NaN,NaN,25,5,5,NaN,NaN,NaN,NaN
16:10:01,DECR,12.39,12.4,14.26,12.39,387,335,2.11,574.6,0,115,2,0.1,NaN,NaN,NaN,NaN,NaN,25,5,5,NaN,NaN,NaN,NaN
16:10:02,DECR,12.39,12.4,14.26,12.39,349,325,3.24,577.84,0,116,2,0.1,NaN,NaN,NaN,NaN,NaN,25,5,5,NaN,NaN,NaN,NaN
16:10:03,DECR,12.39,12.4,14.26,12.39,325,330,2.26,580.1,0,117,2,0.1,NaN,NaN,NaN,NaN,NaN,25,5,5,NaN,NaN,NaN,NaN
16:10:04,DECR,12.39,12.4,14.26,12.39,292,359,3.74,583.84,0,118,2,0.1,NaN,NaN,NaN,NaN,NaN,25,5,5,NaN,NaN,NaN,NaN
16:10:05,DECR,12.39,12.4,14.26,12.39,280,447,8.56,592.4,0,119,2,0.1,NaN,NaN,NaN,NaN,NaN,25,5,5,NaN,NaN,NaN,NaN
16:10:06,DECR,12.39,12.4,14.26,12.39,377,462,7,599.4,0,120,2,0.1,NaN,NaN,NaN,NaN,NaN,25,5,5,NaN,NaN,NaN,NaN
16:10:07,DECR,12.39,12.4,14.26,12.39,421,445,3.82,603.22,0,121,2,0.1,NaN,NaN,NaN,NaN,NaN,25,5,5,NaN,NaN,NaN,NaN
16:10:08,DECR,12.39,12.4,14.26,12.39,455,394,5.12,608.34,0,122,2,0.1,NaN,NaN,NaN,NaN,NaN,25,5,5,NaN,NaN,NaN,NaN
16:10:09,DECR,12.39,12.4,14.26,12.39,409,352,5.12,613.46,0,123,2,0.1,NaN,NaN,NaN,NaN,NaN,25,5,5,NaN,NaN,NaN,NaN
16:10:10,DECR,12.39,12.4,14.27,12.39,353,305,5.55,619.01,0,124,2,0.1,NaN,NaN,NaN,NaN,NaN,25,5,5,NaN,NaN,NaN,NaN
16:10:11,DECR,12.39,12.4,14.27,12.39,296,313,5.14,624.14,0,125,2,0.1,NaN,NaN,NaN,NaN,NaN,25,5,5,NaN,NaN,NaN,NaN
16:10:12,DECR,12.39,12.4,14.27,12.39,206,370,8.67,632.81,0,126,2,0.1,NaN,NaN,NaN,NaN,NaN,25,5,5,NaN,NaN,NaN,NaN
16:10:13,DECR,12.4,12.4,14.27,12.4,198,454,7.13,639.95,0,127,2,0.1,NaN,NaN,NaN,NaN,NaN,25,5,5,NaN,NaN,NaN,NaN
16:10:14,DECR,12.4,12.4,14.28,12.4,214,485,2.83,642.78,0,128,2,0.1,NaN,NaN,NaN,NaN,NaN,25,5,5,NaN,NaN,NaN,NaN
16:10:15,DECR,12.4,12.4,14.28,12.4,243,503,2.93,645.71,0,129,2,0.1,NaN,NaN,NaN,NaN,NaN,25,5,5,NaN,NaN,NaN,NaN
16:10:16,DECR,12.39,12.4,14.28,12.39,279,548,5.25,650.97,0,130,2,0.1,NaN,NaN,NaN,NaN,NaN,25,5,5,NaN,NaN,NaN,NaN
16:10:17,DECR,12.39,12.4,14.3,12.39,304,534,3.06,654.03,0,131,2,0.1,NaN,NaN,NaN,NaN,NaN,25,5,5,NaN,NaN,NaN,NaN
16:10:18,DECR,12.39,12.4,14.32,12.39,350,509,3.86,657.89,0,132,2,0.1,NaN,NaN,NaN,NaN,NaN,25,5,5,NaN,NaN,NaN,NaN
16:10:19,DECR,12.39,12.4,14.34,12.39,395,460,4.81,662.69,0,133,2,0.1,NaN,NaN,NaN,NaN,NaN,25,5,5,NaN,NaN,NaN,NaN
16:10:20,DECR,12.39,12.4,14.35,12.39,400,436,2.25,664.95,0,134,2,0.1,NaN,NaN,NaN,NaN,NaN,25,5,5,NaN,NaN,NaN,NaN
16:10:21,DECR,12.4,12.4,14.35,12.4,393,386,4.08,669.02,0,135,2,0.1,NaN,NaN,NaN,NaN,NaN,25,5,5,NaN,NaN,NaN,NaN
16:10:22,DECR,12.4,12.4,14.35,12.4,370,350,3.64,672.66,0,136,2,0.1,NaN,NaN,NaN,NaN,NaN,25,5,5,NaN,NaN,NaN,NaN
16:10:23,DECR,12.4,12.4,14.36,12.4,255,366,6.28,678.94,0,137,2,0.1,NaN,NaN,NaN,NaN,NaN,25,5,5,NaN,NaN,NaN,NaN
16:10:24,DECR,12.4,12.4,14.36,12.4,190,399,6.14,685.08,0,138,2,0.1,NaN,NaN,NaN,NaN,NaN,25,5,5,NaN,NaN,NaN,NaN
16:10:25,DECR,12.4,12.4,14.36,12.4,216,490,7.8,692.88,0,139,2,0.1,NaN,NaN,NaN,NaN,NaN,25,5,5,NaN,NaN,NaN,NaN
16:10:26,DECR,12.4,12.4,14.36,12.4,206,516,2.76,695.64,0,140,2,0.1,NaN,NaN,NaN,NaN,NaN,25,5,5,NaN,NaN,NaN,NaN
16:10:27,DECR,12.4,12.4,14.37,12.4,161,461,5.95,701.59,0,141,2,0.1,NaN,NaN,NaN,NaN,NaN,25,5,5,NaN,NaN,NaN,NaN
16:10:28,DECR,12.4,12.4,14.37,12.4,175,329,11.16,712.75,0,142,2,0.1,NaN,NaN,NaN,NaN,NaN,25,5,5,NaN,NaN,NaN,NaN
16:10:29,DECR,12.4,12.4,14.37,12.4,263,257,9.47,722.21,0,143,2,0.1,NaN,NaN,NaN,NaN,NaN,25,5,5,NaN,NaN,NaN,NaN
16:10:30,DECR,12.4,12.4,14.37,12.4,354,253,7.33,729.54,0,144,2,0.1,NaN,NaN,NaN,NaN,NaN,25,5,5,NaN,NaN,NaN,NaN
16:10:31,DECR,12.41,12.4,14.38,12.41,357,287,2.9,732.44,0,145,2,0.1,NaN,NaN,NaN,NaN,NaN,25,5,5,NaN,NaN,NaN,NaN
16:10:32,DECR,12.41,12.4,14.38,12.41,361,326,3.4,735.85,0,146,2,0.1,NaN,NaN,NaN,NaN,NaN,25,5,5,NaN,NaN,NaN,NaN
16:10:33,DECR,12.41,12.4,14.4,12.41,341,360,3.46,739.31,0,147,2,0.1,NaN,NaN,NaN,NaN,NaN,25,5,5,NaN,NaN,NaN,NaN
16:10:34,DECR,12.41,12.4,14.43,12.41,326,509,12.47,751.78,0,148,2,0.1,NaN,NaN,NaN,NaN,NaN,25,5,5,NaN,NaN,NaN,NaN
16:10:35,DECR,12.41,12.4,14.45,12.41,343,548,3.6,755.38,0,149,2,0.1,NaN,NaN,NaN,NaN,NaN,25,5,5,NaN,NaN,NaN,NaN
16:10:36,DECR,12.41,12.4,14.47,12.41,324,559,2.49,757.87,0,150,2,0.1,NaN,NaN,NaN,NaN,NaN,25,5,5,NaN,NaN,NaN,NaN
16:10:37,DECR,12.42,12.4,14.47,12.42,232,527,8.19,766.05,0,151,2,0.1,NaN,NaN,NaN,NaN,NaN,25,5,5,NaN,NaN,NaN,NaN
16:10:38,DECR,12.42,12.4,14.47,12.42,161,420,9.85,775.9,0,152,2,0.1,NaN,NaN,NaN,NaN,NaN,25,5,5,NaN,NaN,NaN,NaN
16:10:39,DECR,12.43,12.4,14.47,12.43,192,304,10.12,786.02,0,153,2,0.1,NaN,NaN,NaN,NaN,NaN,25,5,5,NaN,NaN,NaN,NaN
16:10:40,DECR,12.43,12.4,14.48,12.43,295,249,9.87,795.89,0,154,2,0.1,NaN,NaN,NaN,NaN,NaN,25,5,5,NaN,NaN,NaN,NaN
16:10:42,DECR,12.43,12.4,14.48,12.43,337,258,3.61,799.5,0,155,2,0.1,NaN,NaN,NaN,NaN,NaN,25,5,5,NaN,NaN,NaN,NaN
16:10:43,DECR,12.43,12.4,14.48,12.43,348,355,8.02,807.52,0,156,2,0.1,NaN,NaN,NaN,NaN,NaN,25,5,5,NaN,NaN,NaN,NaN
16:10:44,DECR,12.43,12.4,14.48,12.43,302,441,7.98,815.5,0,157,2,0.1,NaN,NaN,NaN,NaN,NaN,25,5,5,NaN,NaN,NaN,NaN
16:10:45,DECR,12.43,12.4,14.49,12.43,240,522,8,823.5,0,158,2,0.1,NaN,NaN,NaN,NaN,NaN,25,5,5,NaN,NaN,NaN,NaN
16:10:46,DECR,12.43,12.4,14.49,12.43,236,529,0.99,824.48,0,159,2,0.1,NaN,NaN,NaN,NaN,NaN,25,5,5,NaN,NaN,NaN,NaN
16:10:47,DECR,12.43,12.4,14.49,12.43,237,498,5.08,829.56,0,160,2,0.1,NaN,NaN,NaN,NaN,NaN,25,5,5,NaN,NaN,NaN,NaN
16:10:48,DECR,12.43,12.4,14.5,12.43,230,524,2.67,832.22,0,161,2,0.1,NaN,NaN,NaN,NaN,NaN,25,5,5,NaN,NaN,NaN,NaN
16:10:49,DECR,12.43,12.4,14.5,12.43,182,482,11.2,843.43,0,162,2,0.1,NaN,NaN,NaN,NaN,NaN,25,5,5,NaN,NaN,NaN,NaN
16:10:50,DECR,12.46,12.4,14.51,12.46,177,395,15.05,858.48,0,163,2,0.1,NaN,NaN,NaN,NaN,NaN,25,5,5,NaN,NaN,NaN,NaN
16:10:51,DECR,12.49,12.4,14.53,12.49,180,455,3.48,861.96,0,164,2,0.1,NaN,NaN,NaN,NaN,NaN,25,5,5,NaN,NaN,NaN,NaN
16:10:52,DECR,12.51,12.4,14.55,12.51,205,519,9.53,871.48,0,165,2,0.1,NaN,NaN,NaN,NaN,NaN,25,5,5,NaN,NaN,NaN,NaN
16:10:53,DECR,12.51,12.4,14.57,12.51,165,447,7.18,878.67,0,166,2,0.1,NaN,NaN,NaN,NaN,NaN,25,5,5,NaN,NaN,NaN,NaN
16:10:54,DECR,12.51,12.4,14.57,12.51,169,343,7.93,886.6,0,167,2,0.1,NaN,NaN,NaN,NaN,NaN,25,5,5,NaN,NaN,NaN,NaN
16:10:55,DECR,12.51,12.4,14.57,12.51,226,312,5.76,892.35,0,168,2,0.1,NaN,NaN,NaN,NaN,NaN,25,5,5,NaN,NaN,NaN,NaN
16:10:56,DECR,12.51,12.4,14.57,12.51,301,352,6.37,898.73,0,169,2,0.1,NaN,NaN,NaN,NaN,NaN,25,5,5,NaN,NaN,NaN,NaN
16:10:57,DECR,12.51,12.4,14.57,12.51,300,420,5.89,904.62,0,170,2,0.1,NaN,NaN,NaN,NaN,NaN,25,5,5,NaN,NaN,NaN,NaN
16:10:58,DECR,12.51,12.4,14.57,12.51,254,499,7.24,911.86,0,171,2,0.1,NaN,NaN,NaN,NaN,NaN,25,5,5,NaN,NaN,NaN,NaN
16:10:59,DECR,12.52,12.4,14.56,12.52,257,530,3.41,915.26,0,172,2,0.1,NaN,NaN,NaN,NaN,NaN,25,5,5,NaN,NaN,NaN,NaN
16:11:00,DECR,12.52,12.4,14.56,12.52,184,474,9.05,924.32,0,173,2,0.1,NaN,NaN,NaN,NaN,NaN,25,5,5,NaN,NaN,NaN,NaN
16:11:01,DECR,12.52,12.4,14.56,12.52,151,422,14.87,939.19,0,174,2,0.1,NaN,NaN,NaN,NaN,NaN,25,5,5,NaN,NaN,NaN,NaN
16:11:02,DECR,12.52,12.4,14.56,12.52,161,378,4.19,943.38,0,175,2,0.1,NaN,NaN,NaN,NaN,NaN,25,5,5,NaN,NaN,NaN,NaN
16:11:03,DECR,12.52,12.4,14.56,12.52,199,336,6.17,949.55,0,176,2,0.1,NaN,NaN,NaN,NaN,NaN,25,5,5,NaN,NaN,NaN,NaN
16:11:04,DECR,12.52,12.4,14.57,12.52,194,389,4.14,953.69,0,177,2,0.1,NaN,NaN,NaN,NaN,NaN,25,5,5,NaN,NaN,NaN,NaN
16:11:05,DECR,12.52,12.4,14.56,12.52,186,433,3.87,957.56,0,178,2,0.1,NaN,NaN,NaN,NaN,NaN,25,5,5,NaN,NaN,NaN,NaN
16:11:06,DECR,12.52,12.4,14.56,12.52,216,490,5.49,963.04,0,179,2,0.1,NaN,NaN,NaN,NaN,NaN,25,5,5,NaN,NaN,NaN,NaN
16:11:07,DECR,12.52,12.4,14.55,12.52,244,516,3.94,966.98,0,180,2,0.1,NaN,NaN,NaN,NaN,NaN,25,5,5,NaN,NaN,NaN,NaN
16:11:08,DECR,12.52,12.4,14.56,12.52,217,506,6.82,973.8,0,181,2,0.1,NaN,NaN,NaN,NaN,NaN,25,5,5,NaN,NaN,NaN,NaN
16:11:09,DECR,12.52,12.4,14.56,12.52,173,382,13.2,987,0,182,2,0.1,NaN,NaN,NaN,NaN,NaN,25,5,5,NaN,NaN,NaN,NaN
16:11:10,DECR,12.52,12.4,14.56,12.52,184,459,8.39,995.39,0,183,2,0.1,NaN,NaN,NaN,NaN,NaN,25,5,5,NaN,NaN,NaN,NaN
16:11:11,DECR,12.52,12.4,14.55,12.52,218,494,7.43,1002.82,0,184,2,0.1,NaN,NaN,NaN,NaN,NaN,25,5,5,NaN,NaN,NaN,NaN
16:11:12,DECR,12.52,12.4,14.54,12.52,183,376,13.11,1015.94,0,185,2,0.1,NaN,NaN,NaN,NaN,NaN,25,5,5,NaN,NaN,NaN,NaN
16:11:13,DECR,12.51,12.4,14.54,12.51,216,510,14.39,1030.32,0,186,2,0.1,NaN,NaN,NaN,NaN,NaN,25,5,5,NaN,NaN,NaN,NaN
16:11:14,DECR,12.51,12.4,14.53,12.51,192,504,5.98,1036.31,0,187,2,0.1,NaN,NaN,NaN,NaN,NaN,25,5,5,NaN,NaN,NaN,NaN
16:11:15,DECR,12.51,12.4,14.51,12.51,164,383,10.56,1046.87,0,188,2,0.1,NaN,NaN,NaN,NaN,NaN,25,5,5,NaN,NaN,NaN,NaN
16:11:16,DECR,12.51,12.4,14.49,12.51,196,330,5.43,1052.3,0,189,2,0.1,NaN,NaN,NaN,NaN,NaN,25,5,5,NaN,NaN,NaN,NaN
16:11:17,DECR,12.51,12.4,14.46,12.51,209,336,3.32,1055.62,0,190,2,0.1,NaN,NaN,NaN,NaN,NaN,25,5,5,NaN,NaN,NaN,NaN
16:11:18,DECR,12.51,12.4,14.45,12.51,196,356,2.82,1058.44,0,191,2,0.1,NaN,NaN,NaN,NaN,NaN,25,5,5,NaN,NaN,NaN,NaN
16:11:19,DECR,12.51,12.4,14.46,12.51,194,392,3.04,1061.48,0,192,2,0.1,NaN,NaN,NaN,NaN,NaN,25,5,5,NaN,NaN,NaN,NaN
16:11:20,DECR,12.51,12.4,14.45,12.51,199,429,3.06,1064.53,0,193,2,0.1,NaN,NaN,NaN,NaN,NaN,25,5,5,NaN,NaN,NaN,NaN
16:11:21,DECR,12.51,12.4,14.45,12.51,217,466,3.38,1067.92,0,194,2,0.1,NaN,NaN,NaN,NaN,NaN,25,5,5,NaN,NaN,NaN,NaN
16:11:22,DECR,12.51,12.4,14.44,12.51,241,485,2.5,1070.42,0,195,2,0.1,NaN,NaN,NaN,NaN,NaN,25,5,5,NaN,NaN,NaN,NaN
16:11:23,DECR,12.51,12.4,14.44,12.51,271,490,2.45,1072.87,0,196,2,0.1,NaN,NaN,NaN,NaN,NaN,25,5,5,NaN,NaN,NaN,NaN
16:11:24,DECR,12.51,12.4,14.43,12.51,294,479,2.12,1074.99,0,197,2,0.1,NaN,NaN,NaN,NaN,NaN,25,5,5,NaN,NaN,NaN,NaN
16:11:25,DECR,12.51,12.4,14.43,12.51,302,481,0.74,1075.73,0,198,2,0.1,NaN,NaN,NaN,NaN,NaN,25,5,5,NaN,NaN,NaN,NaN
16:11:26,DECR,12.51,12.4,14.43,12.51,296,491,0.39,1076.12,0,199,2,0.1,NaN,NaN,NaN,NaN,NaN,25,5,5,NaN,NaN,NaN,NaN
16:11:27,DECR,12.5,12.4,14.43,12.5,295,520,2.03,1078.14,0,200,2,0.1,NaN,NaN,NaN,NaN,NaN,25,5,5,NaN,NaN,NaN,NaN
16:11:28,DECR,12.5,12.4,14.43,12.5,317,536,2.35,1080.5,0,201,2,0.1,NaN,NaN,NaN,NaN,NaN,25,5,5,NaN,NaN,NaN,NaN
16:11:29,DECR,12.5,12.4,14.43,12.5,327,539,1.15,1081.65,0,202,2,0.1,NaN,NaN,NaN,NaN,NaN,25,5,5,NaN,NaN,NaN,NaN
16:11:30,DECR,12.5,12.4,14.44,12.5,342,530,0.85,1082.49,0,203,2,0.1,NaN,NaN,NaN,NaN,NaN,25,5,5,NaN,NaN,NaN,NaN
16:11:31,DECR,12.5,12.4,14.44,12.5,350,529,0.71,1083.2,0,204,2,0.1,NaN,NaN,NaN,NaN,NaN,25,5,5,NaN,NaN,NaN,NaN
16:11:32,DECR,12.5,12.4,14.43,12.5,374,533,1.95,1085.15,0,205,2,0.1,NaN,NaN,NaN,NaN,NaN,25,5,5,NaN,NaN,NaN,NaN
16:11:33,DECR,12.5,12.4,14.44,12.5,396,528,1.88,1087.03,0,206,2,0.1,NaN,NaN,NaN,NaN,NaN,25,5,5,NaN,NaN,NaN,NaN
16:11:34,DECR,12.5,12.4,14.44,12.5,394,521,0.49,1087.52,0,207,2,0.1,NaN,NaN,NaN,NaN,NaN,25,5,5,NaN,NaN,NaN,NaN
16:11:35,DECR,12.5,12.4,14.44,12.5,389,507,1.22,1088.74,0,208,2,0.1,NaN,NaN,NaN,NaN,NaN,25,5,5,NaN,NaN,NaN,NaN
16:11:36,DECR,12.5,12.4,14.45,12.5,384,495,1.11,1089.85,0,209,2,0.1,NaN,NaN,NaN,NaN,NaN,25,5,5,NaN,NaN,NaN,NaN
16:11:37,DECR,12.5,12.4,14.47,12.5,379,474,1.79,1091.64,0,210,2,0.1,NaN,NaN,NaN,NaN,NaN,25,5,5,NaN,NaN,NaN,NaN
16:11:38,DECR,12.49,12.4,14.49,12.49,370,463,1.03,1092.67,0,211,2,0.1,NaN,NaN,NaN,NaN,NaN,25,5,5,NaN,NaN,NaN,NaN
16:11:39,DECR,12.49,12.4,14.5,12.49,359,449,1.43,1094.1,0,212,2,0.1,NaN,NaN,NaN,NaN,NaN,25,5,5,NaN,NaN,NaN,NaN
16:11:40,DECR,12.5,12.4,14.51,12.5,329,437,2.54,1096.64,0,213,2,0.1,NaN,NaN,NaN,NaN,NaN,25,5,5,NaN,NaN,NaN,NaN
16:11:41,DECR,12.5,12.4,14.51,12.5,303,452,1.94,1098.58,0,214,2,0.1,NaN,NaN,NaN,NaN,NaN,25,5,5,NaN,NaN,NaN,NaN
16:11:42,DECR,12.5,12.4,14.51,12.5,268,467,3.06,1101.63,0,215,2,0.1,NaN,NaN,NaN,NaN,NaN,25,5,5,NaN,NaN,NaN,NaN
16:11:43,DECR,12.5,12.4,14.51,12.5,233,482,1.81,1103.44,0,216,2,0.1,NaN,NaN,NaN,NaN,NaN,25,5,5,NaN,NaN,NaN,NaN
16:11:45,DECR,12.5,12.41,14.51,12.5,221,485,1.18,1104.62,0,217,2,0.1,NaN,NaN,NaN,NaN,NaN,25,5,5,NaN,NaN,NaN,NaN
16:11:46,DECR,12.5,12.41,14.52,12.5,205,480,1.69,1106.31,0,218,2,0.1,NaN,NaN,NaN,NaN,NaN,25,5,5,NaN,NaN,NaN,NaN
16:11:47,DECR,12.5,12.41,14.52,12.5,198,468,1.09,1107.4,0,219,2,0.1,NaN,NaN,NaN,NaN,NaN,25,5,5,NaN,NaN,NaN,NaN
16:11:48,DECR,12.5,12.41,14.52,12.5,190,464,0.63,1108.03,0,220,2,0.1,NaN,NaN,NaN,NaN,NaN,25,5,5,NaN,NaN,NaN,NaN
16:11:49,DECR,12.5,12.41,14.52,12.5,205,478,2.67,1110.7,0,221,2,0.1,NaN,NaN,NaN,NaN,NaN,25,5,5,NaN,NaN,NaN,NaN
16:11:50,DECR,12.51,12.41,14.55,12.51,213,481,1.35,1112.05,0,222,2,0.1,NaN,NaN,NaN,NaN,NaN,25,5,5,NaN,NaN,NaN,NaN
16:11:51,DECR,12.51,12.41,14.58,12.51,204,470,0.9,1112.95,0,223,2,0.1,NaN,NaN,NaN,NaN,NaN,25,5,5,NaN,NaN,NaN,NaN
16:11:52,DECR,12.52,12.41,14.6,12.52,199,462,0.61,1113.56,0,224,2,0.1,NaN,NaN,NaN,NaN,NaN,25,5,5,NaN,NaN,NaN,NaN
16:11:53,DECR,12.52,12.41,14.62,12.52,190,449,1.23,1114.79,0,225,2,0.1,NaN,NaN,NaN,NaN,NaN,25,5,5,NaN,NaN,NaN,NaN
16:11:54,DECR,12.52,12.41,14.62,12.52,196,441,0.87,1115.66,0,226,2,0.1,NaN,NaN,NaN,NaN,NaN,25,5,5,NaN,NaN,NaN,NaN
16:11:55,DECR,12.52,12.41,14.62,12.52,187,431,1.72,1117.38,0,227,2,0.1,NaN,NaN,NaN,NaN,NaN,25,5,5,NaN,NaN,NaN,NaN
16:11:56,DECR,12.52,12.41,14.61,12.52,178,421,1.43,1118.81,0,228,2,0.1,NaN,NaN,NaN,NaN,NaN,25,5,5,NaN,NaN,NaN,NaN
16:11:57,DECR,12.52,12.41,14.63,12.52,179,404,1.42,1120.23,0,229,2,0.1,NaN,NaN,NaN,NaN,NaN,25,5,5,NaN,NaN,NaN,NaN
16:11:58,DECR,12.52,12.41,14.66,12.52,190,382,1.97,1122.2,0,230,2,0.1,NaN,NaN,NaN,NaN,NaN,25,5,5,NaN,NaN,NaN,NaN
16:11:59,DECR,12.53,12.41,14.69,12.53,186,369,1.05,1123.25,0,231,2,0.1,NaN,NaN,NaN,NaN,NaN,25,5,5,NaN,NaN,NaN,NaN
16:12:00,DECR,12.53,12.41,14.7,12.53,175,370,0.85,1124.1,0,232,2,0.1,NaN,NaN,NaN,NaN,NaN,25,5,5,NaN,NaN,NaN,NaN
16:12:01,DECR,12.53,12.41,14.7,12.53,175,396,1.74,1125.84,0,233,2,0.1,NaN,NaN,NaN,NaN,NaN,25,5,5,NaN,NaN,NaN,NaN
16:12:02,DECR,12.53,12.41,14.7,12.53,196,419,2.66,1128.5,0,234,2,0.1,NaN,NaN,NaN,NaN,NaN,25,5,5,NaN,NaN,NaN,NaN
16:12:03,DECR,12.54,12.41,14.7,12.54,214,450,2.91,1131.41,0,235,2,0.1,NaN,NaN,NaN,NaN,NaN,25,5,5,NaN,NaN,NaN,NaN
16:12:04,DECR,12.54,12.41,14.7,12.54,230,472,2.06,1133.46,0,236,2,0.1,NaN,NaN,NaN,NaN,NaN,25,5,5,NaN,NaN,NaN,NaN
16:12:05,DECR,12.54,12.41,14.7,12.54,246,483,1.56,1135.03,0,237,2,0.1,NaN,NaN,NaN,NaN,NaN,25,5,5,NaN,NaN,NaN,NaN
16:12:06,DECR,12.54,12.41,14.71,12.54,269,493,1.68,1136.71,0,238,2,0.1,NaN,NaN,NaN,NaN,NaN,25,5,5,NaN,NaN,NaN,NaN
16:12:07,DECR,12.54,12.41,14.71,12.54,287,494,1.51,1138.21,0,239,2,0.1,NaN,NaN,NaN,NaN,NaN,25,5,5,NaN,NaN,NaN,NaN
16:12:08,DECR,12.54,12.41,14.71,12.54,307,493,1.47,1139.68,0,240,2,0.1,NaN,NaN,NaN,NaN,NaN,25,5,5,NaN,NaN,NaN,NaN
16:12:09,DECR,12.54,12.41,14.71,12.54,322,485,1.43,1141.12,0,241,2,0.1,NaN,NaN,NaN,NaN,NaN,25,5,5,NaN,NaN,NaN,NaN
16:12:10,DECR,12.54,12.41,14.72,12.54,324,475,0.82,1141.94,0,242,2,0.1,NaN,NaN,NaN,NaN,NaN,25,5,5,NaN,NaN,NaN,NaN
16:12:11,DECR,12.54,12.41,14.71,12.54,302,473,1.91,1143.84,0,243,2,0.1,NaN,NaN,NaN,NaN,NaN,25,5,5,NaN,NaN,NaN,NaN
16:12:12,DECR,12.55,12.41,14.71,12.55,266,510,4.25,1148.09,0,244,2,0.1,NaN,NaN,NaN,NaN,NaN,25,5,5,NaN,NaN,NaN,NaN
16:12:13,DECR,12.55,12.41,14.71,12.55,235,505,2.73,1150.83,0,245,2,0.1,NaN,NaN,NaN,NaN,NaN,25,5,5,NaN,NaN,NaN,NaN
16:12:14,DECR,12.55,12.41,14.72,12.55,220,488,1.82,1152.65,0,246,2,0.1,NaN,NaN,NaN,NaN,NaN,25,5,5,NaN,NaN,NaN,NaN
16:12:15,DECR,12.55,12.41,14.71,12.55,212,499,2.38,1155.03,0,247,2,0.1,NaN,NaN,NaN,NaN,NaN,25,5,5,NaN,NaN,NaN,NaN
16:12:16,DECR,12.56,12.41,14.71,12.56,232,507,1.82,1156.85,0,248,2,0.1,NaN,NaN,NaN,NaN,NaN,25,5,5,NaN,NaN,NaN,NaN
16:12:17,DECR,12.56,12.41,14.71,12.56,267,520,2.82,1159.67,0,249,2,0.1,NaN,NaN,NaN,NaN,NaN,25,5,5,NaN,NaN,NaN,NaN
16:12:18,DECR,12.56,12.41,14.72,12.56,294,523,2.19,1161.86,0,250,2,0.1,NaN,NaN,NaN,NaN,NaN,25,5,5,NaN,NaN,NaN,NaN
16:12:19,DECR,12.56,12.41,14.72,12.56,324,521,2.29,1164.15,0,251,2,0.1,NaN,NaN,NaN,NaN,NaN,25,5,5,NaN,NaN,NaN,NaN
16:12:20,DECR,12.56,12.41,14.71,12.56,318,509,1.99,1166.13,0,252,2,0.1,NaN,NaN,NaN,NaN,NaN,25,5,5,NaN,NaN,NaN,NaN
16:12:21,DECR,12.56,12.41,14.71,12.56,290,504,2.5,1168.64,0,253,2,0.1,NaN,NaN,NaN,NaN,NaN,25,5,5,NaN,NaN,NaN,NaN
16:12:22,DECR,12.56,12.41,14.7,12.56,275,517,1.55,1170.19,0,254,2,0.1,NaN,NaN,NaN,NaN,NaN,25,5,5,NaN,NaN,NaN,NaN
16:12:23,DECR,12.57,12.41,14.7,12.57,261,528,1.5,1171.7,0,255,2,0.1,NaN,NaN,NaN,NaN,NaN,25,5,5,NaN,NaN,NaN,NaN
16:12:24,DECR,12.57,12.41,14.67,12.57,277,542,1.94,1173.63,0,256,2,0.1,NaN,NaN,NaN,NaN,NaN,25,5,5,NaN,NaN,NaN,NaN
16:12:25,DECR,12.57,12.41,14.65,12.57,310,533,3.3,1176.93,0,257,2,0.1,NaN,NaN,NaN,NaN,NaN,25,5,5,NaN,NaN,NaN,NaN
16:12:26,DECR,12.57,12.41,14.62,12.57,328,525,1.68,1178.61,0,258,2,0.1,NaN,NaN,NaN,NaN,NaN,25,5,5,NaN,NaN,NaN,NaN
16:12:27,DECR,12.57,12.41,14.62,12.57,358,518,2.56,1181.16,0,259,2,0.1,NaN,NaN,NaN,NaN,NaN,25,5,5,NaN,NaN,NaN,NaN
16:12:28,DECR,12.57,12.41,14.62,12.57,382,503,2.45,1183.61,0,260,2,0.1,NaN,NaN,NaN,NaN,NaN,25,5,5,NaN,NaN,NaN,NaN
16:12:29,DECR,12.56,12.41,14.61,12.56,411,473,2.89,1186.5,0,261,2,0.1,NaN,NaN,NaN,NaN,NaN,25,5,5,NaN,NaN,NaN,NaN
16:12:30,DECR,12.56,12.41,14.61,12.56,423,439,2.99,1189.49,0,262,2,0.1,NaN,NaN,NaN,NaN,NaN,25,5,5,NaN,NaN,NaN,NaN
16:12:31,DECR,12.56,12.41,14.58,12.56,416,424,1.55,1191.04,0,263,2,0.1,NaN,NaN,NaN,NaN,NaN,25,5,5,NaN,NaN,NaN,NaN
16:12:32,DECR,12.57,12.42,14.55,12.57,430,390,2.92,1193.96,0,264,2,0.1,NaN,NaN,NaN,NaN,NaN,25,5,5,NaN,NaN,NaN,NaN
16:12:33,DECR,12.57,12.42,14.53,12.57,424,367,1.98,1195.94,0,265,2,0.1,NaN,NaN,NaN,NaN,NaN,25,5,5,NaN,NaN,NaN,NaN
16:12:34,DECR,12.57,12.42,14.52,12.57,423,343,1.45,1197.39,0,266,2,0.1,NaN,NaN,NaN,NaN,NaN,25,5,5,NaN,NaN,NaN,NaN
16:12:35,DECR,12.56,12.42,14.49,12.56,399,315,2.55,1199.94,0,267,2,0.1,NaN,NaN,NaN,NaN,NaN,25,5,5,NaN,NaN,NaN,NaN
16:12:36,DECR,12.56,12.42,14.47,12.56,371,312,2.32,1202.27,0,268,2,0.1,NaN,NaN,NaN,NaN,NaN,25,5,5,NaN,NaN,NaN,NaN
16:12:37,DECR,12.56,12.42,14.44,12.56,337,305,2.24,1204.51,0,269,2,0.1,NaN,NaN,NaN,NaN,NaN,25,5,5,NaN,NaN,NaN,NaN
16:12:38,DECR,12.56,12.42,14.43,12.56,302,316,3.63,1208.14,0,270,2,0.1,NaN,NaN,NaN,NaN,NaN,25,5,5,NaN,NaN,NaN,NaN
16:12:39,DECR,12.57,12.42,14.43,12.57,266,383,5.68,1213.82,0,271,2,0.1,NaN,NaN,NaN,NaN,NaN,25,5,5,NaN,NaN,NaN,NaN
16:12:40,DECR,12.56,12.42,14.43,12.56,215,464,7.79,1221.6,0,272,2,0.1,NaN,NaN,NaN,NaN,NaN,25,5,5,NaN,NaN,NaN,NaN
16:12:41,DECR,12.57,12.42,14.42,12.57,241,505,3.58,1225.19,0,273,2,0.1,NaN,NaN,NaN,NaN,NaN,25,5,5,NaN,NaN,NaN,NaN
16:12:42,DECR,12.57,12.42,14.39,12.57,259,525,2.18,1227.37,0,274,2,0.1,NaN,NaN,NaN,NaN,NaN,25,5,5,NaN,NaN,NaN,NaN
16:12:43,DECR,12.57,12.42,14.36,12.57,238,516,1.92,1229.29,0,275,2,0.1,NaN,NaN,NaN,NaN,NaN,25,5,5,NaN,NaN,NaN,NaN
16:12:44,DECR,12.56,12.42,14.34,12.56,211,502,2.51,1231.8,0,276,2,0.1,NaN,NaN,NaN,NaN,NaN,25,5,5,NaN,NaN,NaN,NaN
16:12:46,DECR,12.56,12.42,14.34,12.56,187,489,2.3,1234.1,0,277,2,0.1,NaN,NaN,NaN,NaN,NaN,25,5,5,NaN,NaN,NaN,NaN
16:12:47,DECR,12.56,12.42,14.33,12.56,216,502,2.64,1236.74,0,278,2,0.1,NaN,NaN,NaN,NaN,NaN,25,5,5,NaN,NaN,NaN,NaN
16:12:48,DECR,12.56,12.42,14.33,12.56,237,495,2.63,1239.37,0,279,2,0.1,NaN,NaN,NaN,NaN,NaN,25,5,5,NaN,NaN,NaN,NaN
16:12:49,DECR,12.56,12.42,14.33,12.56,263,512,2.87,1242.25,0,280,2,0.1,NaN,NaN,NaN,NaN,NaN,25,5,5,NaN,NaN,NaN,NaN
16:12:50,DECR,12.56,12.42,14.33,12.56,291,526,2.74,1244.99,0,281,2,0.1,NaN,NaN,NaN,NaN,NaN,25,5,5,NaN,NaN,NaN,NaN
16:12:51,DECR,12.56,12.42,14.33,12.56,345,525,4.47,1249.46,0,282,2,0.1,NaN,NaN,NaN,NaN,NaN,25,5,5,NaN,NaN,NaN,NaN
16:12:52,DECR,12.56,12.42,14.33,12.56,373,526,2.41,1251.88,0,283,2,0.1,NaN,NaN,NaN,NaN,NaN,25,5,5,NaN,NaN,NaN,NaN
16:12:53,DECR,12.56,12.42,14.33,12.56,394,521,2.61,1254.48,0,284,2,0.1,NaN,NaN,NaN,NaN,NaN,25,5,5,NaN,NaN,NaN,NaN
16:12:54,DECR,12.56,12.42,14.33,12.56,406,491,3.55,1258.03,0,285,2,0.1,NaN,NaN,NaN,NaN,NaN,25,5,5,NaN,NaN,NaN,NaN
16:12:55,DECR,12.56,12.42,14.34,12.56,429,453,3.61,1261.64,0,286,2,0.1,NaN,NaN,NaN,NaN,NaN,25,5,5,NaN,NaN,NaN,NaN
16:12:56,DECR,12.56,12.42,14.34,12.56,429,401,4.32,1265.96,0,287,2,0.1,NaN,NaN,NaN,NaN,NaN,25,5,5,NaN,NaN,NaN,NaN
16:12:57,DECR,12.56,12.42,14.34,12.56,438,369,2.7,1268.66,0,288,2,0.1,NaN,NaN,NaN,NaN,NaN,25,5,5,NaN,NaN,NaN,NaN
16:12:58,DECR,12.56,12.42,14.34,12.56,455,358,1.63,1270.29,0,289,2,0.1,NaN,NaN,NaN,NaN,NaN,25,5,5,NaN,NaN,NaN,NaN
16:12:59,DECR,12.56,12.42,14.34,12.56,464,376,1.66,1271.95,0,290,2,0.1,NaN,NaN,NaN,NaN,NaN,25,5,5,NaN,NaN,NaN,NaN
16:13:00,DECR,12.55,12.42,14.33,12.55,455,386,1.63,1273.58,0,291,2,0.1,NaN,NaN,NaN,NaN,NaN,25,5,5,NaN,NaN,NaN,NaN
16:13:01,DECR,12.56,12.42,14.34,12.56,414,437,5.4,1278.98,0,292,2,0.1,NaN,NaN,NaN,NaN,NaN,25,5,5,NaN,NaN,NaN,NaN
16:13:02,DECR,12.56,12.42,14.34,12.56,372,520,7.56,1286.54,0,293,2,0.1,NaN,NaN,NaN,NaN,NaN,25,5,5,NaN,NaN,NaN,NaN
16:13:03,DECR,12.56,12.42,14.34,12.56,333,558,4.43,1290.96,0,294,2,0.1,NaN,NaN,NaN,NaN,NaN,25,5,5,NaN,NaN,NaN,NaN
16:13:04,DECR,12.56,12.43,14.35,12.56,288,563,3.75,1294.71,0,295,2,0.1,NaN,NaN,NaN,NaN,NaN,25,5,5,NaN,NaN,NaN,NaN
16:13:05,DECR,12.56,12.43,14.35,12.56,205,524,7.59,1302.3,0,296,2,0.1,NaN,NaN,NaN,NaN,NaN,25,5,5,NaN,NaN,NaN,NaN
16:13:06,DECR,12.56,12.43,14.35,12.56,155,420,9.61,1311.91,0,297,2,0.1,NaN,NaN,NaN,NaN,NaN,25,5,5,NaN,NaN,NaN,NaN
16:13:07,DECR,12.56,12.43,14.36,12.56,180,321,8.51,1320.42,0,298,2,0.1,NaN,NaN,NaN,NaN,NaN,25,5,5,NaN,NaN,NaN,NaN
16:13:08,DECR,12.56,12.43,14.36,12.56,299,256,11.37,1331.79,0,299,2,0.1,NaN,NaN,NaN,NaN,NaN,25,5,5,NaN,NaN,NaN,NaN
16:13:09,DECR,12.56,12.43,14.36,12.56,379,319,8.34,1340.13,0,300,2,0.1,NaN,NaN,NaN,NaN,NaN,25,5,5,NaN,NaN,NaN,NaN
16:13:10,DECR,12.56,12.43,14.36,12.56,412,360,4.21,1344.34,0,301,2,0.1,NaN,NaN,NaN,NaN,NaN,25,5,5,NaN,NaN,NaN,NaN
16:13:11,DECR,12.56,12.43,14.36,12.56,428,362,1.4,1345.74,0,302,2,0.1,NaN,NaN,NaN,NaN,NaN,25,5,5,NaN,NaN,NaN,NaN
16:13:12,DECR,12.55,12.43,14.36,12.55,421,337,2,1347.74,0,303,2,0.1,NaN,NaN,NaN,NaN,NaN,25,5,5,NaN,NaN,NaN,NaN
16:13:13,DECR,12.56,12.43,14.37,12.56,410,330,1.06,1348.8,0,304,2,0.1,NaN,NaN,NaN,NaN,NaN,25,5,5,NaN,NaN,NaN,NaN
16:13:14,DECR,12.56,12.43,14.37,12.56,383,324,2.31,1351.11,0,305,2,0.1,NaN,NaN,NaN,NaN,NaN,25,5,5,NaN,NaN,NaN,NaN
16:13:15,DECR,12.56,12.43,14.38,12.56,352,334,2.61,1353.72,0,306,2,0.1,NaN,NaN,NaN,NaN,NaN,25,5,5,NaN,NaN,NaN,NaN
16:13:16,DECR,12.56,12.43,14.38,12.56,336,355,2.3,1356.01,0,307,2,0.1,NaN,NaN,NaN,NaN,NaN,25,5,5,NaN,NaN,NaN,NaN
16:13:17,DECR,12.56,12.43,14.4,12.56,302,422,6.15,1362.16,0,308,2,0.1,NaN,NaN,NaN,NaN,NaN,25,5,5,NaN,NaN,NaN,NaN
16:13:18,DECR,12.56,12.43,14.43,12.56,251,512,8.41,1370.58,0,309,2,0.1,NaN,NaN,NaN,NaN,NaN,25,5,5,NaN,NaN,NaN,NaN
16:13:19,DECR,12.56,12.43,14.46,12.56,244,529,2.61,1373.19,0,310,2,0.1,NaN,NaN,NaN,NaN,NaN,25,5,5,NaN,NaN,NaN,NaN
16:13:20,DECR,12.56,12.43,14.46,12.56,267,536,2.68,1375.87,0,311,2,0.1,NaN,NaN,NaN,NaN,NaN,25,5,5,NaN,NaN,NaN,NaN
16:13:21,DECR,12.56,12.43,14.46,12.56,271,549,3.06,1378.93,0,312,2,0.1,NaN,NaN,NaN,NaN,NaN,25,5,5,NaN,NaN,NaN,NaN
16:13:22,DECR,12.56,12.43,14.47,12.56,299,543,3.38,1382.31,0,313,2,0.1,NaN,NaN,NaN,NaN,NaN,25,5,5,NaN,NaN,NaN,NaN
16:13:23,DECR,12.56,12.43,14.47,12.56,283,557,3.81,1386.12,0,314,2,0.1,NaN,NaN,NaN,NaN,NaN,25,5,5,NaN,NaN,NaN,NaN
16:13:24,DECR,12.57,12.43,14.48,12.57,268,541,3.21,1389.33,0,315,2,0.1,NaN,NaN,NaN,NaN,NaN,25,5,5,NaN,NaN,NaN,NaN
16:13:25,DECR,12.57,12.43,14.48,12.57,230,521,4.49,1393.82,0,316,2,0.1,NaN,NaN,NaN,NaN,NaN,25,5,5,NaN,NaN,NaN,NaN
16:13:26,DECR,12.57,12.43,14.48,12.57,178,476,15.33,1409.15,0,317,2,0.1,NaN,NaN,NaN,NaN,NaN,25,5,5,NaN,NaN,NaN,NaN
16:13:27,DECR,12.57,12.43,14.48,12.57,177,472,20.54,1429.69,0,318,2,0.1,NaN,NaN,NaN,NaN,NaN,25,5,5,NaN,NaN,NaN,NaN
16:13:28,DECR,12.57,12.43,14.48,12.57,224,301,16.15,1445.85,0,319,2,0.1,NaN,NaN,NaN,NaN,NaN,25,5,5,NaN,NaN,NaN,NaN
16:13:29,DECR,12.57,12.43,14.48,12.57,184,346,6.97,1452.82,0,320,2,0.1,NaN,NaN,NaN,NaN,NaN,25,5,5,NaN,NaN,NaN,NaN
16:13:30,DECR,12.57,12.43,14.49,12.57,177,436,8.09,1460.91,0,321,2,0.1,NaN,NaN,NaN,NaN,NaN,25,5,5,NaN,NaN,NaN,NaN
16:13:31,DECR,12.57,12.43,14.49,12.57,188,441,11.56,1472.47,0,322,2,0.1,NaN,NaN,NaN,NaN,NaN,25,5,5,NaN,NaN,NaN,NaN
16:13:32,DECR,12.57,12.43,14.5,12.57,210,474,3.36,1475.83,0,323,2,0.1,NaN,NaN,NaN,NaN,NaN,25,5,5,NaN,NaN,NaN,NaN
16:13:33,DECR,12.56,12.45,14.5,12.56,178,502,8.37,1484.2,0,324,2,0.1,NaN,NaN,NaN,NaN,NaN,25,5,5,NaN,NaN,NaN,NaN
16:13:34,DECR,12.56,12.46,14.5,12.56,162,397,10.7,1494.9,0,325,2,0.1,NaN,NaN,NaN,NaN,NaN,25,5,5,NaN,NaN,NaN,NaN
16:13:35,DECR,12.56,12.48,14.5,12.56,215,527,12.75,1507.64,0,326,2,0.1,NaN,NaN,NaN,NaN,NaN,25,5,5,NaN,NaN,NaN,NaN
16:13:36,DECR,12.56,12.49,14.51,12.56,165,390,14.98,1522.63,0,327,2,0.1,NaN,NaN,NaN,NaN,NaN,25,5,5,NaN,NaN,NaN,NaN
16:13:37,DECR,12.56,12.49,14.51,12.56,243,266,12.57,1535.2,0,328,2,0.1,NaN,NaN,NaN,NaN,NaN,25,5,5,NaN,NaN,NaN,NaN
16:13:39,DECR,12.57,12.49,14.51,12.57,282,261,3.86,1539.06,0,329,2,0.1,NaN,NaN,NaN,NaN,NaN,25,5,5,NaN,NaN,NaN,NaN
16:13:40,DECR,12.57,12.49,14.51,12.57,275,272,0.97,1540.03,0,330,2,0.1,NaN,NaN,NaN,NaN,NaN,25,5,5,NaN,NaN,NaN,NaN
16:13:41,DECR,12.57,12.49,14.51,12.57,273,289,1.56,1541.59,0,331,2,0.1,NaN,NaN,NaN,NaN,NaN,25,5,5,NaN,NaN,NaN,NaN
16:13:42,DECR,12.56,12.5,14.51,12.56,259,296,1.25,1542.85,0,332,2,0.1,NaN,NaN,NaN,NaN,NaN,25,5,5,NaN,NaN,NaN,NaN
16:13:43,DECR,12.56,12.5,14.51,12.56,229,327,3.58,1546.42,0,333,2,0.1,NaN,NaN,NaN,NaN,NaN,25,5,5,NaN,NaN,NaN,NaN
16:13:44,DECR,12.56,12.5,14.51,12.56,219,368,3.46,1549.88,0,334,2,0.1,NaN,NaN,NaN,NaN,NaN,25,5,5,NaN,NaN,NaN,NaN
16:13:45,DECR,12.56,12.5,14.51,12.56,217,392,1.98,1551.87,0,335,2,0.1,NaN,NaN,NaN,NaN,NaN,25,5,5,NaN,NaN,NaN,NaN
16:13:46,DECR,12.56,12.5,14.51,12.56,227,421,2.5,1554.36,0,336,2,0.1,NaN,NaN,NaN,NaN,NaN,25,5,5,NaN,NaN,NaN,NaN
16:13:47,DECR,12.56,12.5,14.51,12.56,242,438,1.58,1555.95,0,337,2,0.1,NaN,NaN,NaN,NaN,NaN,25,5,5,NaN,NaN,NaN,NaN
16:13:48,DECR,12.56,12.5,14.51,12.56,275,457,3.17,1559.11,0,338,2,0.1,NaN,NaN,NaN,NaN,NaN,25,5,5,NaN,NaN,NaN,NaN
16:13:49,DECR,12.56,12.5,14.51,12.56,301,458,1.94,1561.05,0,339,2,0.1,NaN,NaN,NaN,NaN,NaN,25,5,5,NaN,NaN,NaN,NaN
16:13:50,DECR,12.56,12.5,14.51,12.56,313,456,0.96,1562.01,0,340,2,0.1,NaN,NaN,NaN,NaN,NaN,25,5,5,NaN,NaN,NaN,NaN
16:13:51,DECR,12.56,12.5,14.51,12.56,289,470,2.11,1564.12,0,341,2,0.1,NaN,NaN,NaN,NaN,NaN,25,5,5,NaN,NaN,NaN,NaN
16:13:52,DECR,12.56,12.5,14.52,12.56,268,494,2.55,1566.68,0,342,2,0.1,NaN,NaN,NaN,NaN,NaN,25,5,5,NaN,NaN,NaN,NaN
16:13:53,DECR,12.56,12.5,14.52,12.56,240,497,2.14,1568.82,0,343,2,0.1,NaN,NaN,NaN,NaN,NaN,25,5,5,NaN,NaN,NaN,NaN
16:13:54,DECR,12.56,12.5,14.52,12.56,211,494,2.56,1571.38,0,344,2,0.1,NaN,NaN,NaN,NaN,NaN,25,5,5,NaN,NaN,NaN,NaN
16:13:55,DECR,12.56,12.5,14.52,12.56,204,503,1,1572.37,0,345,2,0.1,NaN,NaN,NaN,NaN,NaN,25,5,5,NaN,NaN,NaN,NaN
16:13:56,DECR,12.56,12.5,14.52,12.56,182,477,2.41,1574.78,0,346,2,0.1,NaN,NaN,NaN,NaN,NaN,25,5,5,NaN,NaN,NaN,NaN
16:13:57,DECR,12.56,12.5,14.53,12.56,177,460,1.84,1576.62,0,347,2,0.1,NaN,NaN,NaN,NaN,NaN,25,5,5,NaN,NaN,NaN,NaN
16:13:58,DECR,12.56,12.5,14.53,12.56,207,463,3.73,1580.35,0,348,2,0.1,NaN,NaN,NaN,NaN,NaN,25,5,5,NaN,NaN,NaN,NaN
16:13:59,DECR,12.56,12.5,14.54,12.56,216,484,2.04,1582.39,0,349,2,0.1,NaN,NaN,NaN,NaN,NaN,25,5,5,NaN,NaN,NaN,NaN
16:14:00,DECR,12.57,12.5,14.57,12.57,246,501,2.89,1585.28,0,350,2,0.1,NaN,NaN,NaN,NaN,NaN,25,5,5,NaN,NaN,NaN,NaN
16:14:01,DECR,12.57,12.5,14.6,12.57,287,524,3.91,1589.18,0,351,2,0.1,NaN,NaN,NaN,NaN,NaN,25,5,5,NaN,NaN,NaN,NaN
16:14:02,DECR,12.57,12.5,14.63,12.57,322,525,2.88,1592.06,0,352,2,0.1,NaN,NaN,NaN,NaN,NaN,25,5,5,NaN,NaN,NaN,NaN
16:14:03,DECR,12.58,12.5,14.63,12.58,354,510,2.82,1594.88,0,353,2,0.1,NaN,NaN,NaN,NaN,NaN,25,5,5,NaN,NaN,NaN,NaN
16:14:04,DECR,12.58,12.5,14.66,12.58,374,492,2.23,1597.11,0,354,2,0.1,NaN,NaN,NaN,NaN,NaN,25,5,5,NaN,NaN,NaN,NaN
16:14:05,DECR,12.58,12.5,14.69,12.58,393,467,2.49,1599.6,0,355,2,0.1,NaN,NaN,NaN,NaN,NaN,25,5,5,NaN,NaN,NaN,NaN
16:14:06,DECR,12.59,12.5,14.71,12.59,405,443,2.14,1601.74,0,356,2,0.1,NaN,NaN,NaN,NaN,NaN,25,5,5,NaN,NaN,NaN,NaN
16:14:07,DECR,12.59,12.5,14.71,12.59,402,414,2.33,1604.07,0,357,2,0.1,NaN,NaN,NaN,NaN,NaN,25,5,5,NaN,NaN,NaN,NaN
16:14:08,DECR,12.59,12.5,14.71,12.59,394,381,2.83,1606.9,0,358,2,0.1,NaN,NaN,NaN,NaN,NaN,25,5,5,NaN,NaN,NaN,NaN
16:14:09,DECR,12.59,12.5,14.71,12.59,385,329,3.34,1610.24,0,359,2,0.1,NaN,NaN,NaN,NaN,NaN,25,5,5,NaN,NaN,NaN,NaN
16:14:10,DECR,12.59,12.5,14.71,12.59,351,305,3.81,1614.05,0,360,2,0.1,NaN,NaN,NaN,NaN,NaN,25,5,5,NaN,NaN,NaN,NaN
16:14:11,DECR,12.61,12.5,14.71,12.61,251,346,8.77,1622.83,0,361,2,0.1,NaN,NaN,NaN,NaN,NaN,25,5,5,NaN,NaN,NaN,NaN
16:14:12,DECR,12.63,12.5,14.72,12.63,194,390,6.09,1628.92,0,362,2,0.1,NaN,NaN,NaN,NaN,NaN,25,5,5,NaN,NaN,NaN,NaN
16:14:13,DECR,12.66,12.5,14.75,12.66,202,467,6.38,1635.3,0,363,2,0.1,NaN,NaN,NaN,NaN,NaN,25,5,5,NaN,NaN,NaN,NaN
16:14:14,DECR,12.67,12.5,14.78,12.67,252,516,5.78,1641.08,0,364,2,0.1,NaN,NaN,NaN,NaN,NaN,25,5,5,NaN,NaN,NaN,NaN
16:14:15,DECR,12.68,12.5,14.81,12.68,306,535,4.05,1645.12,0,365,2,0.1,NaN,NaN,NaN,NaN,NaN,25,5,5,NaN,NaN,NaN,NaN
16:14:16,DECR,12.68,12.5,14.82,12.68,354,526,3.99,1649.11,0,366,2,0.1,NaN,NaN,NaN,NaN,NaN,25,5,5,NaN,NaN,NaN,NaN
16:14:17,DECR,12.68,12.5,14.82,12.68,368,535,1.45,1650.56,0,367,2,0.1,NaN,NaN,NaN,NaN,NaN,25,5,5,NaN,NaN,NaN,NaN
16:14:18,DECR,12.68,12.5,14.82,12.68,364,540,0.65,1651.21,0,368,2,0.1,NaN,NaN,NaN,NaN,NaN,25,5,5,NaN,NaN,NaN,NaN
16:14:19,DECR,12.68,12.5,14.83,12.68,387,504,3.64,1654.85,0,369,2,0.1,NaN,NaN,NaN,NaN,NaN,25,5,5,NaN,NaN,NaN,NaN
16:14:20,DECR,12.68,12.5,14.83,12.68,422,477,3.87,1658.72,0,370,2,0.1,NaN,NaN,NaN,NaN,NaN,25,5,5,NaN,NaN,NaN,NaN
16:14:21,DECR,12.68,12.5,14.83,12.68,435,437,3.47,1662.19,0,371,2,0.1,NaN,NaN,NaN,NaN,NaN,25,5,5,NaN,NaN,NaN,NaN
16:14:22,DECR,12.68,12.5,14.83,12.68,453,379,4.91,1667.1,0,372,2,0.1,NaN,NaN,NaN,NaN,NaN,25,5,5,NaN,NaN,NaN,NaN
16:14:23,DECR,12.68,12.51,14.83,12.68,425,328,4.84,1671.94,0,373,2,0.1,NaN,NaN,NaN,NaN,NaN,25,5,5,NaN,NaN,NaN,NaN
16:14:24,DECR,12.68,12.51,14.83,12.68,381,299,4.49,1676.42,0,374,2,0.1,NaN,NaN,NaN,NaN,NaN,25,5,5,NaN,NaN,NaN,NaN
16:14:25,DECR,12.68,12.51,14.83,12.68,275,370,8.67,1685.1,0,375,2,0.1,NaN,NaN,NaN,NaN,NaN,25,5,5,NaN,NaN,NaN,NaN
16:14:26,DECR,12.68,12.51,14.83,12.68,202,450,8.91,1694.01,0,376,2,0.1,NaN,NaN,NaN,NaN,NaN,25,5,5,NaN,NaN,NaN,NaN
16:14:27,DECR,12.68,12.51,14.83,12.68,237,499,5.21,1699.22,0,377,2,0.1,NaN,NaN,NaN,NaN,NaN,25,5,5,NaN,NaN,NaN,NaN
16:14:28,DECR,12.68,12.51,14.84,12.68,278,525,4.01,1703.23,0,378,2,0.1,NaN,NaN,NaN,NaN,NaN,25,5,5,NaN,NaN,NaN,NaN
16:14:30,DECR,12.68,12.51,14.84,12.68,319,529,3.41,1706.64,0,379,2,0.1,NaN,NaN,NaN,NaN,NaN,25,5,5,NaN,NaN,NaN,NaN
16:14:31,DECR,12.68,12.51,14.83,12.68,358,529,3.27,1709.91,0,380,2,0.1,NaN,NaN,NaN,NaN,NaN,25,5,5,NaN,NaN,NaN,NaN
16:14:32,DECR,12.68,12.51,14.83,12.68,371,516,1.95,1711.86,0,381,2,0.1,NaN,NaN,NaN,NaN,NaN,25,5,5,NaN,NaN,NaN,NaN
16:14:33,DECR,12.67,12.51,14.82,12.67,352,488,3.02,1714.88,0,382,2,0.1,NaN,NaN,NaN,NaN,NaN,25,5,5,NaN,NaN,NaN,NaN
16:14:34,DECR,12.67,12.51,14.82,12.67,310,453,4.48,1719.36,0,383,2,0.1,NaN,NaN,NaN,NaN,NaN,25,5,5,NaN,NaN,NaN,NaN
16:14:35,DECR,12.68,12.51,14.82,12.68,247,431,5.65,1725.02,0,384,2,0.1,NaN,NaN,NaN,NaN,NaN,25,5,5,NaN,NaN,NaN,NaN
16:14:36,DECR,12.68,12.51,14.82,12.68,206,459,4.95,1729.97,0,385,2,0.1,NaN,NaN,NaN,NaN,NaN,25,5,5,NaN,NaN,NaN,NaN
16:14:37,DECR,12.68,12.51,14.82,12.68,223,496,3.42,1733.39,0,386,2,0.1,NaN,NaN,NaN,NaN,NaN,25,5,5,NaN,NaN,NaN,NaN
16:14:38,DECR,12.68,12.51,14.8,12.68,257,524,4.01,1737.4,0,387,2,0.1,NaN,NaN,NaN,NaN,NaN,25,5,5,NaN,NaN,NaN,NaN
16:14:39,DECR,12.68,12.51,14.77,12.68,265,546,3.01,1740.41,0,388,2,0.1,NaN,NaN,NaN,NaN,NaN,25,5,5,NaN,NaN,NaN,NaN
16:14:40,DECR,12.68,12.51,14.74,12.68,281,528,3.99,1744.39,0,389,2,0.1,NaN,NaN,NaN,NaN,NaN,25,5,5,NaN,NaN,NaN,NaN
16:14:41,DECR,12.68,12.51,14.73,12.68,342,532,4.26,1748.65,0,390,2,0.1,NaN,NaN,NaN,NaN,NaN,25,5,5,NaN,NaN,NaN,NaN
16:14:42,DECR,12.69,12.51,14.73,12.69,384,517,3.76,1752.42,0,391,2,0.1,NaN,NaN,NaN,NaN,NaN,25,5,5,NaN,NaN,NaN,NaN
16:14:43,DECR,12.69,12.51,14.73,12.69,405,510,1.88,1754.3,0,392,2,0.1,NaN,NaN,NaN,NaN,NaN,25,5,5,NaN,NaN,NaN,NaN
16:14:44,DECR,12.69,12.51,14.73,12.69,442,458,5.65,1759.95,0,393,2,0.1,NaN,NaN,NaN,NaN,NaN,25,5,5,NaN,NaN,NaN,NaN
16:14:45,DECR,12.69,12.51,14.73,12.69,392,427,4.16,1764.11,0,394,2,0.1,NaN,NaN,NaN,NaN,NaN,25,5,5,NaN,NaN,NaN,NaN
16:14:46,DECR,12.69,12.51,14.71,12.69,288,379,9.37,1773.48,0,395,2,0.1,NaN,NaN,NaN,NaN,NaN,25,5,5,NaN,NaN,NaN,NaN
16:14:47,DECR,12.69,12.51,14.68,12.69,223,321,7.13,1780.61,0,396,2,0.1,NaN,NaN,NaN,NaN,NaN,25,5,5,NaN,NaN,NaN,NaN
16:14:48,DECR,12.68,12.51,14.65,12.68,226,284,3.43,1784.04,0,397,2,0.1,NaN,NaN,NaN,NaN,NaN,25,5,5,NaN,NaN,NaN,NaN
16:14:49,DECR,12.68,12.51,14.63,12.68,276,254,4.76,1788.8,0,398,2,0.1,NaN,NaN,NaN,NaN,NaN,25,5,5,NaN,NaN,NaN,NaN
16:14:50,DECR,12.68,12.51,14.6,12.68,282,263,0.99,1789.8,0,399,2,0.1,NaN,NaN,NaN,NaN,NaN,25,5,5,NaN,NaN,NaN,NaN
16:14:51,DECR,12.68,12.51,14.57,12.68,281,283,2.08,1791.88,0,400,2,0.1,NaN,NaN,NaN,NaN,NaN,25,5,5,NaN,NaN,NaN,NaN
16:14:52,DECR,12.68,12.51,14.57,12.68,288,329,3.9,1795.78,0,401,2,0.1,NaN,NaN,NaN,NaN,NaN,25,5,5,NaN,NaN,NaN,NaN
16:14:53,DECR,12.68,12.51,14.56,12.68,301,409,6.62,1802.4,0,402,2,0.1,NaN,NaN,NaN,NaN,NaN,25,5,5,NaN,NaN,NaN,NaN
16:14:54,DECR,12.68,12.51,14.55,12.68,280,520,9.03,1811.44,0,403,2,0.1,NaN,NaN,NaN,NaN,NaN,25,5,5,NaN,NaN,NaN,NaN
16:14:55,DECR,12.68,12.51,14.52,12.68,326,531,3.88,1815.31,0,404,2,0.1,NaN,NaN,NaN,NaN,NaN,25,5,5,NaN,NaN,NaN,NaN
16:14:56,DECR,12.68,12.51,14.5,12.68,381,517,4.63,1819.95,0,405,2,0.1,NaN,NaN,NaN,NaN,NaN,25,5,5,NaN,NaN,NaN,NaN
16:14:57,DECR,12.68,12.51,14.49,12.68,452,458,7.58,1827.53,0,406,2,0.1,NaN,NaN,NaN,NaN,NaN,25,5,5,NaN,NaN,NaN,NaN
16:14:58,DECR,12.67,12.51,14.48,12.67,540,398,9.57,1837.1,0,407,2,0.1,NaN,NaN,NaN,NaN,NaN,25,5,5,NaN,NaN,NaN,NaN
16:14:59,INCR,14.48,12.51,14.48,12.68,664,442,10.74,1847.84,1,407,2,0.1,NaN,NaN,NaN,NaN,NaN,25,5,5,NaN,NaN,12.68,12.68
16:15:00,INCR,14.48,12.51,14.48,12.67,712,522,7.65,1855.49,2,407,2,0.1,NaN,NaN,NaN,NaN,NaN,25,5,5,NaN,NaN,12.68,12.68
16:15:01,INCR,14.47,12.51,14.47,12.68,746,548,3.63,1859.12,3,407,2,0.1,NaN,NaN,NaN,NaN,NaN,25,5,5,NaN,NaN,12.68,12.68
16:15:02,INCR,14.47,12.51,14.47,12.67,736,537,1.48,1860.6,4,407,2,0.1,NaN,NaN,NaN,NaN,NaN,25,5,5,NaN,NaN,12.68,12.68
16:15:03,INCR,14.47,12.51,14.47,12.67,725,543,2.92,1863.53,5,407,2,0.1,NaN,NaN,NaN,NaN,NaN,25,5,5,NaN,NaN,12.68,12.68
16:15:04,INCR,14.47,12.51,14.47,12.67,730,538,3.05,1866.57,6,407,2,0.1,NaN,NaN,NaN,NaN,NaN,25,5,5,NaN,NaN,12.68,12.68
16:15:05,INCR,14.46,12.51,14.46,12.67,781,560,4.76,1871.33,7,407,2,0.1,NaN,NaN,NaN,NaN,NaN,25,5,5,NaN,NaN,12.68,12.68
16:15:06,INCR,14.45,12.51,14.45,12.67,829,549,4.51,1875.84,8,407,2,0.1,NaN,NaN,NaN,NaN,NaN,25,5,5,NaN,NaN,12.68,12.68
16:15:07,INCR,14.45,12.51,14.45,12.67,798,523,3.95,1879.79,9,407,2,0.1,NaN,NaN,NaN,NaN,NaN,25,5,5,NaN,NaN,12.68,12.68
16:15:08,INCR,14.45,12.51,14.45,12.66,732,532,5.51,1885.3,10,407,2,0.1,NaN,NaN,NaN,NaN,NaN,25,5,5,NaN,NaN,12.68,12.68
16:15:09,INCR,14.46,12.51,14.46,12.67,671,486,6.52,1891.83,11,407,2,0.1,NaN,NaN,NaN,NaN,NaN,25,5,5,NaN,NaN,12.68,12.68
16:15:10,INCR,14.45,12.52,14.45,12.67,641,471,6.79,1898.62,12,407,2,0.1,NaN,NaN,NaN,NaN,NaN,25,5,5,NaN,NaN,12.68,12.68
16:15:11,INCR,14.45,12.52,14.45,12.67,655,487,2.2,1900.82,13,407,2,0.1,NaN,NaN,NaN,NaN,NaN,25,5,5,NaN,NaN,12.68,12.68
16:15:12,INCR,14.45,12.52,14.45,12.67,638,457,2.86,1903.68,14,407,2,0.1,NaN,NaN,NaN,NaN,NaN,25,5,5,NaN,NaN,12.68,12.68
16:15:13,INCR,14.46,12.52,14.46,12.67,649,443,2.67,1906.35,15,407,2,0.1,NaN,NaN,NaN,NaN,NaN,25,5,5,NaN,NaN,12.68,12.68
16:15:14,INCR,14.46,12.52,14.46,12.67,586,397,6.35,1912.7,16,407,2,0.1,NaN,NaN,NaN,NaN,NaN,25,5,5,NaN,NaN,12.68,12.68
16:15:15,DECR,12.67,12.52,14.46,12.67,502,413,6.99,1919.69,16,408,2,0.1,NaN,NaN,NaN,NaN,NaN,25,5,5,14.46,14.46,12.68,12.68
16:15:16,DECR,12.67,12.52,14.46,12.67,444,396,4.95,1924.64,16,409,2,0.1,NaN,NaN,NaN,NaN,NaN,25,5,5,14.46,14.46,12.68,12.68
16:15:17,DECR,12.67,12.52,14.47,12.67,268,380,13.05,1937.69,16,410,2,0.1,NaN,NaN,NaN,NaN,NaN,25,5,5,14.46,14.46,12.68,12.68
16:15:18,DECR,12.67,12.52,14.47,12.67,190,365,6.33,1944.02,16,411,2,0.1,NaN,NaN,NaN,NaN,NaN,25,5,5,14.46,14.46,12.68,12.68
16:15:19,DECR,12.67,12.52,14.47,12.67,178,372,2.88,1946.9,16,412,2,0.1,NaN,NaN,NaN,NaN,NaN,25,5,5,14.46,14.46,12.68,12.68
16:15:20,DECR,12.67,12.52,14.47,12.67,224,386,4.11,1951.01,16,413,2,0.1,NaN,NaN,NaN,NaN,NaN,25,5,5,14.46,14.46,12.68,12.68
16:15:21,DECR,12.68,12.52,14.48,12.68,225,372,3.01,1954.01,16,414,2,0.1,NaN,NaN,NaN,NaN,NaN,25,5,5,14.46,14.46,12.68,12.68
16:15:22,DECR,12.68,12.52,14.48,12.68,199,443,6.51,1960.53,16,415,2,0.1,NaN,NaN,NaN,NaN,NaN,25,5,5,14.46,14.46,12.68,12.68
16:15:23,DECR,12.68,12.52,14.48,12.68,296,542,12.07,1972.6,16,416,2,0.1,NaN,NaN,NaN,NaN,NaN,25,5,5,14.46,14.46,12.68,12.68
16:15:24,DECR,12.67,12.52,14.49,12.67,380,528,7.04,1979.64,16,417,2,0.1,NaN,NaN,NaN,NaN,NaN,25,5,5,14.46,14.46,12.68,12.68
16:15:25,DECR,12.67,12.52,14.48,12.67,478,409,12.73,1992.36,16,418,2,0.1,NaN,NaN,NaN,NaN,NaN,25,5,5,14.46,14.46,12.68,12.68
16:15:26,INCR,14.49,12.52,14.49,12.67,575,399,8.9,2001.27,17,418,2,0.1,NaN,NaN,NaN,NaN,NaN,25,5,5,14.46,14.46,12.68,12.68
16:15:27,INCR,14.51,12.52,14.51,12.67,686,496,12.13,2013.4,18,418,2,0.1,NaN,NaN,NaN,NaN,NaN,25,5,5,14.46,14.46,12.68,12.68
16:15:28,INCR,14.54,12.52,14.54,12.67,740,546,6.23,2019.63,19,418,2,0.1,NaN,NaN,NaN,NaN,NaN,25,5,5,14.46,14.46,12.68,12.68
16:15:30,INCR,14.56,12.52,14.56,12.67,825,545,7.26,2026.89,20,418,2,0.1,NaN,NaN,NaN,NaN,NaN,25,5,5,14.46,14.46,12.68,12.68
16:15:31,INCR,14.56,12.52,14.56,12.67,929,426,13.3,2040.19,21,418,2,0.1,NaN,NaN,NaN,NaN,NaN,25,5,5,14.46,14.46,12.68,12.68
16:15:32,INCR,14.56,12.52,14.56,12.67,905,320,9.07,2049.26,22,418,2,0.1,NaN,NaN,NaN,NaN,NaN,25,5,5,14.46,14.46,12.68,12.68
16:15:33,INCR,14.57,12.52,14.57,12.67,740,249,13.2,2062.46,23,418,2,0.1,NaN,NaN,NaN,NaN,NaN,25,5,5,14.46,14.46,12.68,12.68
16:15:34,INCR,14.57,12.52,14.57,12.67,653,312,8.98,2071.44,24,418,2,0.1,NaN,NaN,NaN,NaN,NaN,25,5,5,14.46,14.46,12.68,12.68
16:15:35,INCR,14.58,12.52,14.58,12.67,598,377,7.18,2078.62,25,418,2,0.1,NaN,NaN,NaN,NaN,NaN,25,5,5,14.46,14.46,12.68,12.68
16:15:36,INCR,14.58,12.52,14.58,12.67,601,377,1.09,2079.7,26,418,2,0.1,NaN,NaN,NaN,NaN,NaN,25,5,5,14.46,14.46,12.68,12.68
16:15:37,INCR,14.58,12.52,14.58,12.67,623,354,2.53,2082.23,27,418,2,0.1,NaN,NaN,NaN,NaN,NaN,25,5,5,14.46,14.46,12.68,12.68
16:15:38,INCR,14.58,12.52,14.58,12.67,649,320,3.52,2085.76,28,418,2,0.1,NaN,NaN,NaN,NaN,NaN,25,5,5,14.46,14.46,12.68,12.68
16:15:39,INCR,14.58,12.52,14.58,12.68,691,307,3.69,2089.45,29,418,2,0.1,NaN,NaN,NaN,NaN,NaN,25,5,5,14.46,14.46,12.68,12.68
16:15:40,INCR,14.59,12.52,14.59,12.67,713,306,2.1,2091.56,30,418,2,0.1,NaN,NaN,NaN,NaN,NaN,25,5,5,14.46,14.46,12.68,12.68
16:15:41,INCR,14.59,12.52,14.59,12.68,727,309,1.62,2093.17,31,418,2,0.1,NaN,NaN,NaN,NaN,NaN,25,5,5,14.46,14.46,12.68,12.68
16:15:42,INCR,14.6,12.52,14.6,12.68,736,299,1.47,2094.64,32,418,2,0.1,NaN,NaN,NaN,NaN,NaN,25,5,5,14.46,14.46,12.68,12.68
16:15:43,INCR,14.6,12.52,14.6,12.68,784,321,4,2098.65,33,418,2,0.1,NaN,NaN,NaN,NaN,NaN,25,5,5,14.46,14.46,12.68,12.68
16:15:44,INCR,14.6,12.52,14.6,12.68,810,340,2.56,2101.21,34,418,2,0.1,NaN,NaN,NaN,NaN,NaN,25,5,5,14.46,14.46,12.68,12.68
16:15:45,INCR,14.6,12.52,14.6,12.67,838,361,2.86,2104.07,35,418,2,0.1,NaN,NaN,NaN,NaN,NaN,25,5,5,14.46,14.46,12.68,12.68
16:15:46,INCR,14.6,12.52,14.6,12.67,838,410,4.42,2108.49,36,418,2,0.1,NaN,NaN,NaN,NaN,NaN,25,5,5,14.46,14.46,12.68,12.68
16:15:47,INCR,14.61,12.52,14.61,12.67,837,447,3.97,2112.46,37,418,2,0.1,NaN,NaN,NaN,NaN,NaN,25,5,5,14.46,14.46,12.68,12.68
16:15:48,INCR,14.61,12.52,14.61,12.67,842,445,1.45,2113.91,38,418,2,0.1,NaN,NaN,NaN,NaN,NaN,25,5,5,14.46,14.46,12.68,12.68
16:15:49,INCR,14.62,12.52,14.62,12.67,858,464,1.83,2115.74,39,418,2,0.1,NaN,NaN,NaN,NaN,NaN,25,5,5,14.46,14.46,12.68,12.68
16:15:50,INCR,14.62,12.52,14.62,12.67,900,445,4.02,2119.76,40,418,2,0.1,NaN,NaN,NaN,NaN,NaN,25,5,5,14.46,14.46,12.68,12.68
16:15:51,INCR,14.62,12.52,14.62,12.67,921,364,6.92,2126.68,41,418,2,0.1,NaN,NaN,NaN,NaN,NaN,25,5,5,14.46,14.46,12.68,12.68
16:15:52,INCR,14.62,12.52,14.62,12.67,884,303,5.11,2131.79,42,418,2,0.1,NaN,NaN,NaN,NaN,NaN,25,5,5,14.46,14.46,12.68,12.68
16:15:53,INCR,14.62,12.53,14.62,12.67,820,277,5.68,2137.47,43,418,2,0.1,NaN,NaN,NaN,NaN,NaN,25,5,5,14.46,14.46,12.68,12.68
16:15:54,INCR,14.63,12.53,14.63,12.67,705,265,9.85,2147.33,44,418,2,0.1,NaN,NaN,NaN,NaN,NaN,25,5,5,14.46,14.46,12.68,12.68
16:15:55,INCR,14.63,12.53,14.63,12.67,641,325,7.17,2154.5,45,418,2,0.1,NaN,NaN,NaN,NaN,NaN,25,5,5,14.46,14.46,12.68,12.68
16:15:56,INCR,14.63,12.53,14.63,12.67,609,373,4.71,2159.21,46,418,2,0.1,NaN,NaN,NaN,NaN,NaN,25,5,5,14.46,14.46,12.68,12.68
16:15:57,INCR,14.63,12.53,14.63,12.67,602,375,0.67,2159.88,47,418,2,0.1,NaN,NaN,NaN,NaN,NaN,25,5,5,14.46,14.46,12.68,12.68
16:15:58,DECR,12.67,12.53,14.63,12.67,471,430,11.06,2170.94,47,419,2,0.1,NaN,NaN,NaN,NaN,NaN,25,5,5,14.54,14.54,12.68,12.68
16:15:59,DECR,12.67,12.53,14.63,12.67,452,476,4.12,2175.06,47,420,2,0.1,NaN,NaN,NaN,NaN,NaN,25,5,5,14.54,14.54,12.68,12.68
16:16:00,DECR,12.67,12.54,14.63,12.67,449,464,0.42,2175.48,47,421,2,0.1,NaN,NaN,NaN,NaN,NaN,25,5,5,14.54,14.54,12.68,12.68
16:16:01,DECR,12.66,12.54,14.63,12.66,423,453,2.39,2177.88,47,422,2,0.1,NaN,NaN,NaN,NaN,NaN,25,5,5,14.54,14.54,12.68,12.68
16:16:02,DECR,12.66,12.54,14.63,12.66,328,422,8.14,2186.02,47,423,2,0.1,NaN,NaN,NaN,NaN,NaN,25,5,5,14.54,14.54,12.68,12.68
16:16:03,DECR,12.67,12.54,14.63,12.67,238,394,7.73,2193.74,47,424,2,0.1,NaN,NaN,NaN,NaN,NaN,25,5,5,14.54,14.54,12.68,12.68
16:16:04,DECR,12.66,12.54,14.63,12.66,191,326,7.14,2200.88,47,425,2,0.1,NaN,NaN,NaN,NaN,NaN,25,5,5,14.54,14.54,12.68,12.68
16:16:05,DECR,12.66,12.54,14.63,12.66,219,284,4.18,2205.06,47,426,2,0.1,NaN,NaN,NaN,NaN,NaN,25,5,5,14.54,14.54,12.68,12.68
16:16:06,DECR,12.66,12.54,14.63,12.66,294,249,6.77,2211.83,47,427,2,0.1,NaN,NaN,NaN,NaN,NaN,25,5,5,14.54,14.54,12.68,12.68
16:16:07,DECR,12.66,12.54,14.64,12.66,365,265,6.05,2217.88,47,428,2,0.1,NaN,NaN,NaN,NaN,NaN,25,5,5,14.54,14.54,12.68,12.68
16:16:08,DECR,12.66,12.54,14.63,12.66,414,334,5.85,2223.74,47,429,2,0.1,NaN,NaN,NaN,NaN,NaN,25,5,5,14.54,14.54,12.68,12.68
16:16:09,DECR,12.66,12.54,14.64,12.66,434,397,4.89,2228.63,47,430,2,0.1,NaN,NaN,NaN,NaN,NaN,25,5,5,14.54,14.54,12.68,12.68
16:16:10,DECR,12.66,12.54,14.64,12.66,461,433,3.76,2232.39,47,431,2,0.1,NaN,NaN,NaN,NaN,NaN,25,5,5,14.54,14.54,12.68,12.68
16:16:11,DECR,12.66,12.54,14.64,12.66,420,466,4.37,2236.77,47,432,2,0.1,NaN,NaN,NaN,NaN,NaN,25,5,5,14.54,14.54,12.68,12.68
16:16:12,DECR,12.65,12.54,14.64,12.65,393,504,3.99,2240.76,47,433,2,0.1,NaN,NaN,NaN,NaN,NaN,25,5,5,14.54,14.54,12.68,12.68
16:16:13,DECR,12.65,12.54,14.64,12.65,413,505,3.35,2244.11,47,434,2,0.1,NaN,NaN,NaN,NaN,NaN,25,5,5,14.54,14.54,12.68,12.68
16:16:14,DECR,12.65,12.54,14.63,12.65,407,540,4.55,2248.67,47,435,2,0.1,NaN,NaN,NaN,NaN,NaN,25,5,5,14.54,14.54,12.68,12.68
16:16:15,DECR,12.65,12.54,14.63,12.65,395,541,1.55,2250.21,47,436,2,0.1,NaN,NaN,NaN,NaN,NaN,25,5,5,14.54,14.54,12.68,12.68
16:16:16,DECR,12.65,12.54,14.63,12.65,398,515,2.19,2252.4,47,437,2,0.1,NaN,NaN,NaN,NaN,NaN,25,5,5,14.54,14.54,12.68,12.68
16:16:17,DECR,12.65,12.54,14.63,12.65,407,490,3.41,2255.81,47,438,2,0.1,NaN,NaN,NaN,NaN,NaN,25,5,5,14.54,14.54,12.68,12.68
16:16:18,DECR,12.65,12.55,14.63,12.65,427,476,2.75,2258.56,47,439,2,0.1,NaN,NaN,NaN,NaN,NaN,25,5,5,14.54,14.54,12.68,12.68
16:16:19,DECR,12.64,12.55,14.63,12.64,464,470,3.35,2261.91,47,440,2,0.1,NaN,NaN,NaN,NaN,NaN,25,5,5,14.54,14.54,12.68,12.68
16:16:20,DECR,12.64,12.55,14.63,12.64,456,455,1.47,2263.38,47,441,2,0.1,NaN,NaN,NaN,NaN,NaN,25,5,5,14.54,14.54,12.68,12.68
16:16:21,DECR,12.64,12.55,14.63,12.64,377,439,6.84,2270.22,47,442,2,0.1,NaN,NaN,NaN,NaN,NaN,25,5,5,14.54,14.54,12.68,12.68
16:16:23,DECR,12.64,12.55,14.64,12.64,309,422,5.92,2276.14,47,443,2,0.1,NaN,NaN,NaN,NaN,NaN,25,5,5,14.54,14.54,12.68,12.68
16:16:24,DECR,12.64,12.55,14.64,12.64,243,502,9.12,2285.26,47,444,2,0.1,NaN,NaN,NaN,NaN,NaN,25,5,5,14.54,14.54,12.68,12.68
16:16:25,DECR,12.64,12.55,14.64,12.64,199,504,6.37,2291.63,47,445,2,0.1,NaN,NaN,NaN,NaN,NaN,25,5,5,14.54,14.54,12.68,12.68
16:16:26,DECR,12.64,12.55,14.64,12.64,170,470,13.3,2304.93,47,446,2,0.1,NaN,NaN,NaN,NaN,NaN,25,5,5,14.54,14.54,12.68,12.68
16:16:27,DECR,12.64,12.55,14.64,12.64,208,498,4.28,2309.21,47,447,2,0.1,NaN,NaN,NaN,NaN,NaN,25,5,5,14.54,14.54,12.68,12.68
16:16:28,DECR,12.64,12.55,14.64,12.64,177,386,13.48,2322.69,47,448,2,0.1,NaN,NaN,NaN,NaN,NaN,25,5,5,14.54,14.54,12.68,12.68
16:16:29,DECR,12.64,12.55,14.65,12.64,177,471,9.93,2332.62,47,449,2,0.1,NaN,NaN,NaN,NaN,NaN,25,5,5,14.54,14.54,12.68,12.68
16:16:30,DECR,12.64,12.55,14.65,12.64,248,543,7.56,2340.18,47,450,2,0.1,NaN,NaN,NaN,NaN,NaN,25,5,5,14.54,14.54,12.68,12.68
16:16:31,DECR,12.64,12.55,14.65,12.64,386,545,10.7,2350.88,47,451,2,0.1,NaN,NaN,NaN,NaN,NaN,25,5,5,14.54,14.54,12.68,12.68
16:16:32,DECR,12.64,12.56,14.66,12.64,361,388,15.57,2366.45,47,452,2,0.1,NaN,NaN,NaN,NaN,NaN,25,5,5,14.54,14.54,12.68,12.68
16:16:33,DECR,12.64,12.56,14.65,12.64,295,446,8.74,2375.19,47,453,2,0.1,NaN,NaN,NaN,NaN,NaN,25,5,5,14.54,14.54,12.68,12.68
16:16:34,DECR,12.64,12.56,14.66,12.64,291,475,2.74,2377.93,47,454,2,0.1,NaN,NaN,NaN,NaN,NaN,25,5,5,14.54,14.54,12.68,12.68
16:16:35,DECR,12.63,12.56,14.66,12.63,225,503,5.07,2383,47,455,2,0.1,NaN,NaN,NaN,NaN,NaN,25,5,5,14.54,14.54,12.68,12.68
16:16:36,DECR,12.63,12.56,14.66,12.63,208,501,1.78,2384.78,47,456,2,0.1,NaN,NaN,NaN,NaN,NaN,25,5,5,14.54,14.54,12.68,12.68
16:16:37,DECR,12.63,12.56,14.66,12.63,205,476,1.34,2386.13,47,457,2,0.1,NaN,NaN,NaN,NaN,NaN,25,5,5,14.54,14.54,12.68,12.68
16:16:38,DECR,12.63,12.56,14.66,12.63,180,387,7.59,2393.71,47,458,2,0.1,NaN,NaN,NaN,NaN,NaN,25,5,5,14.54,14.54,12.68,12.68
16:16:39,DECR,12.64,12.56,14.66,12.64,181,323,5.24,2398.95,47,459,2,0.1,NaN,NaN,NaN,NaN,NaN,25,5,5,14.54,14.54,12.68,12.68
16:16:40,DECR,12.64,12.56,14.67,12.64,249,255,7.93,2406.88,47,460,2,0.1,NaN,NaN,NaN,NaN,NaN,25,5,5,14.54,14.54,12.68,12.68
16:16:41,DECR,12.64,12.56,14.67,12.64,372,288,10.44,2417.33,47,461,2,0.1,NaN,NaN,NaN,NaN,NaN,25,5,5,14.54,14.54,12.68,12.68
16:16:42,DECR,12.64,12.56,14.67,12.64,409,346,5.63,2422.95,47,462,2,0.1,NaN,NaN,NaN,NaN,NaN,25,5,5,14.54,14.54,12.68,12.68
16:16:43,DECR,12.64,12.56,14.67,12.64,437,389,4.55,2427.5,47,463,2,0.1,NaN,NaN,NaN,NaN,NaN,25,5,5,14.54,14.54,12.68,12.68
16:16:44,DECR,12.64,12.56,14.67,12.64,411,424,3.72,2431.22,47,464,2,0.1,NaN,NaN,NaN,NaN,NaN,25,5,5,14.54,14.54,12.68,12.68
16:16:45,DECR,12.64,12.56,14.68,12.64,458,422,5.93,2437.15,47,465,2,0.1,NaN,NaN,NaN,NaN,NaN,25,5,5,14.54,14.54,12.68,12.68
16:16:46,DECR,12.65,12.56,14.67,12.65,445,408,1.82,2438.97,47,466,2,0.1,NaN,NaN,NaN,NaN,NaN,25,5,5,14.54,14.54,12.68,12.68
16:16:47,DECR,12.65,12.56,14.67,12.65,477,382,3.5,2442.47,47,467,2,0.1,NaN,NaN,NaN,NaN,NaN,25,5,5,14.54,14.54,12.68,12.68
16:16:48,DECR,12.65,12.56,14.67,12.65,448,350,3.62,2446.09,47,468,2,0.1,NaN,NaN,NaN,NaN,NaN,25,5,5,14.54,14.54,12.68,12.68
16:16:49,DECR,12.65,12.56,14.68,12.65,401,320,4.29,2450.38,47,469,2,0.1,NaN,NaN,NaN,NaN,NaN,25,5,5,14.54,14.54,12.68,12.68
16:16:50,DECR,12.65,12.56,14.68,12.65,372,310,2.47,2452.85,47,470,2,0.1,NaN,NaN,NaN,NaN,NaN,25,5,5,14.54,14.54,12.68,12.68
16:16:51,DECR,12.65,12.56,14.67,12.65,338,303,2.9,2455.74,47,471,2,0.1,NaN,NaN,NaN,NaN,NaN,25,5,5,14.54,14.54,12.68,12.68
16:16:52,DECR,12.65,12.56,14.67,12.65,291,338,5.96,2461.71,47,472,2,0.1,NaN,NaN,NaN,NaN,NaN,25,5,5,14.54,14.54,12.68,12.68
16:16:53,DECR,12.65,12.56,14.68,12.65,260,407,6.28,2467.99,47,473,2,0.1,NaN,NaN,NaN,NaN,NaN,25,5,5,14.54,14.54,12.68,12.68
16:16:54,DECR,12.65,12.56,14.68,12.65,320,411,5.98,2473.97,47,474,2,0.1,NaN,NaN,NaN,NaN,NaN,25,5,5,14.54,14.54,12.68,12.68
16:16:55,DECR,12.66,12.56,14.68,12.66,323,349,5.21,2479.18,47,475,2,0.1,NaN,NaN,NaN,NaN,NaN,25,5,5,14.54,14.54,12.68,12.68
16:16:56,DECR,12.66,12.56,14.68,12.66,255,294,7.9,2487.08,47,476,2,0.1,NaN,NaN,NaN,NaN,NaN,25,5,5,14.54,14.54,12.68,12.68
16:16:57,DECR,12.66,12.56,14.68,12.66,176,372,6.24,2493.32,47,477,2,0.1,NaN,NaN,NaN,NaN,NaN,25,5,5,14.54,14.54,12.68,12.68
16:16:58,DECR,12.66,12.56,14.68,12.66,196,482,9.81,2503.13,47,478,2,0.1,NaN,NaN,NaN,NaN,NaN,25,5,5,14.54,14.54,12.68,12.68
16:16:59,DECR,12.67,12.56,14.68,12.67,288,533,9.35,2512.48,47,479,2,0.1,NaN,NaN,NaN,NaN,NaN,25,5,5,14.54,14.54,12.68,12.68
16:17:00,DECR,12.67,12.56,14.68,12.67,206,477,14.46,2526.94,47,480,2,0.1,NaN,NaN,NaN,NaN,NaN,25,5,5,14.54,14.54,12.68,12.68
16:17:01,DECR,12.67,12.56,14.68,12.67,263,538,12.63,2539.57,47,481,2,0.1,NaN,NaN,NaN,NaN,NaN,25,5,5,14.54,14.54,12.68,12.68
16:17:02,DECR,12.67,12.56,14.68,12.67,172,385,22.65,2562.22,47,482,2,0.1,NaN,NaN,NaN,NaN,NaN,25,5,5,14.54,14.54,12.68,12.68
16:17:03,DECR,12.67,12.56,14.69,12.67,172,467,7.09,2569.31,47,483,2,0.1,NaN,NaN,NaN,NaN,NaN,25,5,5,14.54,14.54,12.68,12.68
16:17:04,DECR,12.67,12.56,14.69,12.67,212,490,4.31,2573.62,47,484,2,0.1,NaN,NaN,NaN,NaN,NaN,25,5,5,14.54,14.54,12.68,12.68
16:17:05,DECR,12.68,12.56,14.68,12.68,162,406,12.3,2585.93,47,485,2,0.1,NaN,NaN,NaN,NaN,NaN,25,5,5,14.54,14.54,12.68,12.68
16:17:06,DECR,12.67,12.56,14.68,12.67,164,452,7.01,2592.94,47,486,2,0.1,NaN,NaN,NaN,NaN,NaN,25,5,5,14.54,14.54,12.68,12.68
16:17:07,DECR,12.68,12.56,14.68,12.68,205,508,14.87,2607.81,47,487,2,0.1,NaN,NaN,NaN,NaN,NaN,25,5,5,14.54,14.54,12.68,12.68
16:17:08,DECR,12.68,12.56,14.68,12.68,264,535,5.41,2613.22,47,488,2,0.1,NaN,NaN,NaN,NaN,NaN,25,5,5,14.54,14.54,12.68,12.68
16:17:09,DECR,12.68,12.56,14.67,12.68,322,541,4.99,2618.21,47,489,2,0.1,NaN,NaN,NaN,NaN,NaN,25,5,5,14.54,14.54,12.68,12.68
16:17:10,DECR,12.68,12.56,14.67,12.68,418,504,7.92,2626.13,47,490,2,0.1,NaN,NaN,NaN,NaN,NaN,25,5,5,14.54,14.54,12.68,12.68
16:17:11,DECR,12.68,12.56,14.67,12.68,374,409,9.62,2635.75,47,491,2,0.1,NaN,NaN,NaN,NaN,NaN,25,5,5,14.54,14.54,12.68,12.68
16:17:12,DECR,12.68,12.56,14.66,12.68,332,434,4.27,2640.03,47,492,2,0.1,NaN,NaN,NaN,NaN,NaN,25,5,5,14.54,14.54,12.68,12.68
16:17:13,DECR,12.68,12.56,14.66,12.68,329,443,0.85,2640.88,47,493,2,0.1,NaN,NaN,NaN,NaN,NaN,25,5,5,14.54,14.54,12.68,12.68
16:17:15,DECR,12.68,12.56,14.66,12.68,339,443,0.9,2641.78,47,494,2,0.1,NaN,NaN,NaN,NaN,NaN,25,5,5,14.54,14.54,12.68,12.68
16:17:16,DECR,12.68,12.56,14.64,12.68,342,436,0.28,2642.05,47,495,2,0.1,NaN,NaN,NaN,NaN,NaN,25,5,5,14.54,14.54,12.68,12.68
16:17:17,DECR,12.67,12.56,14.61,12.67,347,426,0.84,2642.9,47,496,2,0.1,NaN,NaN,NaN,NaN,NaN,25,5,5,14.54,14.54,12.68,12.68
16:17:18,DECR,12.68,12.56,14.58,12.68,348,413,0.99,2643.89,47,497,2,0.1,NaN,NaN,NaN,NaN,NaN,25,5,5,14.54,14.54,12.68,12.68
16:17:19,DECR,12.68,12.56,14.57,12.68,349,396,1.44,2645.33,47,498,2,0.1,NaN,NaN,NaN,NaN,NaN,25,5,5,14.54,14.54,12.68,12.68
16:17:20,DECR,12.68,12.56,14.57,12.68,346,378,1.37,2646.7,47,499,2,0.1,NaN,NaN,NaN,NaN,NaN,25,5,5,14.54,14.54,12.68,12.68
16:17:21,DECR,12.68,12.56,14.57,12.68,338,373,1.04,2647.74,47,500,2,0.1,NaN,NaN,NaN,NaN,NaN,25,5,5,14.54,14.54,12.68,12.68
16:17:22,DECR,12.68,12.56,14.57,12.68,358,366,1.83,2649.57,47,501,2,0.1,NaN,NaN,NaN,NaN,NaN,25,5,5,14.54,14.54,12.68,12.68
16:17:23,DECR,12.68,12.56,14.56,12.68,347,351,1.55,2651.11,47,502,2,0.1,NaN,NaN,NaN,NaN,NaN,25,5,5,14.54,14.54,12.68,12.68
16:17:24,DECR,12.69,12.56,14.57,12.69,330,345,1.51,2652.62,47,503,2,0.1,NaN,NaN,NaN,NaN,NaN,25,5,5,14.54,14.54,12.68,12.68
16:17:25,DECR,12.69,12.56,14.57,12.69,321,324,1.93,2654.55,47,504,2,0.1,NaN,NaN,NaN,NaN,NaN,25,5,5,14.54,14.54,12.68,12.68
16:17:26,DECR,12.69,12.56,14.56,12.69,300,321,1.39,2655.94,47,505,2,0.1,NaN,NaN,NaN,NaN,NaN,25,5,5,14.54,14.54,12.68,12.68
16:17:27,DECR,12.69,12.56,14.56,12.69,279,326,1.78,2657.72,47,506,2,0.1,NaN,NaN,NaN,NaN,NaN,25,5,5,14.54,14.54,12.68,12.68
16:17:28,DECR,12.68,12.56,14.56,12.68,245,329,2.83,2660.55,47,507,2,0.1,NaN,NaN,NaN,NaN,NaN,25,5,5,14.54,14.54,12.68,12.68
16:17:29,DECR,12.68,12.56,14.57,12.68,208,336,3.65,2664.2,47,508,2,0.1,NaN,NaN,NaN,NaN,NaN,25,5,5,14.54,14.54,12.68,12.68
16:17:30,DECR,12.68,12.56,14.57,12.68,191,373,4.42,2668.62,47,509,2,0.1,NaN,NaN,NaN,NaN,NaN,25,5,5,14.54,14.54,12.68,12.68
16:17:31,DECR,12.68,12.56,14.57,12.68,201,466,8.03,2676.65,47,510,2,0.1,NaN,NaN,NaN,NaN,NaN,25,5,5,14.54,14.54,12.68,12.68
16:17:32,DECR,12.69,12.56,14.57,12.69,229,506,3.97,2680.63,47,511,2,0.1,NaN,NaN,NaN,NaN,NaN,25,5,5,14.54,14.54,12.68,12.68
16:17:33,DECR,12.69,12.56,14.57,12.69,240,503,1.25,2681.88,47,512,2,0.1,NaN,NaN,NaN,NaN,NaN,25,5,5,14.54,14.54,12.68,12.68
16:17:34,DECR,12.69,12.56,14.58,12.69,256,509,1.33,2683.21,47,513,2,0.1,NaN,NaN,NaN,NaN,NaN,25,5,5,14.54,14.54,12.68,12.68
16:17:35,DECR,12.68,12.56,14.58,12.68,261,527,1.65,2684.86,47,514,2,0.1,NaN,NaN,NaN,NaN,NaN,25,5,5,14.54,14.54,12.68,12.68
16:17:36,DECR,12.69,12.56,14.6,12.69,265,529,0.59,2685.44,47,515,2,0.1,NaN,NaN,NaN,NaN,NaN,25,5,5,14.54,14.54,12.68,12.68
16:17:37,DECR,12.69,12.56,14.63,12.69,263,520,0.76,2686.2,47,516,2,0.1,NaN,NaN,NaN,NaN,NaN,25,5,5,14.54,14.54,12.68,12.68
16:17:38,DECR,12.7,12.56,14.68,12.7,232,514,2.77,2688.98,47,517,2,0.1,NaN,NaN,NaN,NaN,NaN,25,5,5,14.54,14.54,12.68,12.68
16:17:39,DECR,12.7,12.56,14.72,12.7,245,526,1.18,2690.15,47,518,2,0.1,NaN,NaN,NaN,NaN,NaN,25,5,5,14.54,14.54,12.68,12.68
16:17:40,DECR,12.7,12.56,14.74,12.7,251,526,0.74,2690.89,47,519,2,0.1,NaN,NaN,NaN,NaN,NaN,25,5,5,14.54,14.54,12.68,12.68
16:17:41,DECR,12.7,12.56,14.74,12.7,261,537,1.19,2692.08,47,520,2,0.1,NaN,NaN,NaN,NaN,NaN,25,5,5,14.54,14.54,12.68,12.68
16:17:42,DECR,12.7,12.56,14.74,12.7,289,552,2.41,2694.5,47,521,2,0.1,NaN,NaN,NaN,NaN,NaN,25,5,5,14.54,14.54,12.68,12.68
16:17:43,DECR,12.7,12.56,14.75,12.7,330,544,3.45,2697.95,47,522,2,0.1,NaN,NaN,NaN,NaN,NaN,25,5,5,14.54,14.54,12.68,12.68
16:17:44,DECR,12.7,12.56,14.75,12.7,360,514,3.49,2701.44,47,523,2,0.1,NaN,NaN,NaN,NaN,NaN,25,5,5,14.54,14.54,12.68,12.68
16:17:45,DECR,12.71,12.56,14.75,12.71,389,495,2.78,2704.22,47,524,2,0.1,NaN,NaN,NaN,NaN,NaN,25,5,5,14.54,14.54,12.68,12.68
16:17:46,DECR,12.71,12.56,14.75,12.71,401,481,1.4,2705.62,47,525,2,0.1,NaN,NaN,NaN,NaN,NaN,25,5,5,14.54,14.54,12.68,12.68
16:17:47,DECR,12.71,12.56,14.75,12.71,422,428,4.72,2710.34,47,526,2,0.1,NaN,NaN,NaN,NaN,NaN,25,5,5,14.54,14.54,12.68,12.68
16:17:48,DECR,12.71,12.56,14.76,12.71,412,385,3.19,2713.53,47,527,2,0.1,NaN,NaN,NaN,NaN,NaN,25,5,5,14.54,14.54,12.68,12.68
16:17:49,DECR,12.71,12.56,14.76,12.71,398,360,2.71,2716.23,47,528,2,0.1,NaN,NaN,NaN,NaN,NaN,25,5,5,14.54,14.54,12.68,12.68
16:17:50,DECR,12.71,12.56,14.77,12.71,338,405,6.2,2722.43,47,529,2,0.1,NaN,NaN,NaN,NaN,NaN,25,5,5,14.54,14.54,12.68,12.68
16:17:51,DECR,12.71,12.56,14.79,12.71,351,481,6.72,2729.15,47,530,2,0.1,NaN,NaN,NaN,NaN,NaN,25,5,5,14.54,14.54,12.68,12.68
16:17:52,DECR,12.71,12.56,14.81,12.71,388,513,3.37,2732.52,47,531,2,0.1,NaN,NaN,NaN,NaN,NaN,25,5,5,14.54,14.54,12.68,12.68
16:17:53,DECR,12.72,12.56,14.83,12.72,398,520,1.05,2733.57,47,532,2,0.1,NaN,NaN,NaN,NaN,NaN,25,5,5,14.54,14.54,12.68,12.68
16:17:54,DECR,12.71,12.56,14.83,12.71,415,497,2.27,2735.83,47,533,2,0.1,NaN,NaN,NaN,NaN,NaN,25,5,5,14.54,14.54,12.68,12.68
16:17:55,DECR,12.72,12.56,14.84,12.72,433,463,3.13,2738.96,47,534,2,0.1,NaN,NaN,NaN,NaN,NaN,25,5,5,14.54,14.54,12.68,12.68
16:17:56,DECR,12.72,12.56,14.84,12.72,432,428,3.01,2741.97,47,535,2,0.1,NaN,NaN,NaN,NaN,NaN,25,5,5,14.54,14.54,12.68,12.68
16:17:57,DECR,12.72,12.56,14.84,12.72,399,422,2.8,2744.78,47,536,2,0.1,NaN,NaN,NaN,NaN,NaN,25,5,5,14.54,14.54,12.68,12.68
16:17:58,DECR,12.72,12.56,14.85,12.72,358,413,3.45,2748.22,47,537,2,0.1,NaN,NaN,NaN,NaN,NaN,25,5,5,14.54,14.54,12.68,12.68
16:17:59,DECR,12.72,12.56,14.85,12.72,322,403,2.26,2750.49,47,538,2,0.1,NaN,NaN,NaN,NaN,NaN,25,5,5,14.54,14.54,12.68,12.68
16:18:00,DECR,12.72,12.56,14.85,12.72,266,380,3.95,2754.44,47,539,2,0.1,NaN,NaN,NaN,NaN,NaN,25,5,5,14.54,14.54,12.68,12.68
16:18:01,DECR,12.72,12.56,14.85,12.72,218,347,4.33,2758.77,47,540,2,0.1,NaN,NaN,NaN,NaN,NaN,25,5,5,14.54,14.54,12.68,12.68
16:18:02,DECR,12.73,12.56,14.86,12.73,198,330,1.95,2760.71,47,541,2,0.1,NaN,NaN,NaN,NaN,NaN,25,5,5,14.54,14.54,12.68,12.68
16:18:03,DECR,12.73,12.56,14.86,12.73,228,308,2.84,2763.56,47,542,2,0.1,NaN,NaN,NaN,NaN,NaN,25,5,5,14.54,14.54,12.68,12.68
16:18:04,DECR,12.73,12.56,14.86,12.73,248,294,1.96,2765.52,47,543,2,0.1,NaN,NaN,NaN,NaN,NaN,25,5,5,14.54,14.54,12.68,12.68
16:18:05,DECR,12.73,12.56,14.86,12.73,298,287,3.99,2769.51,47,544,2,0.1,NaN,NaN,NaN,NaN,NaN,25,5,5,14.54,14.54,12.68,12.68
16:18:06,DECR,12.73,12.56,14.86,12.73,340,300,3.65,2773.16,47,545,2,0.1,NaN,NaN,NaN,NaN,NaN,25,5,5,14.54,14.54,12.68,12.68
16:18:07,DECR,12.73,12.56,14.87,12.73,387,333,4.66,2777.82,47,546,2,0.1,NaN,NaN,NaN,NaN,NaN,25,5,5,14.54,14.54,12.68,12.68
16:18:09,DECR,12.73,12.56,14.87,12.73,404,343,1.59,2779.41,47,547,2,0.1,NaN,NaN,NaN,NaN,NaN,25,5,5,14.54,14.54,12.68,12.68
16:18:10,DECR,12.73,12.56,14.87,12.73,421,345,1.37,2780.78,47,548,2,0.1,NaN,NaN,NaN,NaN,NaN,25,5,5,14.54,14.54,12.68,12.68
16:18:11,DECR,12.73,12.56,14.87,12.73,419,334,1.06,2781.83,47,549,2,0.1,NaN,NaN,NaN,NaN,NaN,25,5,5,14.54,14.54,12.68,12.68
16:18:12,DECR,12.73,12.56,14.87,12.73,413,340,0.89,2782.72,47,550,2,0.1,NaN,NaN,NaN,NaN,NaN,25,5,5,14.54,14.54,12.68,12.68
16:18:13,DECR,12.73,12.56,14.87,12.73,408,338,0.39,2783.11,47,551,2,0.1,NaN,NaN,NaN,NaN,NaN,25,5,5,14.54,14.54,12.68,12.68
16:18:14,DECR,12.74,12.56,14.87,12.74,406,339,0.27,2783.39,47,552,2,0.1,NaN,NaN,NaN,NaN,NaN,25,5,5,14.54,14.54,12.68,12.68
16:18:15,DECR,12.74,12.56,14.87,12.74,407,331,0.74,2784.13,47,553,2,0.1,NaN,NaN,NaN,NaN,NaN,25,5,5,14.54,14.54,12.68,12.68
16:18:16,DECR,12.74,12.56,14.87,12.74,400,332,0.72,2784.85,47,554,2,0.1,NaN,NaN,NaN,NaN,NaN,25,5,5,14.54,14.54,12.68,12.68
16:18:17,DECR,12.75,12.56,14.87,12.75,402,340,0.73,2785.57,47,555,2,0.1,NaN,NaN,NaN,NaN,NaN,25,5,5,14.54,14.54,12.68,12.68
16:18:18,DECR,12.75,12.56,14.87,12.75,413,342,0.97,2786.54,47,556,2,0.1,NaN,NaN,NaN,NaN,NaN,25,5,5,14.54,14.54,12.68,12.68
16:18:19,DECR,12.75,12.56,14.87,12.75,424,340,0.59,2787.13,47,557,2,0.1,NaN,NaN,NaN,NaN,NaN,25,5,5,14.54,14.54,12.68,12.68
16:18:20,DECR,12.75,12.56,14.86,12.75,427,344,0.79,2787.91,47,558,2,0.1,NaN,NaN,NaN,NaN,NaN,25,5,5,14.54,14.54,12.68,12.68
16:18:21,DECR,12.75,12.56,14.86,12.75,441,337,1.49,2789.41,47,559,2,0.1,NaN,NaN,NaN,NaN,NaN,25,5,5,14.54,14.54,12.68,12.68
16:18:22,DECR,12.74,12.56,14.86,12.74,431,333,0.76,2790.16,47,560,2,0.1,NaN,NaN,NaN,NaN,NaN,25,5,5,14.54,14.54,12.68,12.68
16:18:23,DECR,12.75,12.56,14.85,12.75,399,338,2.72,2792.88,47,561,2,0.1,NaN,NaN,NaN,NaN,NaN,25,5,5,14.54,14.54,12.68,12.68
16:18:24,DECR,12.75,12.56,14.84,12.75,389,337,0.92,2793.8,47,562,2,0.1,NaN,NaN,NaN,NaN,NaN,25,5,5,14.54,14.54,12.68,12.68
16:18:25,DECR,12.75,12.56,14.81,12.75,372,334,1.45,2795.26,47,563,2,0.1,NaN,NaN,NaN,NaN,NaN,25,5,5,14.54,14.54,12.68,12.68
16:18:26,DECR,12.74,12.56,14.78,12.74,337,324,2.99,2798.24,47,564,2,0.1,NaN,NaN,NaN,NaN,NaN,25,5,5,14.54,14.54,12.68,12.68
16:18:27,DECR,12.74,12.56,14.77,12.74,309,329,2.66,2800.91,47,565,2,0.1,NaN,NaN,NaN,NaN,NaN,25,5,5,14.54,14.54,12.68,12.68
16:18:28,DECR,12.75,12.56,14.75,12.75,249,384,6.65,2807.56,47,566,2,0.1,NaN,NaN,NaN,NaN,NaN,25,5,5,14.54,14.54,12.68,12.68
16:18:29,DECR,12.75,12.56,14.73,12.75,199,450,6.87,2814.42,47,567,2,0.1,NaN,NaN,NaN,NaN,NaN,25,5,5,14.54,14.54,12.68,12.68
16:18:30,DECR,12.75,12.56,14.7,12.75,209,486,3.34,2817.77,47,568,2,0.1,NaN,NaN,NaN,NaN,NaN,25,5,5,14.54,14.54,12.68,12.68
16:18:31,DECR,12.74,12.56,14.69,12.74,205,498,1.47,2819.23,47,569,2,0.1,NaN,NaN,NaN,NaN,NaN,25,5,5,14.54,14.54,12.68,12.68
16:18:32,DECR,12.74,12.56,14.69,12.74,234,510,1.96,2821.19,47,570,2,0.1,NaN,NaN,NaN,NaN,NaN,25,5,5,14.54,14.54,12.68,12.68
16:18:33,DECR,12.74,12.56,14.69,12.74,264,516,2.52,2823.71,47,571,2,0.1,NaN,NaN,NaN,NaN,NaN,25,5,5,14.54,14.54,12.68,12.68
16:18:34,DECR,12.75,12.56,14.69,12.75,305,517,3.35,2827.06,47,572,2,0.1,NaN,NaN,NaN,NaN,NaN,25,5,5,14.54,14.54,12.68,12.68
16:18:35,DECR,12.75,12.56,14.67,12.75,364,502,4.99,2832.05,47,573,2,0.1,NaN,NaN,NaN,NaN,NaN,25,5,5,14.54,14.54,12.68,12.68
16:18:36,DECR,12.75,12.56,14.65,12.75,393,473,2.99,2835.04,47,574,2,0.1,NaN,NaN,NaN,NaN,NaN,25,5,5,14.54,14.54,12.68,12.68
16:18:37,DECR,12.75,12.56,14.62,12.75,398,478,2.16,2837.2,47,575,2,0.1,NaN,NaN,NaN,NaN,NaN,25,5,5,14.54,14.54,12.68,12.68
16:18:38,DECR,12.75,12.56,14.6,12.75,403,510,2.77,2839.97,47,576,2,0.1,NaN,NaN,NaN,NaN,NaN,25,5,5,14.54,14.54,12.68,12.68
16:18:39,DECR,12.75,12.56,14.6,12.75,411,497,2.35,2842.32,47,577,2,0.1,NaN,NaN,NaN,NaN,NaN,25,5,5,14.54,14.54,12.68,12.68
16:18:40,DECR,12.75,12.56,14.6,12.75,387,487,1.99,2844.31,47,578,2,0.1,NaN,NaN,NaN,NaN,NaN,25,5,5,14.54,14.54,12.68,12.68
16:18:41,DECR,12.74,12.56,14.59,12.74,389,479,0.89,2845.2,47,579,2,0.1,NaN,NaN,NaN,NaN,NaN,25,5,5,14.54,14.54,12.68,12.68
16:18:42,DECR,12.74,12.56,14.59,12.74,417,445,1.41,2846.61,47,580,2,0.1,NaN,NaN,NaN,NaN,NaN,25,5,5,14.54,14.54,12.68,12.68
16:18:43,DECR,12.74,12.56,14.58,12.74,405,416,3,2849.6,47,581,2,0.1,NaN,NaN,NaN,NaN,NaN,25,5,5,14.54,14.54,12.68,12.68
16:18:44,DECR,12.74,12.56,14.58,12.74,404,401,1.49,2851.1,47,582,2,0.1,NaN,NaN,NaN,NaN,NaN,25,5,5,14.54,14.54,12.68,12.68
16:18:45,DECR,12.74,12.56,14.58,12.74,412,377,2.19,2853.28,47,583,2,0.1,NaN,NaN,NaN,NaN,NaN,25,5,5,14.54,14.54,12.68,12.68
16:18:46,DECR,12.74,12.56,14.58,12.74,419,356,1.74,2855.03,47,584,2,0.1,NaN,NaN,NaN,NaN,NaN,25,5,5,14.54,14.54,12.68,12.68
16:18:47,DECR,12.74,12.56,14.58,12.74,414,344,0.99,2856.01,47,585,2,0.1,NaN,NaN,NaN,NaN,NaN,25,5,5,14.54,14.54,12.68,12.68
16:18:48,DECR,12.73,12.56,14.58,12.73,411,320,0.98,2856.99,47,586,2,0.1,NaN,NaN,NaN,NaN,NaN,25,5,5,14.54,14.54,12.68,12.68
16:18:49,DECR,12.73,12.56,14.57,12.73,360,295,4.65,2861.64,47,587,2,0.1,NaN,NaN,NaN,NaN,NaN,25,5,5,14.54,14.54,12.68,12.68
16:18:50,DECR,12.73,12.56,14.56,12.73,304,296,4.62,2866.26,47,588,2,0.1,NaN,NaN,NaN,NaN,NaN,25,5,5,14.54,14.54,12.68,12.68
16:18:51,DECR,12.73,12.56,14.57,12.73,243,312,4.48,2870.75,47,589,2,0.1,NaN,NaN,NaN,NaN,NaN,25,5,5,14.54,14.54,12.68,12.68
16:18:52,DECR,12.73,12.56,14.57,12.73,246,381,6.53,2877.28,47,590,2,0.1,NaN,NaN,NaN,NaN,NaN,25,5,5,14.54,14.54,12.68,12.68
16:18:53,DECR,12.73,12.56,14.56,12.73,219,441,5.54,2882.83,47,591,2,0.1,NaN,NaN,NaN,NaN,NaN,25,5,5,14.54,14.54,12.68,12.68
16:18:54,DECR,12.73,12.56,14.56,12.73,219,488,4.16,2886.99,47,592,2,0.1,NaN,NaN,NaN,NaN,NaN,25,5,5,14.54,14.54,12.68,12.68
16:18:55,DECR,12.73,12.56,14.56,12.73,230,503,2.47,2889.46,47,593,2,0.1,NaN,NaN,NaN,NaN,NaN,25,5,5,14.54,14.54,12.68,12.68
16:18:56,DECR,12.73,12.56,14.56,12.73,256,518,3.45,2892.91,47,594,2,0.1,NaN,NaN,NaN,NaN,NaN,25,5,5,14.54,14.54,12.68,12.68
16:18:57,DECR,12.73,12.56,14.55,12.73,216,489,12.47,2905.38,47,595,2,0.1,NaN,NaN,NaN,NaN,NaN,25,5,5,14.54,14.54,12.68,12.68
16:18:58,DECR,12.72,12.56,14.56,12.72,176,473,5.31,2910.69,47,596,2,0.1,NaN,NaN,NaN,NaN,NaN,25,5,5,14.54,14.54,12.68,12.68
16:18:59,DECR,12.73,12.56,14.56,12.73,185,468,1.74,2912.43,47,597,2,0.1,NaN,NaN,NaN,NaN,NaN,25,5,5,14.54,14.54,12.68,12.68
16:19:00,DECR,12.73,12.56,14.57,12.73,201,467,2.67,2915.1,47,598,2,0.1,NaN,NaN,NaN,NaN,NaN,25,5,5,14.54,14.54,12.68,12.68
16:19:01,DECR,12.74,12.56,14.57,12.74,219,480,2.43,2917.53,47,599,2,0.1,NaN,NaN,NaN,NaN,NaN,25,5,5,14.54,14.54,12.68,12.68
16:19:02,DECR,12.74,12.56,14.57,12.74,254,514,4.01,2921.54,47,600,2,0.1,NaN,NaN,NaN,NaN,NaN,25,5,5,14.54,14.54,12.68,12.68
16:19:03,DECR,12.74,12.56,14.57,12.74,274,525,2.07,2923.61,47,601,2,0.1,NaN,NaN,NaN,NaN,NaN,25,5,5,14.54,14.54,12.68,12.68
16:19:04,DECR,12.74,12.57,14.57,12.74,327,531,4.35,2927.96,47,602,2,0.1,NaN,NaN,NaN,NaN,NaN,25,5,5,14.54,14.54,12.68,12.68
16:19:05,DECR,12.74,12.57,14.57,12.74,369,518,3.59,2931.55,47,603,2,0.1,NaN,NaN,NaN,NaN,NaN,25,5,5,14.54,14.54,12.68,12.68
16:19:06,DECR,12.74,12.57,14.57,12.74,407,513,3.42,2934.97,47,604,2,0.1,NaN,NaN,NaN,NaN,NaN,25,5,5,14.54,14.54,12.68,12.68
16:19:07,DECR,12.73,12.57,14.57,12.73,455,450,6.59,2941.56,47,605,2,0.1,NaN,NaN,NaN,NaN,NaN,25,5,5,14.54,14.54,12.68,12.68
16:19:08,INCR,14.57,12.57,14.57,12.73,568,401,9.78,2951.34,48,605,2,0.1,NaN,NaN,NaN,NaN,NaN,25,5,5,14.54,14.54,12.7,12.68
16:19:09,INCR,14.58,12.57,14.58,12.73,651,496,10.62,2961.97,49,605,2,0.1,NaN,NaN,NaN,NaN,NaN,25,5,5,14.54,14.54,12.7,12.68
16:19:11,INCR,14.58,12.57,14.58,12.74,681,525,3.62,2965.59,50,605,2,0.1,NaN,NaN,NaN,NaN,NaN,25,5,5,14.54,14.54,12.7,12.68
16:19:12,INCR,14.58,12.57,14.58,12.74,675,483,3.92,2969.51,51,605,2,0.1,NaN,NaN,NaN,NaN,NaN,25,5,5,14.54,14.54,12.7,12.68
16:19:13,INCR,14.58,12.57,14.58,12.74,621,411,6.38,2975.88,52,605,2,0.1,NaN,NaN,NaN,NaN,NaN,25,5,5,14.54,14.54,12.7,12.68
16:19:14,INCR,14.59,12.57,14.59,12.74,618,371,3.9,2979.79,53,605,2,0.1,NaN,NaN,NaN,NaN,NaN,25,5,5,14.54,14.54,12.7,12.68
16:19:15,INCR,14.59,12.57,14.59,12.74,650,334,4.03,2983.82,54,605,2,0.1,NaN,NaN,NaN,NaN,NaN,25,5,5,14.54,14.54,12.7,12.68
16:19:16,INCR,14.61,12.57,14.61,12.74,707,316,3.52,2987.34,55,605,2,0.1,NaN,NaN,NaN,NaN,NaN,25,5,5,14.54,14.54,12.7,12.68
16:19:17,INCR,14.63,12.57,14.63,12.74,723,353,3.61,2990.95,56,605,2,0.1,NaN,NaN,NaN,NaN,NaN,25,5,5,14.54,14.54,12.7,12.68
16:19:18,INCR,14.65,12.57,14.65,12.74,744,366,2.5,2993.45,57,605,2,0.1,NaN,NaN,NaN,NaN,NaN,25,5,5,14.54,14.54,12.7,12.68
16:19:19,INCR,14.66,12.57,14.66,12.74,810,330,6.64,3000.1,58,605,2,0.1,NaN,NaN,NaN,NaN,NaN,25,5,5,14.54,14.54,12.7,12.68
16:19:20,INCR,14.66,12.57,14.66,12.74,803,253,6.25,3006.35,59,605,2,0.1,NaN,NaN,NaN,NaN,NaN,25,5,5,14.54,14.54,12.7,12.68
16:19:21,INCR,14.67,12.57,14.67,12.74,729,254,5.73,3012.08,60,605,2,0.1,NaN,NaN,NaN,NaN,NaN,25,5,5,14.54,14.54,12.7,12.68
16:19:22,INCR,14.67,12.57,14.67,12.74,666,301,6.61,3018.69,61,605,2,0.1,NaN,NaN,NaN,NaN,NaN,25,5,5,14.54,14.54,12.7,12.68
16:19:23,INCR,14.67,12.57,14.67,12.74,640,341,3.95,3022.64,62,605,2,0.1,NaN,NaN,NaN,NaN,NaN,25,5,5,14.54,14.54,12.7,12.68
16:19:24,INCR,14.67,12.57,14.67,12.74,592,384,5,3027.64,63,605,2,0.1,NaN,NaN,NaN,NaN,NaN,25,5,5,14.54,14.54,12.7,12.68
16:19:25,INCR,14.69,12.57,14.69,12.74,562,394,2.37,3030,64,605,2,0.1,NaN,NaN,NaN,NaN,NaN,25,5,5,14.54,14.54,12.7,12.68
16:19:26,DECR,12.74,12.57,14.72,12.74,470,424,7.89,3037.9,64,606,2,0.1,NaN,NaN,NaN,NaN,NaN,25,5,5,14.59,14.63,12.7,12.68
16:19:27,DECR,12.74,12.57,14.75,12.74,442,508,7.58,3045.48,64,607,2,0.1,NaN,NaN,NaN,NaN,NaN,25,5,5,14.59,14.63,12.7,12.68
16:19:28,DECR,12.74,12.57,14.76,12.74,414,493,3.9,3049.38,64,608,2,0.1,NaN,NaN,NaN,NaN,NaN,25,5,5,14.59,14.63,12.7,12.68
16:19:29,DECR,12.74,12.57,14.76,12.74,418,503,2.38,3051.76,64,609,2,0.1,NaN,NaN,NaN,NaN,NaN,25,5,5,14.59,14.63,12.7,12.68
16:19:30,DECR,12.74,12.57,14.76,12.74,373,431,45.24,3097,64,610,2,0.1,NaN,NaN,NaN,NaN,NaN,25,5,5,14.59,14.63,12.7,12.68
16:19:31,DECR,12.74,12.57,14.76,12.74,389,477,4.05,3101.05,64,611,2,0.1,NaN,NaN,NaN,NaN,NaN,25,5,5,14.59,14.63,12.7,12.68
16:19:32,DECR,12.74,12.57,14.77,12.74,405,479,1.82,3102.87,64,612,2,0.1,NaN,NaN,NaN,NaN,NaN,25,5,5,14.59,14.63,12.7,12.68
16:19:33,DECR,12.74,12.57,14.77,12.74,428,455,2.33,3105.2,64,613,2,0.1,NaN,NaN,NaN,NaN,NaN,25,5,5,14.59,14.63,12.7,12.68
16:19:34,DECR,12.74,12.57,14.77,12.74,443,434,2.16,3107.35,64,614,2,0.1,NaN,NaN,NaN,NaN,NaN,25,5,5,14.59,14.63,12.7,12.68
16:19:35,DECR,12.75,12.57,14.77,12.75,453,457,2.78,3110.13,64,615,2,0.1,NaN,NaN,NaN,NaN,NaN,25,5,5,14.59,14.63,12.7,12.68
16:19:36,DECR,12.74,12.57,14.77,12.74,466,445,1.51,3111.64,64,616,2,0.1,NaN,NaN,NaN,NaN,NaN,25,5,5,14.59,14.63,12.7,12.68
16:19:37,DECR,12.74,12.57,14.78,12.74,440,420,4.25,3115.89,64,617,2,0.1,NaN,NaN,NaN,NaN,NaN,25,5,5,14.59,14.63,12.7,12.68
16:19:38,DECR,12.74,12.57,14.78,12.74,442,410,1.25,3117.15,64,618,2,0.1,NaN,NaN,NaN,NaN,NaN,25,5,5,14.59,14.63,12.7,12.68
16:19:39,DECR,12.75,12.57,14.78,12.75,477,390,3.3,3120.44,64,619,2,0.1,NaN,NaN,NaN,NaN,NaN,25,5,5,14.59,14.63,12.7,12.68
16:19:40,DECR,12.75,12.57,14.78,12.75,526,393,4.11,3124.56,64,620,2,0.1,NaN,NaN,NaN,NaN,NaN,25,5,5,14.59,14.63,12.7,12.68
16:19:41,INCR,14.78,12.57,14.78,12.75,738,383,14.68,3139.24,65,620,2,0.1,NaN,NaN,NaN,NaN,NaN,25,5,5,14.59,14.63,12.71,12.71
16:19:42,INCR,14.78,12.57,14.78,12.75,882,388,11.78,3151.02,66,620,2,0.1,NaN,NaN,NaN,NaN,NaN,25,5,5,14.59,14.63,12.71,12.71
16:19:43,INCR,14.78,12.57,14.78,12.76,904,399,3.68,3154.7,67,620,2,0.1,NaN,NaN,NaN,NaN,NaN,25,5,5,14.59,14.63,12.71,12.71
16:19:44,INCR,14.77,12.57,14.77,12.75,899,360,3.51,3158.21,68,620,2,0.1,NaN,NaN,NaN,NaN,NaN,25,5,5,14.59,14.63,12.71,12.71
16:19:45,INCR,14.77,12.57,14.77,12.75,867,351,2.67,3160.88,69,620,2,0.1,NaN,NaN,NaN,NaN,NaN,25,5,5,14.59,14.63,12.71,12.71
16:19:46,INCR,14.77,12.57,14.77,12.75,824,375,4.06,3164.94,70,620,2,0.1,NaN,NaN,NaN,NaN,NaN,25,5,5,14.59,14.63,12.71,12.71
16:19:47,INCR,14.77,12.57,14.77,12.75,753,449,7.88,3172.82,71,620,2,0.1,NaN,NaN,NaN,NaN,NaN,25,5,5,14.59,14.63,12.71,12.71
16:19:48,INCR,14.77,12.57,14.77,12.76,702,487,5.42,3178.24,72,620,2,0.1,NaN,NaN,NaN,NaN,NaN,25,5,5,14.59,14.63,12.71,12.71
16:19:49,INCR,14.77,12.57,14.77,12.76,669,470,3.66,3181.91,73,620,2,0.1,NaN,NaN,NaN,NaN,NaN,25,5,5,14.59,14.63,12.71,12.71
16:19:50,INCR,14.77,12.57,14.77,12.76,636,442,3.86,3185.77,74,620,2,0.1,NaN,NaN,NaN,NaN,NaN,25,5,5,14.59,14.63,12.71,12.71
16:19:51,INCR,14.77,12.57,14.77,12.76,626,413,3.39,3189.16,75,620,2,0.1,NaN,NaN,NaN,NaN,NaN,25,5,5,14.59,14.63,12.71,12.71
16:19:52,INCR,14.76,12.57,14.76,12.75,605,379,3.83,3192.99,76,620,2,0.1,NaN,NaN,NaN,NaN,NaN,25,5,5,14.59,14.63,12.71,12.71
16:19:53,INCR,14.76,12.57,14.76,12.75,634,403,5.65,3198.64,77,620,2,0.1,NaN,NaN,NaN,NaN,NaN,25,5,5,14.59,14.63,12.71,12.71
16:19:54,INCR,14.76,12.57,14.76,12.75,640,407,2.99,3201.63,78,620,2,0.1,NaN,NaN,NaN,NaN,NaN,25,5,5,14.59,14.63,12.71,12.71
16:19:55,INCR,14.76,12.57,14.76,12.76,615,397,3.23,3204.86,79,620,2,0.1,NaN,NaN,NaN,NaN,NaN,25,5,5,14.59,14.63,12.71,12.71
16:19:56,INCR,14.76,12.57,14.76,12.76,625,370,4.77,3209.63,80,620,2,0.1,NaN,NaN,NaN,NaN,NaN,25,5,5,14.59,14.63,12.71,12.71
16:19:57,INCR,14.77,12.57,14.77,12.76,636,389,2.15,3211.78,81,620,2,0.1,NaN,NaN,NaN,NaN,NaN,25,5,5,14.59,14.63,12.71,12.71
16:19:58,INCR,14.77,12.57,14.77,12.77,634,432,3.49,3215.26,82,620,2,0.1,NaN,NaN,NaN,NaN,NaN,25,5,5,14.59,14.63,12.71,12.71
16:19:59,INCR,14.77,12.57,14.77,12.76,640,433,1.32,3216.59,83,620,2,0.1,NaN,NaN,NaN,NaN,NaN,25,5,5,14.59,14.63,12.71,12.71
16:20:00,INCR,14.77,12.58,14.77,12.77,642,416,1.62,3218.21,84,620,2,0.1,NaN,NaN,NaN,NaN,NaN,25,5,5,14.59,14.63,12.71,12.71
16:20:01,INCR,14.77,12.58,14.77,12.76,693,437,5.02,3223.23,85,620,2,0.1,NaN,NaN,NaN,NaN,NaN,25,5,5,14.59,14.63,12.71,12.71
16:20:02,INCR,14.77,12.58,14.77,12.77,704,513,6.67,3229.9,86,620,2,0.1,NaN,NaN,NaN,NaN,NaN,25,5,5,14.59,14.63,12.71,12.71
16:20:03,INCR,14.77,12.58,14.77,12.77,686,514,1.97,3231.87,87,620,2,0.1,NaN,NaN,NaN,NaN,NaN,25,5,5,14.59,14.63,12.71,12.71
16:20:04,INCR,14.77,12.58,14.77,12.77,685,489,2.75,3234.62,88,620,2,0.1,NaN,NaN,NaN,NaN,NaN,25,5,5,14.59,14.63,12.71,12.71
16:20:06,INCR,14.77,12.58,14.77,12.77,649,433,5.58,3240.2,89,620,2,0.1,NaN,NaN,NaN,NaN,NaN,25,5,5,14.59,14.63,12.71,12.71
16:20:07,INCR,14.77,12.59,14.77,12.76,609,386,4.99,3245.19,90,620,2,0.1,NaN,NaN,NaN,NaN,NaN,25,5,5,14.59,14.63,12.71,12.71
16:20:08,INCR,14.78,12.59,14.78,12.76,619,357,2.6,3247.78,91,620,2,0.1,NaN,NaN,NaN,NaN,NaN,25,5,5,14.59,14.63,12.71,12.71
16:20:09,INCR,14.78,12.59,14.78,12.76,666,318,5.2,3252.98,92,620,2,0.1,NaN,NaN,NaN,NaN,NaN,25,5,5,14.59,14.63,12.71,12.71
16:20:10,INCR,14.78,12.59,14.78,12.77,727,300,5.06,3258.04,93,620,2,0.1,NaN,NaN,NaN,NaN,NaN,25,5,5,14.59,14.63,12.71,12.71
16:20:11,INCR,14.79,12.59,14.79,12.77,782,305,4.64,3262.68,94,620,2,0.1,NaN,NaN,NaN,NaN,NaN,25,5,5,14.59,14.63,12.71,12.71
16:20:12,INCR,14.79,12.59,14.79,12.77,773,385,7.01,3269.69,95,620,2,0.1,NaN,NaN,NaN,NaN,NaN,25,5,5,14.59,14.63,12.71,12.71
16:20:13,INCR,14.79,12.59,14.79,12.76,808,484,7.37,3277.07,96,620,2,0.1,NaN,NaN,NaN,NaN,NaN,25,5,5,14.59,14.63,12.71,12.71
16:20:14,INCR,14.8,12.59,14.8,12.76,857,517,4.89,3281.95,97,620,2,0.1,NaN,NaN,NaN,NaN,NaN,25,5,5,14.59,14.63,12.71,12.71
16:20:15,INCR,14.83,12.59,14.83,12.77,909,475,5.51,3287.46,98,620,2,0.1,NaN,NaN,NaN,NaN,NaN,25,5,5,14.59,14.63,12.71,12.71
16:20:16,INCR,14.85,12.59,14.85,12.77,919,415,5.01,3292.47,99,620,2,0.1,NaN,NaN,NaN,NaN,NaN,25,5,5,14.59,14.63,12.71,12.71
16:20:17,INCR,14.86,12.6,14.86,12.77,903,348,5.68,3298.15,100,620,2,0.1,NaN,NaN,NaN,NaN,NaN,25,5,5,14.59,14.63,12.71,12.71
16:20:18,INCR,14.87,12.61,14.87,12.77,863,304,4.67,3302.82,101,620,2,0.1,NaN,NaN,NaN,NaN,NaN,25,5,5,14.59,14.63,12.71,12.71
16:20:19,INCR,14.87,12.62,14.87,12.77,827,285,3.38,3306.2,102,620,2,0.1,NaN,NaN,NaN,NaN,NaN,25,5,5,14.59,14.63,12.71,12.71
16:20:20,INCR,14.89,12.63,14.89,12.78,794,288,2.8,3309,103,620,2,0.1,NaN,NaN,NaN,NaN,NaN,25,5,5,14.59,14.63,12.71,12.71
16:20:21,INCR,14.92,12.63,14.92,12.77,724,394,10.4,3319.4,104,620,2,0.1,NaN,NaN,NaN,NaN,NaN,25,5,5,14.59,14.63,12.71,12.71
16:20:22,INCR,14.95,12.63,14.95,12.77,667,469,7.88,3327.28,105,620,2,0.1,NaN,NaN,NaN,NaN,NaN,25,5,5,14.59,14.63,12.71,12.71
16:20:23,INCR,14.95,12.63,14.95,12.77,680,514,3.92,3331.2,106,620,2,0.1,NaN,NaN,NaN,NaN,NaN,25,5,5,14.59,14.63,12.71,12.71
16:20:24,INCR,14.96,12.63,14.96,12.78,742,551,5.36,3336.57,107,620,2,0.1,NaN,NaN,NaN,NaN,NaN,25,5,5,14.59,14.63,12.71,12.71
16:20:25,INCR,14.96,12.63,14.96,12.78,763,555,2.17,3338.73,108,620,2,0.1,NaN,NaN,NaN,NaN,NaN,25,5,5,14.59,14.63,12.71,12.71
16:20:26,INCR,14.97,12.63,14.97,12.79,730,518,4.02,3342.76,109,620,2,0.1,NaN,NaN,NaN,NaN,NaN,25,5,5,14.59,14.63,12.71,12.71
16:20:27,INCR,14.97,12.63,14.97,12.79,699,501,2.89,3345.65,110,620,2,0.1,NaN,NaN,NaN,NaN,NaN,25,5,5,14.59,14.63,12.71,12.71
16:20:28,INCR,14.97,12.63,14.97,12.79,661,449,5.4,3351.05,111,620,2,0.1,NaN,NaN,NaN,NaN,NaN,25,5,5,14.59,14.63,12.71,12.71
16:20:29,INCR,14.99,12.63,14.99,12.79,645,399,4.33,3355.38,112,620,2,0.1,NaN,NaN,NaN,NaN,NaN,25,5,5,14.59,14.63,12.71,12.71
16:20:30,INCR,15.03,12.64,15.03,12.79,619,376,2.97,3358.36,113,620,2,0.1,NaN,NaN,NaN,NaN,NaN,25,5,5,14.59,14.63,12.71,12.71
16:20:31,INCR,15.07,12.64,15.07,12.79,557,401,5.45,3363.8,114,620,2,0.1,NaN,NaN,NaN,NaN,NaN,25,5,5,14.59,14.63,12.71,12.71
16:20:32,DECR,12.79,12.64,15.09,12.79,484,425,6.36,3370.16,114,621,2,0.1,NaN,NaN,NaN,NaN,NaN,25,5,5,14.7,14.65,12.71,12.71
16:20:33,DECR,12.79,12.64,15.09,12.79,376,479,9.96,3380.12,114,622,2,0.1,NaN,NaN,NaN,NaN,NaN,25,5,5,14.7,14.65,12.71,12.71
16:20:34,DECR,12.82,12.64,15.1,12.82,298,511,6.01,3386.13,114,623,2,0.1,NaN,NaN,NaN,NaN,NaN,25,5,5,14.7,14.65,12.71,12.71
16:20:35,DECR,12.85,12.64,15.1,12.85,255,535,4.06,3390.19,114,624,2,0.1,NaN,NaN,NaN,NaN,NaN,25,5,5,14.7,14.65,12.71,12.71
16:20:36,DECR,12.88,12.64,15.11,12.88,171,477,7.37,3397.56,114,625,2,0.1,NaN,NaN,NaN,NaN,NaN,25,5,5,14.7,14.65,12.71,12.71
16:20:37,DECR,12.89,12.64,15.11,12.89,155,402,6.23,3403.79,114,626,2,0.1,NaN,NaN,NaN,NaN,NaN,25,5,5,14.7,14.65,12.71,12.71
16:20:38,DECR,12.91,12.64,15.12,12.91,197,318,7.87,3411.66,114,627,2,0.1,NaN,NaN,NaN,NaN,NaN,25,5,5,14.7,14.65,12.71,12.71
16:20:39,DECR,12.94,12.64,15.12,12.94,216,302,2.1,3413.76,114,628,2,0.1,NaN,NaN,NaN,NaN,NaN,25,5,5,14.7,14.65,12.71,12.71
16:20:40,DECR,12.97,12.64,15.12,12.97,326,284,9.15,3422.91,114,629,2,0.1,NaN,NaN,NaN,NaN,NaN,25,5,5,14.7,14.65,12.71,12.71
16:20:41,DECR,12.99,12.64,15.12,12.99,361,316,3.94,3426.85,114,630,2,0.1,NaN,NaN,NaN,NaN,NaN,25,5,5,14.7,14.65,12.71,12.71
16:20:42,DECR,13.01,12.64,15.12,13.01,383,343,2.54,3429.38,114,631,2,0.1,NaN,NaN,NaN,NaN,NaN,25,5,5,14.7,14.65,12.71,12.71
16:20:43,DECR,13.06,12.64,15.13,13.06,393,350,0.95,3430.33,114,632,2,0.1,NaN,NaN,NaN,NaN,NaN,25,5,5,14.7,14.65,12.71,12.71
16:20:44,DECR,13.1,12.64,15.13,13.1,406,370,2.14,3432.47,114,633,2,0.1,NaN,NaN,NaN,NaN,NaN,25,5,5,14.7,14.65,12.71,12.71
16:20:45,DECR,13.13,12.64,15.13,13.13,432,353,2.85,3435.32,114,634,2,0.1,NaN,NaN,NaN,NaN,NaN,25,5,5,14.7,14.65,12.71,12.71
16:20:46,DECR,13.14,12.64,15.13,13.14,426,332,1.86,3437.18,114,635,2,0.1,NaN,NaN,NaN,NaN,NaN,25,5,5,14.7,14.65,12.71,12.71
16:20:47,DECR,13.14,12.64,15.13,13.14,401,308,2.57,3439.75,114,636,2,0.1,NaN,NaN,NaN,NaN,NaN,25,5,5,14.7,14.65,12.71,12.71
16:20:48,DECR,13.14,12.64,15.13,13.14,365,286,3.32,3443.06,114,637,2,0.1,NaN,NaN,NaN,NaN,NaN,25,5,5,14.7,14.65,12.71,12.71
16:20:49,DECR,13.14,12.64,15.13,13.14,354,300,2.14,3445.2,114,638,2,0.1,NaN,NaN,NaN,NaN,NaN,25,5,5,14.7,14.65,12.71,12.71
16:20:50,DECR,13.15,12.64,15.13,13.15,350,285,2.08,3447.29,114,639,2,0.1,NaN,NaN,NaN,NaN,NaN,25,5,5,14.7,14.65,12.71,12.71
16:20:51,DECR,13.15,12.64,15.13,13.15,298,281,4.46,3451.74,114,640,2,0.1,NaN,NaN,NaN,NaN,NaN,25,5,5,14.7,14.65,12.71,12.71
16:20:52,DECR,13.15,12.64,15.13,13.15,238,309,5.41,3457.15,114,641,2,0.1,NaN,NaN,NaN,NaN,NaN,25,5,5,14.7,14.65,12.71,12.71
16:20:53,DECR,13.15,12.64,15.13,13.15,179,396,8.78,3465.93,114,642,2,0.1,NaN,NaN,NaN,NaN,NaN,25,5,5,14.7,14.65,12.71,12.71
16:20:54,DECR,13.16,12.64,15.13,13.16,188,470,6.14,3472.07,114,643,2,0.1,NaN,NaN,NaN,NaN,NaN,25,5,5,14.7,14.65,12.71,12.71
16:20:55,DECR,13.17,12.64,15.13,13.17,246,532,6.98,3479.05,114,644,2,0.1,NaN,NaN,NaN,NaN,NaN,25,5,5,14.7,14.65,12.71,12.71
16:20:56,DECR,13.17,12.64,15.13,13.17,285,409,20.29,3499.34,114,645,2,0.1,NaN,NaN,NaN,NaN,NaN,25,5,5,14.7,14.65,12.71,12.71
16:20:57,DECR,13.18,12.64,15.13,13.18,192,438,9.31,3508.65,114,646,2,0.1,NaN,NaN,NaN,NaN,NaN,25,5,5,14.7,14.65,12.71,12.71
16:20:58,DECR,13.18,12.64,15.13,13.18,218,493,5.32,3513.97,114,647,2,0.1,NaN,NaN,NaN,NaN,NaN,25,5,5,14.7,14.65,12.71,12.71
16:20:59,DECR,13.21,12.64,15.12,13.21,290,530,6.09,3520.06,114,648,2,0.1,NaN,NaN,NaN,NaN,NaN,25,5,5,14.7,14.65,12.71,12.71
16:21:00,DECR,13.24,12.64,15.12,13.24,351,522,5.05,3525.11,114,649,2,0.1,NaN,NaN,NaN,NaN,NaN,25,5,5,14.7,14.65,12.71,12.71
16:21:02,DECR,13.27,12.64,15.12,13.27,417,427,9.17,3534.28,114,650,2,0.1,NaN,NaN,NaN,NaN,NaN,25,5,5,14.7,14.65,12.71,12.71
16:21:03,DECR,13.27,12.64,15.1,13.27,354,325,9.79,3544.08,114,651,2,0.1,NaN,NaN,NaN,NaN,NaN,25,5,5,14.7,14.65,12.71,12.71
16:21:04,DECR,13.27,12.64,15.08,13.27,335,281,3.63,3547.71,114,652,2,0.1,NaN,NaN,NaN,NaN,NaN,25,5,5,14.7,14.65,12.71,12.71
16:21:05,DECR,13.27,12.64,15.05,13.27,291,281,3.42,3551.13,114,653,2,0.1,NaN,NaN,NaN,NaN,NaN,25,5,5,14.7,14.65,12.71,12.71
16:21:06,DECR,13.28,12.64,15.05,13.28,201,316,6.6,3557.73,114,654,2,0.1,NaN,NaN,NaN,NaN,NaN,25,5,5,14.7,14.65,12.71,12.71
16:21:07,DECR,13.28,12.64,15.05,13.28,163,427,8.97,3566.7,114,655,2,0.1,NaN,NaN,NaN,NaN,NaN,25,5,5,14.7,14.65,12.71,12.71
16:21:08,DECR,13.28,12.64,15.04,13.28,212,498,7.16,3573.86,114,656,2,0.1,NaN,NaN,NaN,NaN,NaN,25,5,5,14.7,14.65,12.71,12.71
16:21:09,DECR,13.28,12.64,15.04,13.28,237,535,4.28,3578.14,114,657,2,0.1,NaN,NaN,NaN,NaN,NaN,25,5,5,14.7,14.65,12.71,12.71
16:21:10,DECR,13.28,12.64,15.03,13.28,257,519,2.97,3581.12,114,658,2,0.1,NaN,NaN,NaN,NaN,NaN,25,5,5,14.7,14.65,12.71,12.71
16:21:11,DECR,13.28,12.64,15,13.28,327,533,5.29,3586.4,114,659,2,0.1,NaN,NaN,NaN,NaN,NaN,25,5,5,14.7,14.65,12.71,12.71
16:21:12,DECR,13.28,12.64,14.98,13.28,382,506,5.15,3591.55,114,660,2,0.1,NaN,NaN,NaN,NaN,NaN,25,5,5,14.7,14.65,12.71,12.71
16:21:13,DECR,13.28,12.64,14.96,13.28,413,458,4.67,3596.22,114,661,2,0.1,NaN,NaN,NaN,NaN,NaN,25,5,5,14.7,14.65,12.71,12.71
16:21:14,DECR,13.28,12.65,14.96,13.28,405,437,2.02,3598.24,114,662,2,0.1,NaN,NaN,NaN,NaN,NaN,25,5,5,14.7,14.65,12.71,12.71
16:21:15,DECR,13.28,12.65,14.96,13.28,404,399,2.95,3601.19,114,663,2,0.1,NaN,NaN,NaN,NaN,NaN,25,5,5,14.7,14.65,12.71,12.71
16:21:16,DECR,13.29,12.65,14.95,13.29,395,353,3.94,3605.13,114,664,2,0.1,NaN,NaN,NaN,NaN,NaN,25,5,5,14.7,14.65,12.71,12.71
16:21:17,DECR,13.29,12.65,14.95,13.29,354,308,4.96,3610.09,114,665,2,0.1,NaN,NaN,NaN,NaN,NaN,25,5,5,14.7,14.65,12.71,12.71
16:21:18,DECR,13.28,12.65,14.94,13.28,319,337,2.61,3612.7,114,666,2,0.1,NaN,NaN,NaN,NaN,NaN,25,5,5,14.7,14.65,12.71,12.71
16:21:19,DECR,13.28,12.65,14.95,13.28,286,421,7.35,3620.05,114,667,2,0.1,NaN,NaN,NaN,NaN,NaN,25,5,5,14.7,14.65,12.71,12.71
16:21:20,DECR,13.29,12.65,14.94,13.29,237,495,6.92,3626.97,114,668,2,0.1,NaN,NaN,NaN,NaN,NaN,25,5,5,14.7,14.65,12.71,12.71
16:21:21,DECR,13.29,12.65,14.94,13.29,264,520,2.01,3628.98,114,669,2,0.1,NaN,NaN,NaN,NaN,NaN,25,5,5,14.7,14.65,12.71,12.71
16:21:22,DECR,13.28,12.65,14.94,13.28,285,534,2.29,3631.27,114,670,2,0.1,NaN,NaN,NaN,NaN,NaN,25,5,5,14.7,14.65,12.71,12.71
16:21:23,DECR,13.28,12.65,14.94,13.28,282,541,2.41,3633.69,114,671,2,0.1,NaN,NaN,NaN,NaN,NaN,25,5,5,14.7,14.65,12.71,12.71
16:21:24,DECR,13.29,12.65,14.94,13.29,265,510,2.7,3636.38,114,672,2,0.1,NaN,NaN,NaN,NaN,NaN,25,5,5,14.7,14.65,12.71,12.71
16:21:25,DECR,13.29,12.65,14.93,13.29,226,478,4.31,3640.69,114,673,2,0.1,NaN,NaN,NaN,NaN,NaN,25,5,5,14.7,14.65,12.71,12.71
16:21:26,DECR,13.29,12.65,14.93,13.29,189,493,2.93,3643.62,114,674,2,0.1,NaN,NaN,NaN,NaN,NaN,25,5,5,14.7,14.65,12.71,12.71
16:21:27,DECR,13.29,12.65,14.93,13.29,168,432,5.23,3648.84,114,675,2,0.1,NaN,NaN,NaN,NaN,NaN,25,5,5,14.7,14.65,12.71,12.71
16:21:28,DECR,13.29,12.65,14.93,13.29,175,329,8.7,3657.54,114,676,2,0.1,NaN,NaN,NaN,NaN,NaN,25,5,5,14.7,14.65,12.71,12.71
16:21:29,DECR,13.29,12.65,14.93,13.29,274,249,9.75,3667.3,114,677,2,0.1,NaN,NaN,NaN,NaN,NaN,25,5,5,14.7,14.65,12.71,12.71
16:21:30,DECR,13.29,12.65,14.94,13.29,373,266,8.54,3675.84,114,678,2,0.1,NaN,NaN,NaN,NaN,NaN,25,5,5,14.7,14.65,12.71,12.71
16:21:31,DECR,13.3,12.65,14.94,13.3,433,321,6.63,3682.47,114,679,2,0.1,NaN,NaN,NaN,NaN,NaN,25,5,5,14.7,14.65,12.71,12.71
16:21:32,DECR,13.3,12.65,14.94,13.3,408,307,2.32,3684.78,114,680,2,0.1,NaN,NaN,NaN,NaN,NaN,25,5,5,14.7,14.65,12.71,12.71
16:21:33,DECR,13.3,12.65,14.94,13.3,397,334,2.77,3687.55,114,681,2,0.1,NaN,NaN,NaN,NaN,NaN,25,5,5,14.7,14.65,12.71,12.71
16:21:34,DECR,13.29,12.65,14.94,13.29,367,415,7.18,3694.73,114,682,2,0.1,NaN,NaN,NaN,NaN,NaN,25,5,5,14.7,14.65,12.71,12.71
16:21:35,DECR,13.3,12.65,14.95,13.3,283,505,10.07,3704.8,114,683,2,0.1,NaN,NaN,NaN,NaN,NaN,25,5,5,14.7,14.65,12.71,12.71
16:21:36,DECR,13.3,12.65,14.95,13.3,275,553,4.95,3709.75,114,684,2,0.1,NaN,NaN,NaN,NaN,NaN,25,5,5,14.7,14.65,12.71,12.71
16:21:37,DECR,13.3,12.65,14.95,13.3,213,498,9.3,3719.05,114,685,2,0.1,NaN,NaN,NaN,NaN,NaN,25,5,5,14.7,14.65,12.71,12.71
16:21:38,DECR,13.3,12.65,14.95,13.3,252,534,7.72,3726.77,114,686,2,0.1,NaN,NaN,NaN,NaN,NaN,25,5,5,14.7,14.65,12.71,12.71
16:21:39,DECR,13.3,12.65,14.95,13.3,298,561,14.32,3741.1,114,687,2,0.1,NaN,NaN,NaN,NaN,NaN,25,5,5,14.7,14.65,12.71,12.71
16:21:40,DECR,13.3,12.65,14.95,13.3,239,514,8.21,3749.31,114,688,2,0.1,NaN,NaN,NaN,NaN,NaN,25,5,5,14.7,14.65,12.71,12.71
16:21:41,DECR,13.31,12.65,14.96,13.31,156,421,15.41,3764.72,114,689,2,0.1,NaN,NaN,NaN,NaN,NaN,25,5,5,14.7,14.65,12.71,12.71
16:21:42,DECR,13.3,12.65,14.96,13.3,188,433,6.78,3771.5,114,690,2,0.1,NaN,NaN,NaN,NaN,NaN,25,5,5,14.7,14.65,12.71,12.71
16:21:43,DECR,13.31,12.65,14.96,13.31,190,459,2.42,3773.93,114,691,2,0.1,NaN,NaN,NaN,NaN,NaN,25,5,5,14.7,14.65,12.71,12.71
16:21:44,DECR,13.31,12.65,14.97,13.31,172,427,3.94,3777.87,114,692,2,0.1,NaN,NaN,NaN,NaN,NaN,25,5,5,14.7,14.65,12.71,12.71
16:21:45,DECR,13.31,12.65,14.97,13.31,160,410,2.64,3780.51,114,693,2,0.1,NaN,NaN,NaN,NaN,NaN,25,5,5,14.7,14.65,12.71,12.71
16:21:46,DECR,13.31,12.65,14.97,13.31,180,425,3.44,3783.95,114,694,2,0.1,NaN,NaN,NaN,NaN,NaN,25,5,5,14.7,14.65,12.71,12.71
16:21:47,DECR,13.31,12.66,14.98,13.31,208,459,3.65,3787.6,114,695,2,0.1,NaN,NaN,NaN,NaN,NaN,25,5,5,14.7,14.65,12.71,12.71
16:21:48,DECR,13.31,12.66,14.98,13.31,211,500,3.5,3791.1,114,696,2,0.1,NaN,NaN,NaN,NaN,NaN,25,5,5,14.7,14.65,12.71,12.71
16:21:49,DECR,13.31,12.66,14.98,13.31,243,510,3.47,3794.57,114,697,2,0.1,NaN,NaN,NaN,NaN,NaN,25,5,5,14.7,14.65,12.71,12.71
16:21:50,DECR,13.31,12.66,14.97,13.31,189,484,8.58,3803.14,114,698,2,0.1,NaN,NaN,NaN,NaN,NaN,25,5,5,14.7,14.65,12.71,12.71
16:21:51,DECR,13.31,12.66,14.97,13.31,188,460,8.44,3811.58,114,699,2,0.1,NaN,NaN,NaN,NaN,NaN,25,5,5,14.7,14.65,12.71,12.71
16:21:52,DECR,13.3,12.66,14.97,13.3,150,398,9.9,3821.49,114,700,2,0.1,NaN,NaN,NaN,NaN,NaN,25,5,5,14.7,14.65,12.71,12.71
16:21:53,DECR,13.31,12.66,14.97,13.31,185,476,6.96,3828.45,114,701,2,0.1,NaN,NaN,NaN,NaN,NaN,25,5,5,14.7,14.65,12.71,12.71
16:21:54,DECR,13.3,12.66,14.97,13.3,208,519,9.16,3837.61,114,702,2,0.1,NaN,NaN,NaN,NaN,NaN,25,5,5,14.7,14.65,12.71,12.71
16:21:55,DECR,13.31,12.66,14.97,13.31,281,554,8.89,3846.5,114,703,2,0.1,NaN,NaN,NaN,NaN,NaN,25,5,5,14.7,14.65,12.71,12.71
16:21:57,DECR,13.31,12.66,14.98,13.31,256,547,2.5,3849,114,704,2,0.1,NaN,NaN,NaN,NaN,NaN,25,5,5,14.7,14.65,12.71,12.71
16:21:58,DECR,13.31,12.66,14.98,13.31,194,497,6.68,3855.68,114,705,2,0.1,NaN,NaN,NaN,NaN,NaN,25,5,5,14.7,14.65,12.71,12.71
16:21:59,DECR,13.31,12.66,14.98,13.31,181,462,3.24,3858.92,114,706,2,0.1,NaN,NaN,NaN,NaN,NaN,25,5,5,14.7,14.65,12.71,12.71
16:22:00,DECR,13.31,12.66,14.98,13.31,176,449,1.54,3860.46,114,707,2,0.1,NaN,NaN,NaN,NaN,NaN,25,5,5,14.7,14.65,12.71,12.71
16:22:01,DECR,13.31,12.66,14.98,13.31,186,445,1.25,3861.71,114,708,2,0.1,NaN,NaN,NaN,NaN,NaN,25,5,5,14.7,14.65,12.71,12.71
16:22:02,DECR,13.31,12.66,14.98,13.31,200,448,2.21,3863.93,114,709,2,0.1,NaN,NaN,NaN,NaN,NaN,25,5,5,14.7,14.65,12.71,12.71
16:22:03,DECR,13.31,12.66,14.98,13.31,211,445,1.49,3865.41,114,710,2,0.1,NaN,NaN,NaN,NaN,NaN,25,5,5,14.7,14.65,12.71,12.71
16:22:04,DECR,13.32,12.66,14.98,13.32,221,452,0.97,3866.38,114,711,2,0.1,NaN,NaN,NaN,NaN,NaN,25,5,5,14.7,14.65,12.71,12.71
16:22:05,DECR,13.32,12.66,14.99,13.32,223,451,0.49,3866.87,114,712,2,0.1,NaN,NaN,NaN,NaN,NaN,25,5,5,14.7,14.65,12.71,12.71
16:22:06,DECR,13.32,12.66,14.99,13.32,226,442,0.95,3867.82,114,713,2,0.1,NaN,NaN,NaN,NaN,NaN,25,5,5,14.7,14.65,12.71,12.71
16:22:07,DECR,13.32,12.66,14.98,13.32,219,435,0.88,3868.7,114,714,2,0.1,NaN,NaN,NaN,NaN,NaN,25,5,5,14.7,14.65,12.71,12.71
16:22:08,DECR,13.32,12.66,14.98,13.32,214,442,0.97,3869.67,114,715,2,0.1,NaN,NaN,NaN,NaN,NaN,25,5,5,14.7,14.65,12.71,12.71
16:22:09,DECR,13.32,12.66,14.99,13.32,205,444,0.51,3870.18,114,716,2,0.1,NaN,NaN,NaN,NaN,NaN,25,5,5,14.7,14.65,12.71,12.71
16:22:10,DECR,13.32,12.66,14.99,13.32,200,452,0.94,3871.12,114,717,2,0.1,NaN,NaN,NaN,NaN,NaN,25,5,5,14.7,14.65,12.71,12.71
16:22:11,DECR,13.32,12.66,15,13.32,202,466,1.15,3872.28,114,718,2,0.1,NaN,NaN,NaN,NaN,NaN,25,5,5,14.7,14.65,12.71,12.71
16:22:12,DECR,13.33,12.66,15,13.33,217,491,2.37,3874.65,114,719,2,0.1,NaN,NaN,NaN,NaN,NaN,25,5,5,14.7,14.65,12.71,12.71
16:22:13,DECR,13.33,12.66,15.01,13.33,242,507,2.5,3877.15,114,720,2,0.1,NaN,NaN,NaN,NaN,NaN,25,5,5,14.7,14.65,12.71,12.71
16:22:14,DECR,13.32,12.66,15.01,13.32,268,507,1.73,3878.88,114,721,2,0.1,NaN,NaN,NaN,NaN,NaN,25,5,5,14.7,14.65,12.71,12.71
16:22:15,DECR,13.32,12.66,15.04,13.32,282,503,1.37,3880.25,114,722,2,0.1,NaN,NaN,NaN,NaN,NaN,25,5,5,14.7,14.65,12.71,12.71
16:22:16,DECR,13.32,12.66,15.06,13.32,269,498,1.11,3881.36,114,723,2,0.1,NaN,NaN,NaN,NaN,NaN,25,5,5,14.7,14.65,12.71,12.71
16:22:17,DECR,13.32,12.67,15.08,13.32,262,495,0.74,3882.1,114,724,2,0.1,NaN,NaN,NaN,NaN,NaN,25,5,5,14.7,14.65,12.71,12.71
16:22:18,DECR,13.32,12.67,15.09,13.32,249,488,0.77,3882.87,114,725,2,0.1,NaN,NaN,NaN,NaN,NaN,25,5,5,14.7,14.65,12.71,12.71
16:22:19,DECR,13.33,12.67,15.11,13.33,239,485,0.85,3883.72,114,726,2,0.1,NaN,NaN,NaN,NaN,NaN,25,5,5,14.7,14.65,12.71,12.71
16:22:20,DECR,13.33,12.67,15.14,13.33,224,487,1.11,3884.83,114,727,2,0.1,NaN,NaN,NaN,NaN,NaN,25,5,5,14.7,14.65,12.71,12.71
16:22:21,DECR,13.33,12.67,15.16,13.33,220,491,0.6,3885.43,114,728,2,0.1,NaN,NaN,NaN,NaN,NaN,25,5,5,14.7,14.65,12.71,12.71
16:22:22,DECR,13.33,12.67,15.17,13.33,224,505,1.15,3886.58,114,729,2,0.1,NaN,NaN,NaN,NaN,NaN,25,5,5,14.7,14.65,12.71,12.71
16:22:23,DECR,13.33,12.67,15.17,13.33,233,514,1.02,3887.6,114,730,2,0.1,NaN,NaN,NaN,NaN,NaN,25,5,5,14.7,14.65,12.71,12.71
16:22:24,DECR,13.33,12.67,15.18,13.33,263,530,2.77,3890.37,114,731,2,0.1,NaN,NaN,NaN,NaN,NaN,25,5,5,14.7,14.65,12.71,12.71
16:22:25,DECR,13.33,12.67,15.2,13.33,303,538,3.36,3893.74,114,732,2,0.1,NaN,NaN,NaN,NaN,NaN,25,5,5,14.7,14.65,12.71,12.71
16:22:26,DECR,13.33,12.67,15.23,13.33,295,520,2.23,3895.97,114,733,2,0.1,NaN,NaN,NaN,NaN,NaN,25,5,5,14.7,14.65,12.71,12.71
16:22:27,DECR,13.33,12.67,15.25,13.33,261,497,3.46,3899.43,114,734,2,0.1,NaN,NaN,NaN,NaN,NaN,25,5,5,14.7,14.65,12.71,12.71
16:22:28,DECR,13.33,12.67,15.26,13.33,228,494,2.6,3902.03,114,735,2,0.1,NaN,NaN,NaN,NaN,NaN,25,5,5,14.7,14.65,12.71,12.71
16:22:29,DECR,13.34,12.67,15.26,13.34,209,489,1.55,3903.58,114,736,2,0.1,NaN,NaN,NaN,NaN,NaN,25,5,5,14.7,14.65,12.71,12.71
16:22:30,DECR,13.34,12.67,15.27,13.34,200,481,1,3904.58,114,737,2,0.1,NaN,NaN,NaN,NaN,NaN,25,5,5,14.7,14.65,12.71,12.71
16:22:31,DECR,13.34,12.67,15.27,13.34,186,451,2.29,3906.87,114,738,2,0.1,NaN,NaN,NaN,NaN,NaN,25,5,5,14.7,14.65,12.71,12.71
16:22:32,DECR,13.33,12.67,15.28,13.33,180,441,0.93,3907.8,114,739,2,0.1,NaN,NaN,NaN,NaN,NaN,25,5,5,14.7,14.65,12.71,12.71
16:22:33,DECR,13.34,12.67,15.31,13.34,174,453,1.34,3909.14,114,740,2,0.1,NaN,NaN,NaN,NaN,NaN,25,5,5,14.7,14.65,12.71,12.71
16:22:34,DECR,13.34,12.67,15.33,13.34,177,469,1.47,3910.61,114,741,2,0.1,NaN,NaN,NaN,NaN,NaN,25,5,5,14.7,14.65,12.71,12.71
16:22:35,DECR,13.34,12.67,15.36,13.34,196,487,2.06,3912.67,114,742,2,0.1,NaN,NaN,NaN,NaN,NaN,25,5,5,14.7,14.65,12.71,12.71
16:22:36,DECR,13.34,12.67,15.37,13.34,221,507,2.47,3915.14,114,743,2,0.1,NaN,NaN,NaN,NaN,NaN,25,5,5,14.7,14.65,12.71,12.71
16:22:37,DECR,13.34,12.67,15.37,13.34,248,521,2.17,3917.3,114,744,2,0.1,NaN,NaN,NaN,NaN,NaN,25,5,5,14.7,14.65,12.71,12.71
16:22:38,DECR,13.35,12.67,15.37,13.35,251,508,1.95,3919.25,114,745,2,0.1,NaN,NaN,NaN,NaN,NaN,25,5,5,14.7,14.65,12.71,12.71
16:22:39,DECR,13.35,12.67,15.38,13.35,240,499,1.29,3920.54,114,746,2,0.1,NaN,NaN,NaN,NaN,NaN,25,5,5,14.7,14.65,12.71,12.71
16:22:40,DECR,13.35,12.67,15.38,13.35,233,506,0.99,3921.53,114,747,2,0.1,NaN,NaN,NaN,NaN,NaN,25,5,5,14.7,14.65,12.71,12.71
16:22:41,DECR,13.35,12.67,15.38,13.35,248,515,1.48,3923.01,114,748,2,0.1,NaN,NaN,NaN,NaN,NaN,25,5,5,14.7,14.65,12.71,12.71
16:22:42,DECR,13.35,12.67,15.41,13.35,267,517,1.94,3924.95,114,749,2,0.1,NaN,NaN,NaN,NaN,NaN,25,5,5,14.7,14.65,12.71,12.71
16:22:43,DECR,13.35,12.67,15.44,13.35,273,518,0.32,3925.27,114,750,2,0.1,NaN,NaN,NaN,NaN,NaN,25,5,5,14.7,14.65,12.71,12.71
16:22:44,DECR,13.36,12.67,15.47,13.36,277,512,0.78,3926.05,114,751,2,0.1,NaN,NaN,NaN,NaN,NaN,25,5,5,14.7,14.65,12.71,12.71
16:22:45,DECR,13.35,12.67,15.48,13.35,266,491,1.94,3927.98,114,752,2,0.1,NaN,NaN,NaN,NaN,NaN,25,5,5,14.7,14.65,12.71,12.71
16:22:46,DECR,13.35,12.67,15.48,13.35,250,472,1.7,3929.69,114,753,2,0.1,NaN,NaN,NaN,NaN,NaN,25,5,5,14.7,14.65,12.71,12.71
16:22:47,DECR,13.35,12.67,15.48,13.35,218,459,2.56,3932.24,114,754,2,0.1,NaN,NaN,NaN,NaN,NaN,25,5,5,14.7,14.65,12.71,12.71
16:22:48,DECR,13.36,12.67,15.48,13.36,206,454,1.08,3933.32,114,755,2,0.1,NaN,NaN,NaN,NaN,NaN,25,5,5,14.7,14.65,12.71,12.71
16:22:50,DECR,13.36,12.67,15.48,13.36,212,458,0.25,3933.57,114,756,2,0.1,NaN,NaN,NaN,NaN,NaN,25,5,5,14.7,14.65,12.71,12.71
16:22:51,DECR,13.36,12.67,15.48,13.36,220,470,0.99,3934.56,114,757,2,0.1,NaN,NaN,NaN,NaN,NaN,25,5,5,14.7,14.65,12.71,12.71
16:22:52,DECR,13.36,12.67,15.49,13.36,233,484,0.83,3935.39,114,758,2,0.1,NaN,NaN,NaN,NaN,NaN,25,5,5,14.7,14.65,12.71,12.71
16:22:53,DECR,13.36,12.67,15.49,13.36,247,497,1.09,3936.48,114,759,2,0.1,NaN,NaN,NaN,NaN,NaN,25,5,5,14.7,14.65,12.71,12.71
16:22:54,DECR,13.36,12.67,15.49,13.36,263,505,1.35,3937.83,114,760,2,0.1,NaN,NaN,NaN,NaN,NaN,25,5,5,14.7,14.65,12.71,12.71
16:22:55,DECR,13.36,12.67,15.51,13.36,265,501,0.61,3938.44,114,761,2,0.1,NaN,NaN,NaN,NaN,NaN,25,5,5,14.7,14.65,12.71,12.71
16:22:56,DECR,13.36,12.67,15.53,13.36,271,494,0.87,3939.31,114,762,2,0.1,NaN,NaN,NaN,NaN,NaN,25,5,5,14.7,14.65,12.71,12.71
16:22:57,DECR,13.37,12.67,15.55,13.37,259,487,0.91,3940.22,114,763,2,0.1,NaN,NaN,NaN,NaN,NaN,25,5,5,14.7,14.65,12.71,12.71
16:22:58,DECR,13.37,12.67,15.55,13.37,247,482,0.99,3941.21,114,764,2,0.1,NaN,NaN,NaN,NaN,NaN,25,5,5,14.7,14.65,12.71,12.71
16:22:59,DECR,13.36,12.67,15.55,13.36,238,481,0.58,3941.79,114,765,2,0.1,NaN,NaN,NaN,NaN,NaN,25,5,5,14.7,14.65,12.71,12.71
16:23:00,DECR,13.36,12.67,15.55,13.36,231,483,0.65,3942.44,114,766,2,0.1,NaN,NaN,NaN,NaN,NaN,25,5,5,14.7,14.65,12.71,12.71
16:23:01,DECR,13.36,12.67,15.55,13.36,227,487,0.5,3942.95,114,767,2,0.1,NaN,NaN,NaN,NaN,NaN,25,5,5,14.7,14.65,12.71,12.71
16:23:02,DECR,13.37,12.67,15.55,13.37,228,495,0.68,3943.62,114,768,2,0.1,NaN,NaN,NaN,NaN,NaN,25,5,5,14.7,14.65,12.71,12.71
16:23:03,DECR,13.37,12.67,15.55,13.37,225,502,0.58,3944.2,114,769,2,0.1,NaN,NaN,NaN,NaN,NaN,25,5,5,14.7,14.65,12.71,12.71
16:23:04,DECR,13.37,12.67,15.55,13.37,215,500,0.77,3944.97,114,770,2,0.1,NaN,NaN,NaN,NaN,NaN,25,5,5,14.7,14.65,12.71,12.71
16:23:05,DECR,13.37,12.67,15.55,13.37,214,502,0.34,3945.32,114,771,2,0.1,NaN,NaN,NaN,NaN,NaN,25,5,5,14.7,14.65,12.71,12.71
16:23:06,DECR,13.38,12.67,15.55,13.38,222,504,0.7,3946.02,114,772,2,0.1,NaN,NaN,NaN,NaN,NaN,25,5,5,14.7,14.65,12.71,12.71
16:23:07,DECR,13.38,12.68,15.54,13.38,239,514,1.01,3947.03,114,773,2,0.1,NaN,NaN,NaN,NaN,NaN,25,5,5,14.7,14.65,12.71,12.71
16:23:08,DECR,13.38,12.68,15.53,13.38,265,526,2.32,3949.35,114,774,2,0.1,NaN,NaN,NaN,NaN,NaN,25,5,5,14.7,14.65,12.71,12.71
16:23:09,DECR,13.38,12.68,15.5,13.38,274,530,1.14,3950.48,114,775,2,0.1,NaN,NaN,NaN,NaN,NaN,25,5,5,14.7,14.65,12.71,12.71
16:23:10,DECR,13.38,12.68,15.47,13.38,286,542,1.5,3951.98,114,776,2,0.1,NaN,NaN,NaN,NaN,NaN,25,5,5,14.7,14.65,12.71,12.71
16:23:11,DECR,13.38,12.68,15.46,13.38,310,551,1.78,3953.76,114,777,2,0.1,NaN,NaN,NaN,NaN,NaN,25,5,5,14.7,14.65,12.71,12.71
16:23:12,DECR,13.38,12.68,15.45,13.38,350,534,3.61,3957.38,114,778,2,0.1,NaN,NaN,NaN,NaN,NaN,25,5,5,14.7,14.65,12.71,12.71
16:23:13,DECR,13.38,12.68,15.45,13.38,364,535,1.11,3958.49,114,779,2,0.1,NaN,NaN,NaN,NaN,NaN,25,5,5,14.7,14.65,12.71,12.71
16:23:14,DECR,13.38,12.68,15.42,13.38,366,528,0.72,3959.21,114,780,2,0.1,NaN,NaN,NaN,NaN,NaN,25,5,5,14.7,14.65,12.71,12.71
16:23:15,DECR,13.39,12.68,15.4,13.39,318,512,4.25,3963.46,114,781,2,0.1,NaN,NaN,NaN,NaN,NaN,25,5,5,14.7,14.65,12.71,12.71
16:23:16,DECR,13.39,12.68,15.38,13.39,249,514,5.6,3969.06,114,782,2,0.1,NaN,NaN,NaN,NaN,NaN,25,5,5,14.7,14.65,12.71,12.71
16:23:17,DECR,13.39,12.68,15.37,13.39,230,502,1.77,3970.83,114,783,2,0.1,NaN,NaN,NaN,NaN,NaN,25,5,5,14.7,14.65,12.71,12.71
16:23:18,DECR,13.39,12.68,15.35,13.39,216,485,1.79,3972.61,114,784,2,0.1,NaN,NaN,NaN,NaN,NaN,25,5,5,14.7,14.65,12.71,12.71
16:23:19,DECR,13.39,12.68,15.32,13.39,208,479,0.78,3973.39,114,785,2,0.1,NaN,NaN,NaN,NaN,NaN,25,5,5,14.7,14.65,12.71,12.71
16:23:20,DECR,13.39,12.68,15.3,13.39,206,484,0.77,3974.17,114,786,2,0.1,NaN,NaN,NaN,NaN,NaN,25,5,5,14.7,14.65,12.71,12.71
16:23:21,DECR,13.39,12.68,15.29,13.39,210,486,0.8,3974.97,114,787,2,0.1,NaN,NaN,NaN,NaN,NaN,25,5,5,14.7,14.65,12.71,12.71
16:23:22,DECR,13.4,12.68,15.29,13.4,222,491,0.96,3975.93,114,788,2,0.1,NaN,NaN,NaN,NaN,NaN,25,5,5,14.7,14.65,12.71,12.71
16:23:23,DECR,13.4,12.68,15.29,13.4,236,497,1.17,3977.1,114,789,2,0.1,NaN,NaN,NaN,NaN,NaN,25,5,5,14.7,14.65,12.71,12.71
16:23:24,DECR,13.4,12.68,15.28,13.4,244,497,0.56,3977.66,114,790,2,0.1,NaN,NaN,NaN,NaN,NaN,25,5,5,14.7,14.65,12.71,12.71
16:23:25,DECR,13.4,12.68,15.25,13.4,251,492,1.02,3978.68,114,791,2,0.1,NaN,NaN,NaN,NaN,NaN,25,5,5,14.7,14.65,12.71,12.71
16:23:26,DECR,13.39,12.68,15.23,13.39,266,478,1.96,3980.65,114,792,2,0.1,NaN,NaN,NaN,NaN,NaN,25,5,5,14.7,14.65,12.71,12.71
16:23:27,DECR,13.39,12.68,15.21,13.39,274,469,0.9,3981.55,114,793,2,0.1,NaN,NaN,NaN,NaN,NaN,25,5,5,14.7,14.65,12.71,12.71
16:23:28,DECR,13.39,12.68,15.21,13.39,282,414,4.12,3985.67,114,794,2,0.1,NaN,NaN,NaN,NaN,NaN,25,5,5,14.7,14.65,12.71,12.71
16:23:29,DECR,13.39,12.68,15.18,13.39,356,362,7.66,3993.33,114,795,2,0.1,NaN,NaN,NaN,NaN,NaN,25,5,5,14.7,14.65,12.71,12.71
16:23:30,DECR,13.39,12.68,15.15,13.39,406,356,4.11,3997.44,114,796,2,0.1,NaN,NaN,NaN,NaN,NaN,25,5,5,14.7,14.65,12.71,12.71
16:23:31,DECR,13.39,12.68,15.13,13.39,420,353,1.52,3998.96,114,797,2,0.1,NaN,NaN,NaN,NaN,NaN,25,5,5,14.7,14.65,12.71,12.71
16:23:32,DECR,13.39,12.68,15.13,13.39,425,348,0.48,3999.44,114,798,2,0.1,NaN,NaN,NaN,NaN,NaN,25,5,5,14.7,14.65,12.71,12.71
16:23:33,DECR,13.39,12.68,15.13,13.39,420,339,0.84,4000.28,114,799,2,0.1,NaN,NaN,NaN,NaN,NaN,25,5,5,14.7,14.65,12.71,12.71
16:23:34,DECR,13.4,12.68,15.13,13.4,400,332,1.5,4001.78,114,800,2,0.1,NaN,NaN,NaN,NaN,NaN,25,5,5,14.7,14.65,12.71,12.71
16:23:35,DECR,13.4,12.68,15.13,13.4,384,329,0.86,4002.64,114,801,2,0.1,NaN,NaN,NaN,NaN,NaN,25,5,5,14.7,14.65,12.71,12.71
16:23:36,DECR,13.39,12.68,15.12,13.39,368,332,1.38,4004.02,114,802,2,0.1,NaN,NaN,NaN,NaN,NaN,25,5,5,14.7,14.65,12.71,12.71
16:23:37,DECR,13.4,12.68,15.12,13.4,368,348,1.35,4005.38,114,803,2,0.1,NaN,NaN,NaN,NaN,NaN,25,5,5,14.7,14.65,12.71,12.71
16:23:38,DECR,13.39,12.68,15.12,13.39,347,417,5.93,4011.31,114,804,2,0.1,NaN,NaN,NaN,NaN,NaN,25,5,5,14.7,14.65,12.71,12.71
16:23:39,DECR,13.4,12.68,15.12,13.4,296,503,8.16,4019.47,114,805,2,0.1,NaN,NaN,NaN,NaN,NaN,25,5,5,14.7,14.65,12.71,12.71
16:23:40,DECR,13.39,12.68,15.12,13.39,249,531,4.33,4023.8,114,806,2,0.1,NaN,NaN,NaN,NaN,NaN,25,5,5,14.7,14.65,12.71,12.71
16:23:41,DECR,13.39,12.68,15.12,13.39,237,524,1.08,4024.88,114,807,2,0.1,NaN,NaN,NaN,NaN,NaN,25,5,5,14.7,14.65,12.71,12.71
16:23:42,DECR,13.4,12.68,15.12,13.4,210,507,2.62,4027.49,114,808,2,0.1,NaN,NaN,NaN,NaN,NaN,25,5,5,14.7,14.65,12.71,12.71
16:23:43,DECR,13.4,12.68,15.12,13.4,200,509,1.07,4028.56,114,809,2,0.1,NaN,NaN,NaN,NaN,NaN,25,5,5,14.7,14.65,12.71,12.71
16:23:45,DECR,13.4,12.68,15.12,13.4,193,500,0.8,4029.37,114,810,2,0.1,NaN,NaN,NaN,NaN,NaN,25,5,5,14.7,14.65,12.71,12.71
16:23:46,DECR,13.39,12.68,15.11,13.39,219,493,3.52,4032.88,114,811,2,0.1,NaN,NaN,NaN,NaN,NaN,25,5,5,14.7,14.65,12.71,12.71
16:23:47,DECR,13.39,12.68,15.11,13.39,242,506,2.2,4035.08,114,812,2,0.1,NaN,NaN,NaN,NaN,NaN,25,5,5,14.7,14.65,12.71,12.71
16:23:48,DECR,13.39,12.68,15.11,13.39,287,509,3.76,4038.85,114,813,2,0.1,NaN,NaN,NaN,NaN,NaN,25,5,5,14.7,14.65,12.71,12.71
16:23:49,DECR,13.39,12.68,15.12,13.39,321,509,2.73,4041.57,114,814,2,0.1,NaN,NaN,NaN,NaN,NaN,25,5,5,14.7,14.65,12.71,12.71
16:23:50,DECR,13.38,12.68,15.12,13.38,344,517,2.02,4043.6,114,815,2,0.1,NaN,NaN,NaN,NaN,NaN,25,5,5,14.7,14.65,12.71,12.71
16:23:51,DECR,13.38,12.68,15.12,13.38,378,516,2.77,4046.37,114,816,2,0.1,NaN,NaN,NaN,NaN,NaN,25,5,5,14.7,14.65,12.71,12.71
16:23:52,DECR,13.38,12.68,15.12,13.38,398,509,1.79,4048.16,114,817,2,0.1,NaN,NaN,NaN,NaN,NaN,25,5,5,14.7,14.65,12.71,12.71
16:23:53,DECR,13.37,12.68,15.12,13.37,427,471,3.95,4052.11,114,818,2,0.1,NaN,NaN,NaN,NaN,NaN,25,5,5,14.7,14.65,12.71,12.71
16:23:54,DECR,13.37,12.68,15.12,13.37,438,434,3.26,4055.37,114,819,2,0.1,NaN,NaN,NaN,NaN,NaN,25,5,5,14.7,14.65,12.71,12.71
16:23:55,DECR,13.37,12.68,15.12,13.37,368,459,4.86,4060.23,114,820,2,0.1,NaN,NaN,NaN,NaN,NaN,25,5,5,14.7,14.65,12.71,12.71
16:23:56,DECR,13.37,12.68,15.12,13.37,320,484,4.46,4064.69,114,821,2,0.1,NaN,NaN,NaN,NaN,NaN,25,5,5,14.7,14.65,12.71,12.71
16:23:57,DECR,13.36,12.68,15.12,13.36,259,511,5.1,4069.8,114,822,2,0.1,NaN,NaN,NaN,NaN,NaN,25,5,5,14.7,14.65,12.71,12.71
16:23:58,DECR,13.36,12.68,15.13,13.36,244,512,1,4070.8,114,823,2,0.1,NaN,NaN,NaN,NaN,NaN,25,5,5,14.7,14.65,12.71,12.71
16:23:59,DECR,13.36,12.68,15.12,13.36,239,513,0.58,4071.37,114,824,2,0.1,NaN,NaN,NaN,NaN,NaN,25,5,5,14.7,14.65,12.71,12.71
16:24:00,DECR,13.36,12.68,15.13,13.36,247,519,0.71,4072.08,114,825,2,0.1,NaN,NaN,NaN,NaN,NaN,25,5,5,14.7,14.65,12.71,12.71
16:24:01,DECR,13.36,12.68,15.12,13.36,233,523,1.63,4073.71,114,826,2,0.1,NaN,NaN,NaN,NaN,NaN,25,5,5,14.7,14.65,12.71,12.71
16:24:02,DECR,13.36,12.68,15.13,13.36,211,508,2.45,4076.17,114,827,2,0.1,NaN,NaN,NaN,NaN,NaN,25,5,5,14.7,14.65,12.71,12.71
16:24:03,DECR,13.36,12.68,15.13,13.36,206,496,1.14,4077.31,114,828,2,0.1,NaN,NaN,NaN,NaN,NaN,25,5,5,14.7,14.65,12.71,12.71
16:24:04,DECR,13.35,12.68,15.13,13.35,215,499,1.4,4078.71,114,829,2,0.1,NaN,NaN,NaN,NaN,NaN,25,5,5,14.7,14.65,12.71,12.71
16:24:05,DECR,13.35,12.68,15.13,13.35,231,508,1.49,4080.2,114,830,2,0.1,NaN,NaN,NaN,NaN,NaN,25,5,5,14.7,14.65,12.71,12.71
16:24:06,DECR,13.35,12.68,15.13,13.35,264,526,2.49,4082.69,114,831,2,0.1,NaN,NaN,NaN,NaN,NaN,25,5,5,14.7,14.65,12.71,12.71
16:24:07,DECR,13.35,12.68,15.14,13.35,279,530,1.09,4083.78,114,832,2,0.1,NaN,NaN,NaN,NaN,NaN,25,5,5,14.7,14.65,12.71,12.71
16:24:08,DECR,13.35,12.68,15.14,13.35,296,527,1.44,4085.22,114,833,2,0.1,NaN,NaN,NaN,NaN,NaN,25,5,5,14.7,14.65,12.71,12.71
16:24:09,DECR,13.34,12.68,15.14,13.34,316,528,1.55,4086.77,114,834,2,0.1,NaN,NaN,NaN,NaN,NaN,25,5,5,14.7,14.65,12.71,12.71
16:24:10,DECR,13.34,12.68,15.16,13.34,341,530,1.89,4088.66,114,835,2,0.1,NaN,NaN,NaN,NaN,NaN,25,5,5,14.7,14.65,12.71,12.71
16:24:11,DECR,13.34,12.68,15.19,13.34,339,514,1.55,4090.21,114,836,2,0.1,NaN,NaN,NaN,NaN,NaN,25,5,5,14.7,14.65,12.71,12.71
16:24:12,DECR,13.34,12.68,15.21,13.34,309,486,3.39,4093.6,114,837,2,0.1,NaN,NaN,NaN,NaN,NaN,25,5,5,14.7,14.65,12.71,12.71
16:24:13,DECR,13.34,12.68,15.21,13.34,247,475,5.06,4098.66,114,838,2,0.1,NaN,NaN,NaN,NaN,NaN,25,5,5,14.7,14.65,12.71,12.71
16:24:14,DECR,13.34,12.68,15.21,13.34,216,496,3.14,4101.8,114,839,2,0.1,NaN,NaN,NaN,NaN,NaN,25,5,5,14.7,14.65,12.71,12.71
16:24:15,DECR,13.34,12.68,15.22,13.34,220,514,1.66,4103.46,114,840,2,0.1,NaN,NaN,NaN,NaN,NaN,25,5,5,14.7,14.65,12.71,12.71
16:24:16,DECR,13.34,12.68,15.22,13.34,260,519,3.56,4107.02,114,841,2,0.1,NaN,NaN,NaN,NaN,NaN,25,5,5,14.7,14.65,12.71,12.71
16:24:17,DECR,13.34,12.68,15.23,13.34,277,526,1.64,4108.66,114,842,2,0.1,NaN,NaN,NaN,NaN,NaN,25,5,5,14.7,14.65,12.71,12.71
16:24:18,DECR,13.34,12.68,15.23,13.34,317,528,3.24,4111.89,114,843,2,0.1,NaN,NaN,NaN,NaN,NaN,25,5,5,14.7,14.65,12.71,12.71
16:24:19,DECR,13.34,12.68,15.23,13.34,368,509,4.46,4116.35,114,844,2,0.1,NaN,NaN,NaN,NaN,NaN,25,5,5,14.7,14.65,12.71,12.71
16:24:20,DECR,13.34,12.68,15.23,13.34,404,485,3.97,4120.32,114,845,2,0.1,NaN,NaN,NaN,NaN,NaN,25,5,5,14.7,14.65,12.71,12.71
16:24:21,DECR,13.34,12.68,15.23,13.34,426,446,2.14,4122.46,114,846,2,0.1,NaN,NaN,NaN,NaN,NaN,25,5,5,14.7,14.65,12.71,12.71
16:24:22,DECR,13.34,12.68,15.24,13.34,453,409,3.71,4126.17,114,847,2,0.1,NaN,NaN,NaN,NaN,NaN,25,5,5,14.7,14.65,12.71,12.71
16:24:23,DECR,13.34,12.68,15.25,13.34,452,342,6.18,4132.35,114,848,2,0.1,NaN,NaN,NaN,NaN,NaN,25,5,5,14.7,14.65,12.71,12.71
16:24:24,DECR,13.34,12.68,15.28,13.34,419,322,3.49,4135.84,114,849,2,0.1,NaN,NaN,NaN,NaN,NaN,25,5,5,14.7,14.65,12.71,12.71
16:24:25,DECR,13.33,12.68,15.31,13.33,411,317,0.84,4136.68,114,850,2,0.1,NaN,NaN,NaN,NaN,NaN,25,5,5,14.7,14.65,12.71,12.71
16:24:26,DECR,13.34,12.68,15.33,13.34,374,319,3.58,4140.26,114,851,2,0.1,NaN,NaN,NaN,NaN,NaN,25,5,5,14.7,14.65,12.71,12.71
16:24:27,DECR,13.34,12.68,15.33,13.34,333,374,5.68,4145.94,114,852,2,0.1,NaN,NaN,NaN,NaN,NaN,25,5,5,14.7,14.65,12.71,12.71
16:24:28,DECR,13.34,12.68,15.33,13.34,251,402,7.13,4153.06,114,853,2,0.1,NaN,NaN,NaN,NaN,NaN,25,5,5,14.7,14.65,12.71,12.71
16:24:29,DECR,13.34,12.68,15.34,13.34,189,439,5.43,4158.49,114,854,2,0.1,NaN,NaN,NaN,NaN,NaN,25,5,5,14.7,14.65,12.71,12.71
16:24:30,DECR,13.34,12.68,15.34,13.34,177,449,0.82,4159.31,114,855,2,0.1,NaN,NaN,NaN,NaN,NaN,25,5,5,14.7,14.65,12.71,12.71
16:24:31,DECR,13.33,12.68,15.34,13.33,183,458,0.9,4160.21,114,856,2,0.1,NaN,NaN,NaN,NaN,NaN,25,5,5,14.7,14.65,12.71,12.71
16:24:32,DECR,13.33,12.68,15.34,13.33,197,461,1.11,4161.32,114,857,2,0.1,NaN,NaN,NaN,NaN,NaN,25,5,5,14.7,14.65,12.71,12.71
16:24:33,DECR,13.33,12.68,15.35,13.33,211,479,1.71,4163.03,114,858,2,0.1,NaN,NaN,NaN,NaN,NaN,25,5,5,14.7,14.65,12.71,12.71
16:24:34,DECR,13.33,12.68,15.37,13.33,231,502,2.53,4165.56,114,859,2,0.1,NaN,NaN,NaN,NaN,NaN,25,5,5,14.7,14.65,12.71,12.71
16:24:35,DECR,13.33,12.68,15.39,13.33,261,522,3.07,4168.63,114,860,2,0.1,NaN,NaN,NaN,NaN,NaN,25,5,5,14.7,14.65,12.71,12.71
16:24:36,DECR,13.33,12.68,15.42,13.33,285,526,2.11,4170.75,114,861,2,0.1,NaN,NaN,NaN,NaN,NaN,25,5,5,14.7,14.65,12.71,12.71
16:24:37,DECR,13.33,12.68,15.43,13.33,310,487,4.07,4174.81,114,862,2,0.1,NaN,NaN,NaN,NaN,NaN,25,5,5,14.7,14.65,12.71,12.71
16:24:38,DECR,13.33,12.68,15.43,13.33,396,429,7.16,4181.97,114,863,2,0.1,NaN,NaN,NaN,NaN,NaN,25,5,5,14.7,14.65,12.71,12.71
16:24:40,DECR,13.32,12.68,15.43,13.32,441,397,5.16,4187.13,114,864,2,0.1,NaN,NaN,NaN,NaN,NaN,25,5,5,14.7,14.65,12.71,12.71
16:24:41,DECR,13.33,12.68,15.44,13.33,449,363,3,4190.13,114,865,2,0.1,NaN,NaN,NaN,NaN,NaN,25,5,5,14.7,14.65,12.71,12.71
16:24:42,DECR,13.33,12.68,15.44,13.33,459,358,1.96,4192.1,114,866,2,0.1,NaN,NaN,NaN,NaN,NaN,25,5,5,14.7,14.65,12.71,12.71
16:24:43,DECR,13.33,12.68,15.44,13.33,446,355,0.89,4192.99,114,867,2,0.1,NaN,NaN,NaN,NaN,NaN,25,5,5,14.7,14.65,12.71,12.71
16:24:44,DECR,13.33,12.68,15.44,13.33,435,337,0.65,4193.63,114,868,2,0.1,NaN,NaN,NaN,NaN,NaN,25,5,5,14.7,14.65,12.71,12.71
16:24:45,DECR,13.33,12.68,15.44,13.33,409,322,2.4,4196.03,114,869,2,0.1,NaN,NaN,NaN,NaN,NaN,25,5,5,14.7,14.65,12.71,12.71
16:24:46,DECR,13.32,12.68,15.45,13.32,379,318,2.46,4198.49,114,870,2,0.1,NaN,NaN,NaN,NaN,NaN,25,5,5,14.7,14.65,12.71,12.71
16:24:47,DECR,13.32,12.68,15.48,13.32,350,305,2.43,4200.92,114,871,2,0.1,NaN,NaN,NaN,NaN,NaN,25,5,5,14.7,14.65,12.71,12.71
16:24:48,DECR,13.32,12.68,15.5,13.32,324,300,2.12,4203.04,114,872,2,0.1,NaN,NaN,NaN,NaN,NaN,25,5,5,14.7,14.65,12.71,12.71
16:24:49,DECR,13.33,12.68,15.53,13.33,304,292,1.79,4204.84,114,873,2,0.1,NaN,NaN,NaN,NaN,NaN,25,5,5,14.7,14.65,12.71,12.71
16:24:50,DECR,13.32,12.68,15.53,13.32,264,289,3.03,4207.86,114,874,2,0.1,NaN,NaN,NaN,NaN,NaN,25,5,5,14.7,14.65,12.71,12.71
16:24:51,DECR,13.33,12.68,15.54,13.33,221,306,3.58,4211.44,114,875,2,0.1,NaN,NaN,NaN,NaN,NaN,25,5,5,14.7,14.65,12.71,12.71
16:24:52,DECR,13.33,12.68,15.54,13.33,189,339,3.69,4215.13,114,876,2,0.1,NaN,NaN,NaN,NaN,NaN,25,5,5,14.7,14.65,12.71,12.71
16:24:53,DECR,13.33,12.68,15.54,13.33,177,374,2.94,4218.07,114,877,2,0.1,NaN,NaN,NaN,NaN,NaN,25,5,5,14.7,14.65,12.71,12.71
16:24:54,DECR,13.33,12.68,15.54,13.33,176,396,1.69,4219.77,114,878,2,0.1,NaN,NaN,NaN,NaN,NaN,25,5,5,14.7,14.65,12.71,12.71
16:24:55,DECR,13.33,12.68,15.54,13.33,188,424,2.39,4222.16,114,879,2,0.1,NaN,NaN,NaN,NaN,NaN,25,5,5,14.7,14.65,12.71,12.71
16:24:56,DECR,13.33,12.68,15.55,13.33,204,454,2.83,4224.99,114,880,2,0.1,NaN,NaN,NaN,NaN,NaN,25,5,5,14.7,14.65,12.71,12.71
16:24:57,DECR,13.33,12.68,15.54,13.33,212,463,2.49,4227.48,114,881,2,0.1,NaN,NaN,NaN,NaN,NaN,25,5,5,14.7,14.65,12.71,12.71
16:24:58,DECR,13.33,12.68,15.54,13.33,218,475,1.07,4228.55,114,882,2,0.1,NaN,NaN,NaN,NaN,NaN,25,5,5,14.7,14.65,12.71,12.71
16:24:59,DECR,13.33,12.68,15.54,13.33,228,490,1.1,4229.64,114,883,2,0.1,NaN,NaN,NaN,NaN,NaN,25,5,5,14.7,14.65,12.71,12.71
16:25:00,DECR,13.33,12.68,15.54,13.33,236,503,1.16,4230.81,114,884,2,0.1,NaN,NaN,NaN,NaN,NaN,25,5,5,14.7,14.65,12.71,12.71
16:25:01,DECR,13.33,12.68,15.54,13.33,254,513,1.69,4232.49,114,885,2,0.1,NaN,NaN,NaN,NaN,NaN,25,5,5,14.7,14.65,12.71,12.71
16:25:02,DECR,13.33,12.68,15.54,13.33,275,515,1.74,4234.23,114,886,2,0.1,NaN,NaN,NaN,NaN,NaN,25,5,5,14.7,14.65,12.71,12.71
16:25:03,DECR,13.33,12.68,15.54,13.33,301,516,2.49,4236.72,114,887,2,0.1,NaN,NaN,NaN,NaN,NaN,25,5,5,14.7,14.65,12.71,12.71
16:25:04,DECR,13.33,12.69,15.54,13.33,315,519,1.73,4238.45,114,888,2,0.1,NaN,NaN,NaN,NaN,NaN,25,5,5,14.7,14.65,12.71,12.71
16:25:05,DECR,13.33,12.69,15.54,13.33,335,527,1.6,4240.05,114,889,2,0.1,NaN,NaN,NaN,NaN,NaN,25,5,5,14.7,14.65,12.71,12.71
16:25:06,DECR,13.33,12.69,15.53,13.33,359,532,2.42,4242.47,114,890,2,0.1,NaN,NaN,NaN,NaN,NaN,25,5,5,14.7,14.65,12.71,12.71
16:25:07,DECR,13.33,12.69,15.53,13.33,382,512,2.06,4244.53,114,891,2,0.1,NaN,NaN,NaN,NaN,NaN,25,5,5,14.7,14.65,12.71,12.71
16:25:08,DECR,13.33,12.69,15.53,13.33,394,491,1.85,4246.38,114,892,2,0.1,NaN,NaN,NaN,NaN,NaN,25,5,5,14.7,14.65,12.71,12.71
16:25:09,DECR,13.33,12.69,15.52,13.33,406,466,2.67,4249.05,114,893,2,0.1,NaN,NaN,NaN,NaN,NaN,25,5,5,14.7,14.65,12.71,12.71
16:25:10,DECR,13.33,12.69,15.49,13.33,368,452,3.38,4252.42,114,894,2,0.1,NaN,NaN,NaN,NaN,NaN,25,5,5,14.7,14.65,12.71,12.71
16:25:11,DECR,13.33,12.69,15.47,13.33,358,434,1.65,4254.07,114,895,2,0.1,NaN,NaN,NaN,NaN,NaN,25,5,5,14.7,14.65,12.71,12.71
16:25:12,DECR,13.34,12.69,15.44,13.34,380,368,6.12,4260.19,114,896,2,0.1,NaN,NaN,NaN,NaN,NaN,25,5,5,14.7,14.65,12.71,12.71
16:25:13,DECR,13.34,12.69,15.41,13.34,358,286,7.6,4267.79,114,897,2,0.1,NaN,NaN,NaN,NaN,NaN,25,5,5,14.7,14.65,12.71,12.71
16:25:14,DECR,13.34,12.69,15.38,13.34,228,276,11.09,4278.89,114,898,2,0.1,NaN,NaN,NaN,NaN,NaN,25,5,5,14.7,14.65,12.71,12.71
16:25:15,DECR,13.34,12.69,15.36,13.34,153,420,13.88,4292.77,114,899,2,0.1,NaN,NaN,NaN,NaN,NaN,25,5,5,14.7,14.65,12.71,12.71
16:25:16,DECR,13.34,12.69,15.34,13.34,193,507,7.91,4300.68,114,900,2,0.1,NaN,NaN,NaN,NaN,NaN,25,5,5,14.7,14.65,12.71,12.71
16:25:17,DECR,13.34,12.69,15.31,13.34,338,552,10.56,4311.24,114,901,2,0.1,NaN,NaN,NaN,NaN,NaN,25,5,5,14.7,14.65,12.71,12.71
16:25:18,DECR,13.34,12.69,15.29,13.34,420,492,8.44,4319.67,114,902,2,0.1,NaN,NaN,NaN,NaN,NaN,25,5,5,14.7,14.65,12.71,12.71
16:25:19,DECR,13.34,12.69,15.27,13.34,421,383,9.5,4329.17,114,903,2,0.1,NaN,NaN,NaN,NaN,NaN,25,5,5,14.7,14.65,12.71,12.71
16:25:20,DECR,13.34,12.69,15.27,13.34,309,374,10.4,4339.57,114,904,2,0.1,NaN,NaN,NaN,NaN,NaN,25,5,5,14.7,14.65,12.71,12.71
16:25:21,DECR,13.34,12.69,15.27,13.34,264,439,6.4,4345.98,114,905,2,0.1,NaN,NaN,NaN,NaN,NaN,25,5,5,14.7,14.65,12.71,12.71
16:25:22,DECR,13.34,12.69,15.26,13.34,243,480,3.78,4349.76,114,906,2,0.1,NaN,NaN,NaN,NaN,NaN,25,5,5,14.7,14.65,12.71,12.71
16:25:23,DECR,13.34,12.69,15.24,13.34,257,513,3.91,4353.67,114,907,2,0.1,NaN,NaN,NaN,NaN,NaN,25,5,5,14.7,14.65,12.71,12.71
16:25:24,DECR,13.34,12.69,15.22,13.34,275,533,2.08,4355.75,114,908,2,0.1,NaN,NaN,NaN,NaN,NaN,25,5,5,14.7,14.65,12.71,12.71
16:25:25,DECR,13.34,12.69,15.18,13.34,277,543,1.23,4356.98,114,909,2,0.1,NaN,NaN,NaN,NaN,NaN,25,5,5,14.7,14.65,12.71,12.71
16:25:26,DECR,13.33,12.69,15.15,13.33,314,527,3.54,4360.52,114,910,2,0.1,NaN,NaN,NaN,NaN,NaN,25,5,5,14.7,14.65,12.71,12.71
16:25:27,DECR,13.33,12.69,15.12,13.33,347,524,2.99,4363.51,114,911,2,0.1,NaN,NaN,NaN,NaN,NaN,25,5,5,14.7,14.65,12.71,12.71
16:25:28,DECR,13.33,12.69,15.11,13.33,375,506,2.72,4366.23,114,912,2,0.1,NaN,NaN,NaN,NaN,NaN,25,5,5,14.7,14.65,12.71,12.71
16:25:29,DECR,13.33,12.69,15.11,13.33,426,482,4.71,4370.94,114,913,2,0.1,NaN,NaN,NaN,NaN,NaN,25,5,5,14.7,14.65,12.71,12.71
16:25:30,DECR,13.33,12.69,15.11,13.33,478,391,8.37,4379.31,114,914,2,0.1,NaN,NaN,NaN,NaN,NaN,25,5,5,14.7,14.65,12.71,12.71
16:25:31,DECR,13.33,12.69,15.1,13.33,537,394,4.97,4384.28,114,915,2,0.1,NaN,NaN,NaN,NaN,NaN,25,5,5,14.7,14.65,12.71,12.71
16:25:32,INCR,15.1,12.69,15.1,13.32,623,418,7.28,4391.56,115,915,2,0.1,NaN,NaN,NaN,NaN,NaN,25,5,5,14.7,14.65,12.83,12.74
16:25:33,INCR,15.1,12.69,15.1,13.32,715,324,10.75,4402.31,116,915,2,0.1,NaN,NaN,NaN,NaN,NaN,25,5,5,14.7,14.65,12.83,12.74
16:25:34,INCR,15.1,12.7,15.1,13.32,733,269,5.01,4407.32,117,915,2,0.1,NaN,NaN,NaN,NaN,NaN,25,5,5,14.7,14.65,12.83,12.74
16:25:35,INCR,15.1,12.7,15.1,13.33,679,310,5.9,4413.22,118,915,2,0.1,NaN,NaN,NaN,NaN,NaN,25,5,5,14.7,14.65,12.83,12.74
16:25:36,INCR,15.1,12.7,15.1,13.33,647,340,3.48,4416.7,119,915,2,0.1,NaN,NaN,NaN,NaN,NaN,25,5,5,14.7,14.65,12.83,12.74
16:25:37,INCR,15.1,12.7,15.1,13.32,651,345,1.02,4417.72,120,915,2,0.1,NaN,NaN,NaN,NaN,NaN,25,5,5,14.7,14.65,12.83,12.74
16:25:38,INCR,15.09,12.7,15.09,13.32,678,327,2.38,4420.1,121,915,2,0.1,NaN,NaN,NaN,NaN,NaN,25,5,5,14.7,14.65,12.83,12.74
16:25:39,INCR,15.1,12.7,15.1,13.32,704,312,2.44,4422.54,122,915,2,0.1,NaN,NaN,NaN,NaN,NaN,25,5,5,14.7,14.65,12.83,12.74
16:25:40,INCR,15.1,12.7,15.1,13.33,752,292,4.02,4426.56,123,915,2,0.1,NaN,NaN,NaN,NaN,NaN,25,5,5,14.7,14.65,12.83,12.74
16:25:42,INCR,15.1,12.7,15.1,13.32,772,291,1.71,4428.27,124,915,2,0.1,NaN,NaN,NaN,NaN,NaN,25,5,5,14.7,14.65,12.83,12.74
16:25:43,INCR,15.1,12.7,15.1,13.32,800,279,2.55,4430.82,125,915,2,0.1,NaN,NaN,NaN,NaN,NaN,25,5,5,14.7,14.65,12.83,12.74
16:25:44,INCR,15.11,12.7,15.11,13.32,825,296,2.46,4433.28,126,915,2,0.1,NaN,NaN,NaN,NaN,NaN,25,5,5,14.7,14.65,12.83,12.74
16:25:45,INCR,15.11,12.7,15.11,13.32,847,318,2.48,4435.76,127,915,2,0.1,NaN,NaN,NaN,NaN,NaN,25,5,5,14.7,14.65,12.83,12.74
16:25:46,INCR,15.11,12.7,15.11,13.32,874,336,2.95,4438.72,128,915,2,0.1,NaN,NaN,NaN,NaN,NaN,25,5,5,14.7,14.65,12.83,12.74
16:25:47,INCR,15.11,12.7,15.11,13.32,879,391,3.97,4442.69,129,915,2,0.1,NaN,NaN,NaN,NaN,NaN,25,5,5,14.7,14.65,12.83,12.74
16:25:48,INCR,15.11,12.7,15.11,13.31,877,430,3.87,4446.56,130,915,2,0.1,NaN,NaN,NaN,NaN,NaN,25,5,5,14.7,14.65,12.83,12.74
16:25:49,INCR,15.1,12.7,15.1,13.31,813,476,7.23,4453.78,131,915,2,0.1,NaN,NaN,NaN,NaN,NaN,25,5,5,14.7,14.65,12.83,12.74
16:25:50,INCR,15.1,12.71,15.1,13.3,796,508,5.38,4459.16,132,915,2,0.1,NaN,NaN,NaN,NaN,NaN,25,5,5,14.7,14.65,12.83,12.74
16:25:51,INCR,15.1,12.71,15.1,13.3,756,521,4.07,4463.22,133,915,2,0.1,NaN,NaN,NaN,NaN,NaN,25,5,5,14.7,14.65,12.83,12.74
16:25:52,INCR,15.11,12.71,15.11,13.3,733,501,3.01,4466.23,134,915,2,0.1,NaN,NaN,NaN,NaN,NaN,25,5,5,14.7,14.65,12.83,12.74
16:25:53,INCR,15.11,12.71,15.11,13.3,680,469,4.82,4471.05,135,915,2,0.1,NaN,NaN,NaN,NaN,NaN,25,5,5,14.7,14.65,12.83,12.74
16:25:54,INCR,15.11,12.71,15.11,13.3,638,455,4.19,4475.25,136,915,2,0.1,NaN,NaN,NaN,NaN,NaN,25,5,5,14.7,14.65,12.83,12.74
16:25:55,INCR,15.11,12.71,15.11,13.3,647,456,2.23,4477.47,137,915,2,0.1,NaN,NaN,NaN,NaN,NaN,25,5,5,14.7,14.65,12.83,12.74
16:25:56,INCR,15.11,12.71,15.11,13.29,665,452,3.31,4480.78,138,915,2,0.1,NaN,NaN,NaN,NaN,NaN,25,5,5,14.7,14.65,12.83,12.74
16:25:57,INCR,15.12,12.71,15.12,13.29,683,451,2.42,4483.2,139,915,2,0.1,NaN,NaN,NaN,NaN,NaN,25,5,5,14.7,14.65,12.83,12.74
16:25:58,INCR,15.12,12.71,15.12,13.3,741,406,6.03,4489.23,140,915,2,0.1,NaN,NaN,NaN,NaN,NaN,25,5,5,14.7,14.65,12.83,12.74
16:25:59,INCR,15.13,12.71,15.13,13.3,786,434,5.16,4494.39,141,915,2,0.1,NaN,NaN,NaN,NaN,NaN,25,5,5,14.7,14.65,12.83,12.74
16:26:00,INCR,15.15,12.71,15.15,13.29,714,462,6.45,4500.84,142,915,2,0.1,NaN,NaN,NaN,NaN,NaN,25,5,5,14.7,14.65,12.83,12.74
16:26:01,INCR,15.18,12.71,15.18,13.29,664,451,4.16,4505,143,915,2,0.1,NaN,NaN,NaN,NaN,NaN,25,5,5,14.7,14.65,12.83,12.74
16:26:02,INCR,15.2,12.71,15.2,13.3,648,436,2.34,4507.33,144,915,2,0.1,NaN,NaN,NaN,NaN,NaN,25,5,5,14.7,14.65,12.83,12.74
16:26:03,INCR,15.2,12.71,15.2,13.3,633,433,1.52,4508.86,145,915,2,0.1,NaN,NaN,NaN,NaN,NaN,25,5,5,14.7,14.65,12.83,12.74
16:26:04,INCR,15.2,12.71,15.2,13.3,626,403,3.86,4512.71,146,915,2,0.1,NaN,NaN,NaN,NaN,NaN,25,5,5,14.7,14.65,12.83,12.74
16:26:05,INCR,15.2,12.71,15.2,13.29,613,371,3.39,4516.1,147,915,2,0.1,NaN,NaN,NaN,NaN,NaN,25,5,5,14.7,14.65,12.83,12.74
16:26:06,INCR,15.2,12.71,15.2,13.29,658,338,4.26,4520.36,148,915,2,0.1,NaN,NaN,NaN,NaN,NaN,25,5,5,14.7,14.65,12.83,12.74
16:26:07,INCR,15.2,12.72,15.2,13.29,701,322,3.53,4523.89,149,915,2,0.1,NaN,NaN,NaN,NaN,NaN,25,5,5,14.7,14.65,12.83,12.74
16:26:08,INCR,15.21,12.72,15.21,13.3,772,301,5.22,4529.11,150,915,2,0.1,NaN,NaN,NaN,NaN,NaN,25,5,5,14.7,14.65,12.83,12.74
16:26:09,INCR,15.21,12.72,15.21,13.3,826,310,4.48,4533.59,151,915,2,0.1,NaN,NaN,NaN,NaN,NaN,25,5,5,14.7,14.65,12.83,12.74
16:26:10,INCR,15.22,12.72,15.22,13.3,876,352,5.42,4539.01,152,915,2,0.1,NaN,NaN,NaN,NaN,NaN,25,5,5,14.7,14.65,12.83,12.74
16:26:11,INCR,15.22,12.72,15.22,13.29,887,412,5.07,4544.09,153,915,2,0.1,NaN,NaN,NaN,NaN,NaN,25,5,5,14.7,14.65,12.83,12.74
16:26:12,INCR,15.22,12.72,15.22,13.29,871,456,3.71,4547.8,154,915,2,0.1,NaN,NaN,NaN,NaN,NaN,25,5,5,14.7,14.65,12.83,12.74
16:26:13,INCR,15.22,12.72,15.22,13.29,837,489,3.93,4551.73,155,915,2,0.1,NaN,NaN,NaN,NaN,NaN,25,5,5,14.7,14.65,12.83,12.74
16:26:14,INCR,15.22,12.72,15.22,13.29,793,500,3.48,4555.21,156,915,2,0.1,NaN,NaN,NaN,NaN,NaN,25,5,5,14.7,14.65,12.83,12.74
16:26:15,INCR,15.23,12.72,15.23,13.3,774,510,1.65,4556.86,157,915,2,0.1,NaN,NaN,NaN,NaN,NaN,25,5,5,14.7,14.65,12.83,12.74
16:26:16,INCR,15.23,12.72,15.23,13.3,740,518,2.82,4559.68,158,915,2,0.1,NaN,NaN,NaN,NaN,NaN,25,5,5,14.7,14.65,12.83,12.74
16:26:17,INCR,15.23,12.72,15.23,13.3,692,508,4.15,4563.83,159,915,2,0.1,NaN,NaN,NaN,NaN,NaN,25,5,5,14.7,14.65,12.83,12.74
16:26:18,INCR,15.24,12.72,15.24,13.3,658,469,4.22,4568.04,160,915,2,0.1,NaN,NaN,NaN,NaN,NaN,25,5,5,14.7,14.65,12.83,12.74
16:26:19,INCR,15.24,12.72,15.24,13.3,644,420,4.21,4572.26,161,915,2,0.1,NaN,NaN,NaN,NaN,NaN,25,5,5,14.7,14.65,12.83,12.74
16:26:20,INCR,15.24,12.72,15.24,13.3,648,356,5.26,4577.51,162,915,2,0.1,NaN,NaN,NaN,NaN,NaN,25,5,5,14.7,14.65,12.83,12.74
16:26:21,INCR,15.25,12.72,15.25,13.3,687,305,5.3,4582.82,163,915,2,0.1,NaN,NaN,NaN,NaN,NaN,25,5,5,14.7,14.65,12.83,12.74
16:26:22,INCR,15.25,12.72,15.25,13.31,846,322,4.9,4587.72,164,915,2,0.1,NaN,NaN,NaN,NaN,NaN,25,5,5,14.7,14.65,12.83,12.74
16:26:23,INCR,15.26,12.72,15.26,13.3,882,341,3.41,4591.13,165,915,2,0.1,NaN,NaN,NaN,NaN,NaN,25,5,5,14.7,14.65,12.83,12.74
16:26:24,INCR,15.26,12.72,15.26,13.31,885,321,2.68,4593.82,166,915,2,0.1,NaN,NaN,NaN,NaN,NaN,25,5,5,14.7,14.65,12.83,12.74
16:26:25,INCR,15.27,12.73,15.27,13.3,875,344,1.84,4595.65,167,915,2,0.1,NaN,NaN,NaN,NaN,NaN,25,5,5,14.7,14.65,12.83,12.74
16:26:26,INCR,15.27,12.73,15.27,13.31,873,375,2.56,4598.21,168,915,2,0.1,NaN,NaN,NaN,NaN,NaN,25,5,5,14.7,14.65,12.83,12.74
16:26:27,INCR,15.27,12.73,15.27,13.3,849,386,2.26,4600.47,169,915,2,0.1,NaN,NaN,NaN,NaN,NaN,25,5,5,14.7,14.65,12.83,12.74
16:26:28,INCR,15.27,12.73,15.27,13.3,834,388,1.63,4602.1,170,915,2,0.1,NaN,NaN,NaN,NaN,NaN,25,5,5,14.7,14.65,12.83,12.74
16:26:29,INCR,15.27,12.73,15.27,13.3,831,407,1.92,4604.02,171,915,2,0.1,NaN,NaN,NaN,NaN,NaN,25,5,5,14.7,14.65,12.83,12.74
16:26:30,INCR,15.27,12.73,15.27,13.3,814,430,2.51,4606.53,172,915,2,0.1,NaN,NaN,NaN,NaN,NaN,25,5,5,14.7,14.65,12.83,12.74
16:26:32,INCR,15.27,12.73,15.27,13.3,794,455,2.35,4608.87,173,915,2,0.1,NaN,NaN,NaN,NaN,NaN,25,5,5,14.7,14.65,12.83,12.74
16:26:33,INCR,15.27,12.73,15.27,13.3,779,473,1.89,4610.77,174,915,2,0.1,NaN,NaN,NaN,NaN,NaN,25,5,5,14.7,14.65,12.83,12.74
16:26:34,INCR,15.27,12.73,15.27,13.3,761,502,2.7,4613.47,175,915,2,0.1,NaN,NaN,NaN,NaN,NaN,25,5,5,14.7,14.65,12.83,12.74
16:26:35,INCR,15.28,12.73,15.28,13.3,732,505,2.44,4615.91,176,915,2,0.1,NaN,NaN,NaN,NaN,NaN,25,5,5,14.7,14.65,12.83,12.74
16:26:36,INCR,15.28,12.73,15.28,13.3,701,488,3.05,4618.96,177,915,2,0.1,NaN,NaN,NaN,NaN,NaN,25,5,5,14.7,14.65,12.83,12.74
16:26:37,INCR,15.28,12.73,15.28,13.3,682,448,3.63,4622.59,178,915,2,0.1,NaN,NaN,NaN,NaN,NaN,25,5,5,14.7,14.65,12.83,12.74
16:26:38,INCR,15.28,12.73,15.28,13.3,682,426,1.88,4624.46,179,915,2,0.1,NaN,NaN,NaN,NaN,NaN,25,5,5,14.7,14.65,12.83,12.74
16:26:39,INCR,15.28,12.73,15.28,13.3,689,396,2.5,4626.97,180,915,2,0.1,NaN,NaN,NaN,NaN,NaN,25,5,5,14.7,14.65,12.83,12.74
16:26:40,INCR,15.28,12.73,15.28,13.3,708,352,3.84,4630.81,181,915,2,0.1,NaN,NaN,NaN,NaN,NaN,25,5,5,14.7,14.65,12.83,12.74
16:26:41,INCR,15.27,12.73,15.27,13.3,736,329,2.95,4633.76,182,915,2,0.1,NaN,NaN,NaN,NaN,NaN,25,5,5,14.7,14.65,12.83,12.74
16:26:42,INCR,15.27,12.73,15.27,13.3,769,318,2.99,4636.75,183,915,2,0.1,NaN,NaN,NaN,NaN,NaN,25,5,5,14.7,14.65,12.83,12.74
16:26:43,INCR,15.28,12.73,15.28,13.3,808,326,2.91,4639.66,184,915,2,0.1,NaN,NaN,NaN,NaN,NaN,25,5,5,14.7,14.65,12.83,12.74
16:26:44,INCR,15.28,12.73,15.28,13.3,824,333,1.44,4641.1,185,915,2,0.1,NaN,NaN,NaN,NaN,NaN,25,5,5,14.7,14.65,12.83,12.74
16:26:45,INCR,15.28,12.73,15.28,13.3,852,350,2.78,4643.89,186,915,2,0.1,NaN,NaN,NaN,NaN,NaN,25,5,5,14.7,14.65,12.83,12.74
16:26:46,INCR,15.28,12.73,15.28,13.3,867,356,1.06,4644.94,187,915,2,0.1,NaN,NaN,NaN,NaN,NaN,25,5,5,14.7,14.65,12.83,12.74
16:26:47,INCR,15.28,12.73,15.28,13.3,885,353,1.58,4646.52,188,915,2,0.1,NaN,NaN,NaN,NaN,NaN,25,5,5,14.7,14.65,12.83,12.74
16:26:48,INCR,15.28,12.73,15.28,13.3,876,319,2.93,4649.45,189,915,2,0.1,NaN,NaN,NaN,NaN,NaN,25,5,5,14.7,14.65,12.83,12.74
16:26:49,INCR,15.27,12.73,15.27,13.29,846,279,4.3,4653.75,190,915,2,0.1,NaN,NaN,NaN,NaN,NaN,25,5,5,14.7,14.65,12.83,12.74
16:26:50,INCR,15.27,12.73,15.27,13.29,800,254,4.19,4657.94,191,915,2,0.1,NaN,NaN,NaN,NaN,NaN,25,5,5,14.7,14.65,12.83,12.74
16:26:51,INCR,15.26,12.73,15.26,13.29,771,260,3.1,4661.04,192,915,2,0.1,NaN,NaN,NaN,NaN,NaN,25,5,5,14.7,14.65,12.83,12.74
16:26:52,INCR,15.26,12.73,15.26,13.28,749,271,2.03,4663.07,193,915,2,0.1,NaN,NaN,NaN,NaN,NaN,25,5,5,14.7,14.65,12.83,12.74
16:26:53,INCR,15.26,12.73,15.26,13.28,757,260,2.22,4665.29,194,915,2,0.1,NaN,NaN,NaN,NaN,NaN,25,5,5,14.7,14.65,12.83,12.74
16:26:54,INCR,15.27,12.73,15.27,13.28,789,284,3.49,4668.78,195,915,2,0.1,NaN,NaN,NaN,NaN,NaN,25,5,5,14.7,14.65,12.83,12.74
16:26:55,INCR,15.27,12.73,15.27,13.29,836,285,3.84,4672.62,196,915,2,0.1,NaN,NaN,NaN,NaN,NaN,25,5,5,14.7,14.65,12.83,12.74
16:26:56,INCR,15.26,12.73,15.26,13.29,892,342,6.56,4679.18,197,915,2,0.1,NaN,NaN,NaN,NaN,NaN,25,5,5,14.7,14.65,12.83,12.74
16:26:57,INCR,15.26,12.73,15.26,13.29,894,392,4.93,4684.12,198,915,2,0.1,NaN,NaN,NaN,NaN,NaN,25,5,5,14.7,14.65,12.83,12.74
16:26:58,INCR,15.26,12.73,15.26,13.29,806,472,9.88,4693.99,199,915,2,0.1,NaN,NaN,NaN,NaN,NaN,25,5,5,14.7,14.65,12.83,12.74
16:26:59,INCR,15.26,12.73,15.26,13.29,758,520,6.47,4700.46,200,915,2,0.1,NaN,NaN,NaN,NaN,NaN,25,5,5,14.7,14.65,12.83,12.74
16:27:00,INCR,15.25,12.73,15.25,13.28,739,524,1.8,4702.26,201,915,2,0.1,NaN,NaN,NaN,NaN,NaN,25,5,5,14.7,14.65,12.83,12.74
16:27:01,INCR,15.25,12.73,15.25,13.28,716,500,2.81,4705.07,202,915,2,0.1,NaN,NaN,NaN,NaN,NaN,25,5,5,14.7,14.65,12.83,12.74
16:27:02,INCR,15.24,12.73,15.24,13.28,733,413,5.15,4710.22,203,915,2,0.1,NaN,NaN,NaN,NaN,NaN,25,5,5,14.7,14.65,12.83,12.74
16:27:03,INCR,15.24,12.73,15.24,13.28,712,303,9.25,4719.47,204,915,2,0.1,NaN,NaN,NaN,NaN,NaN,25,5,5,14.7,14.65,12.83,12.74
16:27:04,INCR,15.24,12.73,15.24,13.28,663,307,4.6,4724.07,205,915,2,0.1,NaN,NaN,NaN,NaN,NaN,25,5,5,14.7,14.65,12.83,12.74
16:27:05,INCR,15.22,12.73,15.22,13.28,651,325,1.78,4725.85,206,915,2,0.1,NaN,NaN,NaN,NaN,NaN,25,5,5,14.7,14.65,12.83,12.74
16:27:06,INCR,15.2,12.73,15.2,13.28,649,344,1.75,4727.6,207,915,2,0.1,NaN,NaN,NaN,NaN,NaN,25,5,5,14.7,14.65,12.83,12.74
16:27:07,INCR,15.18,12.73,15.18,13.28,681,350,2.85,4730.45,208,915,2,0.1,NaN,NaN,NaN,NaN,NaN,25,5,5,14.7,14.65,12.83,12.74
16:27:08,INCR,15.18,12.73,15.18,13.27,734,356,4.32,4734.77,209,915,2,0.1,NaN,NaN,NaN,NaN,NaN,25,5,5,14.7,14.65,12.83,12.74
16:27:09,INCR,15.18,12.73,15.18,13.27,744,379,2.35,4737.12,210,915,2,0.1,NaN,NaN,NaN,NaN,NaN,25,5,5,14.7,14.65,12.83,12.74
16:27:10,INCR,15.18,12.73,15.18,13.28,702,378,3.86,4740.98,211,915,2,0.1,NaN,NaN,NaN,NaN,NaN,25,5,5,14.7,14.65,12.83,12.74
16:27:11,INCR,15.18,12.73,15.18,13.27,653,384,4.32,4745.3,212,915,2,0.1,NaN,NaN,NaN,NaN,NaN,25,5,5,14.7,14.65,12.83,12.74
16:27:12,INCR,15.18,12.73,15.18,13.27,646,406,1.88,4747.19,213,915,2,0.1,NaN,NaN,NaN,NaN,NaN,25,5,5,14.7,14.65,12.83,12.74
16:27:13,INCR,15.17,12.73,15.17,13.27,669,458,3.23,4750.42,214,915,2,0.1,NaN,NaN,NaN,NaN,NaN,25,5,5,14.7,14.65,12.83,12.74
16:27:14,INCR,15.17,12.73,15.17,13.27,677,513,3.34,4753.76,215,915,2,0.1,NaN,NaN,NaN,NaN,NaN,25,5,5,14.7,14.65,12.83,12.74
16:27:15,INCR,15.17,12.74,15.17,13.27,699,533,3.3,4757.06,216,915,2,0.1,NaN,NaN,NaN,NaN,NaN,25,5,5,14.7,14.65,12.83,12.74
16:27:16,INCR,15.17,12.74,15.17,13.27,792,556,7.88,4764.94,217,915,2,0.1,NaN,NaN,NaN,NaN,NaN,25,5,5,14.7,14.65,12.83,12.74
16:27:17,INCR,15.17,12.74,15.17,13.27,881,510,8.44,4773.38,218,915,2,0.1,NaN,NaN,NaN,NaN,NaN,25,5,5,14.7,14.65,12.83,12.74
16:27:18,INCR,15.16,12.74,15.16,13.26,929,375,12.14,4785.52,219,915,2,0.1,NaN,NaN,NaN,NaN,NaN,25,5,5,14.7,14.65,12.83,12.74
16:27:19,INCR,15.16,12.74,15.16,13.26,848,276,10.95,4796.48,220,915,2,0.1,NaN,NaN,NaN,NaN,NaN,25,5,5,14.7,14.65,12.83,12.74
16:27:20,INCR,15.16,12.74,15.16,13.26,733,276,9.51,4805.99,221,915,2,0.1,NaN,NaN,NaN,NaN,NaN,25,5,5,14.7,14.65,12.83,12.74
16:27:22,INCR,15.15,12.74,15.15,13.26,665,344,8.08,4814.07,222,915,2,0.1,NaN,NaN,NaN,NaN,NaN,25,5,5,14.7,14.65,12.83,12.74
16:27:23,INCR,15.15,12.74,15.15,13.26,663,349,1.33,4815.4,223,915,2,0.1,NaN,NaN,NaN,NaN,NaN,25,5,5,14.7,14.65,12.83,12.74
16:27:24,INCR,15.16,12.74,15.16,13.26,701,336,2.69,4818.1,224,915,2,0.1,NaN,NaN,NaN,NaN,NaN,25,5,5,14.7,14.65,12.83,12.74
16:27:25,INCR,15.16,12.74,15.16,13.26,727,329,2.14,4820.23,225,915,2,0.1,NaN,NaN,NaN,NaN,NaN,25,5,5,14.7,14.65,12.83,12.74
16:27:26,INCR,15.16,12.74,15.16,13.26,776,301,4.78,4825.02,226,915,2,0.1,NaN,NaN,NaN,NaN,NaN,25,5,5,14.7,14.65,12.83,12.74
16:27:27,INCR,15.15,12.74,15.15,13.26,834,311,5.13,4830.15,227,915,2,0.1,NaN,NaN,NaN,NaN,NaN,25,5,5,14.7,14.65,12.83,12.74
16:27:28,INCR,15.15,12.74,15.15,13.26,864,357,4.52,4834.67,228,915,2,0.1,NaN,NaN,NaN,NaN,NaN,25,5,5,14.7,14.65,12.83,12.74
16:27:29,INCR,15.15,12.74,15.15,13.26,874,402,3.79,4838.46,229,915,2,0.1,NaN,NaN,NaN,NaN,NaN,25,5,5,14.7,14.65,12.83,12.74
16:27:30,INCR,15.15,12.74,15.15,13.26,846,484,6.85,4845.31,230,915,2,0.1,NaN,NaN,NaN,NaN,NaN,25,5,5,14.7,14.65,12.83,12.74
16:27:31,INCR,15.15,12.74,15.15,13.25,827,484,1.54,4846.85,231,915,2,0.1,NaN,NaN,NaN,NaN,NaN,25,5,5,14.7,14.65,12.83,12.74
16:27:32,INCR,15.16,12.74,15.16,13.26,778,501,4.08,4850.93,232,915,2,0.1,NaN,NaN,NaN,NaN,NaN,25,5,5,14.7,14.65,12.83,12.74
16:27:33,INCR,15.16,12.74,15.16,13.26,729,507,4.03,4854.96,233,915,2,0.1,NaN,NaN,NaN,NaN,NaN,25,5,5,14.7,14.65,12.83,12.74
16:27:34,INCR,15.16,12.74,15.16,13.25,678,477,4.96,4859.92,234,915,2,0.1,NaN,NaN,NaN,NaN,NaN,25,5,5,14.7,14.65,12.83,12.74
16:27:35,INCR,15.16,12.74,15.16,13.25,650,456,2.51,4862.43,235,915,2,0.1,NaN,NaN,NaN,NaN,NaN,25,5,5,14.7,14.65,12.83,12.74
16:27:36,INCR,15.16,12.74,15.16,13.25,647,477,1.75,4864.18,236,915,2,0.1,NaN,NaN,NaN,NaN,NaN,25,5,5,14.7,14.65,12.83,12.74
16:27:37,INCR,15.17,12.74,15.17,13.25,638,487,4.64,4868.81,237,915,2,0.1,NaN,NaN,NaN,NaN,NaN,25,5,5,14.7,14.65,12.83,12.74
16:27:38,INCR,15.17,12.74,15.17,13.25,708,550,7.08,4875.89,238,915,2,0.1,NaN,NaN,NaN,NaN,NaN,25,5,5,14.7,14.65,12.83,12.74
16:27:39,INCR,15.17,12.74,15.17,13.25,740,533,4.2,4880.09,239,915,2,0.1,NaN,NaN,NaN,NaN,NaN,25,5,5,14.7,14.65,12.83,12.74
16:27:40,INCR,15.17,12.74,15.17,13.25,770,563,4.35,4884.44,240,915,2,0.1,NaN,NaN,NaN,NaN,NaN,25,5,5,14.7,14.65,12.83,12.74
16:27:41,INCR,15.18,12.74,15.18,13.25,869,519,9.64,4894.08,241,915,2,0.1,NaN,NaN,NaN,NaN,NaN,25,5,5,14.7,14.65,12.83,12.74
16:27:42,INCR,15.21,12.74,15.21,13.25,924,438,8.78,4902.86,242,915,2,0.1,NaN,NaN,NaN,NaN,NaN,25,5,5,14.7,14.65,12.83,12.74
16:27:43,INCR,15.23,12.74,15.23,13.25,908,423,3.03,4905.89,243,915,2,0.1,NaN,NaN,NaN,NaN,NaN,25,5,5,14.7,14.65,12.83,12.74
16:27:44,INCR,15.25,12.74,15.25,13.25,862,484,6.48,4912.36,244,915,2,0.1,NaN,NaN,NaN,NaN,NaN,25,5,5,14.7,14.65,12.83,12.74
16:27:45,INCR,15.25,12.74,15.25,13.25,783,539,5.04,4917.4,245,915,2,0.1,NaN,NaN,NaN,NaN,NaN,25,5,5,14.7,14.65,12.83,12.74
16:27:46,INCR,15.26,12.74,15.26,13.26,733,534,4.16,4921.56,246,915,2,0.1,NaN,NaN,NaN,NaN,NaN,25,5,5,14.7,14.65,12.83,12.74
16:27:47,INCR,15.26,12.74,15.26,13.26,659,488,7.24,4928.8,247,915,2,0.1,NaN,NaN,NaN,NaN,NaN,25,5,5,14.7,14.65,12.83,12.74
16:27:48,INCR,15.26,12.74,15.26,13.26,627,422,5.97,4934.77,248,915,2,0.1,NaN,NaN,NaN,NaN,NaN,25,5,5,14.7,14.65,12.83,12.74
16:27:49,INCR,15.26,12.74,15.26,13.26,584,389,4.94,4939.71,249,915,2,0.1,NaN,NaN,NaN,NaN,NaN,25,5,5,14.7,14.65,12.83,12.74
16:27:50,DECR,13.26,12.74,15.27,13.26,482,418,8.7,4948.41,249,916,2,0.1,NaN,NaN,NaN,NaN,NaN,25,5,5,14.81,14.67,12.83,12.74
16:27:51,DECR,13.26,12.74,15.27,13.26,416,476,7.31,4955.73,249,917,2,0.1,NaN,NaN,NaN,NaN,NaN,25,5,5,14.81,14.67,12.83,12.74
16:27:52,DECR,13.26,12.74,15.27,13.26,402,528,4.49,4960.22,249,918,2,0.1,NaN,NaN,NaN,NaN,NaN,25,5,5,14.81,14.67,12.83,12.74
16:27:53,DECR,13.26,12.74,15.27,13.26,359,559,4.53,4964.74,249,919,2,0.1,NaN,NaN,NaN,NaN,NaN,25,5,5,14.81,14.67,12.83,12.74
16:27:54,DECR,13.25,12.74,15.28,13.25,274,548,9.18,4973.92,249,920,2,0.1,NaN,NaN,NaN,NaN,NaN,25,5,5,14.81,14.67,12.83,12.74
16:27:55,DECR,13.26,12.74,15.28,13.26,312,570,6.71,4980.63,249,921,2,0.1,NaN,NaN,NaN,NaN,NaN,25,5,5,14.81,14.67,12.83,12.74
16:27:56,DECR,13.26,12.74,15.29,13.26,235,549,6.13,4986.76,249,922,2,0.1,NaN,NaN,NaN,NaN,NaN,25,5,5,14.81,14.67,12.83,12.74
16:27:57,DECR,13.26,12.74,15.29,13.26,170,480,7.84,4994.6,249,923,2,0.1,NaN,NaN,NaN,NaN,NaN,25,5,5,14.81,14.67,12.83,12.74
16:27:58,DECR,13.26,12.74,15.3,13.26,162,354,10.78,5005.38,249,924,2,0.1,NaN,NaN,NaN,NaN,NaN,25,5,5,14.81,14.67,12.83,12.74
16:27:59,DECR,13.26,12.74,15.3,13.26,232,266,9.24,5014.62,249,925,2,0.1,NaN,NaN,NaN,NaN,NaN,25,5,5,14.81,14.67,12.83,12.74
16:28:00,DECR,13.26,12.74,15.3,13.26,346,261,9.18,5023.8,249,926,2,0.1,NaN,NaN,NaN,NaN,NaN,25,5,5,14.81,14.67,12.83,12.74
16:28:01,DECR,13.26,12.74,15.3,13.26,399,322,5.89,5029.69,249,927,2,0.1,NaN,NaN,NaN,NaN,NaN,25,5,5,14.81,14.67,12.83,12.74
16:28:02,DECR,13.26,12.74,15.3,13.26,421,360,3.57,5033.26,249,928,2,0.1,NaN,NaN,NaN,NaN,NaN,25,5,5,14.81,14.67,12.83,12.74
16:28:03,DECR,13.26,12.74,15.3,13.26,441,398,3.56,5036.82,249,929,2,0.1,NaN,NaN,NaN,NaN,NaN,25,5,5,14.81,14.67,12.83,12.74
16:28:04,DECR,13.26,12.74,15.31,13.26,452,472,6.27,5043.1,249,930,2,0.1,NaN,NaN,NaN,NaN,NaN,25,5,5,14.81,14.67,12.83,12.74
16:28:05,DECR,13.26,12.74,15.3,13.26,441,508,3.17,5046.27,249,931,2,0.1,NaN,NaN,NaN,NaN,NaN,25,5,5,14.81,14.67,12.83,12.74
16:28:06,DECR,13.26,12.74,15.31,13.26,426,505,4.97,5051.24,249,932,2,0.1,NaN,NaN,NaN,NaN,NaN,25,5,5,14.81,14.67,12.83,12.74
16:28:07,DECR,13.26,12.74,15.31,13.26,401,507,4.15,5055.39,249,933,2,0.1,NaN,NaN,NaN,NaN,NaN,25,5,5,14.81,14.67,12.83,12.74
16:28:08,DECR,13.26,12.74,15.31,13.26,427,507,3.75,5059.14,249,934,2,0.1,NaN,NaN,NaN,NaN,NaN,25,5,5,14.81,14.67,12.83,12.74
16:28:09,DECR,13.26,12.74,15.32,13.26,409,533,3.01,5062.15,249,935,2,0.1,NaN,NaN,NaN,NaN,NaN,25,5,5,14.81,14.67,12.83,12.74
16:28:10,DECR,13.26,12.74,15.32,13.26,318,568,6.33,5068.49,249,936,2,0.1,NaN,NaN,NaN,NaN,NaN,25,5,5,14.81,14.67,12.83,12.74
16:28:11,DECR,13.26,12.74,15.32,13.26,248,551,5.12,5073.61,249,937,2,0.1,NaN,NaN,NaN,NaN,NaN,25,5,5,14.81,14.67,12.83,12.74
16:28:12,DECR,13.26,12.74,15.33,13.26,173,482,8.35,5081.96,249,938,2,0.1,NaN,NaN,NaN,NaN,NaN,25,5,5,14.81,14.67,12.83,12.74
16:28:13,DECR,13.26,12.74,15.33,13.26,155,405,6.19,5088.15,249,939,2,0.1,NaN,NaN,NaN,NaN,NaN,25,5,5,14.81,14.67,12.83,12.74
16:28:15,DECR,13.26,12.74,15.33,13.26,195,403,4,5092.15,249,940,2,0.1,NaN,NaN,NaN,NaN,NaN,25,5,5,14.81,14.67,12.83,12.74
16:28:16,DECR,13.25,12.74,15.32,13.25,207,453,4.12,5096.27,249,941,2,0.1,NaN,NaN,NaN,NaN,NaN,25,5,5,14.81,14.67,12.83,12.74
16:28:17,DECR,13.26,12.74,15.32,13.26,208,483,2.72,5098.99,249,942,2,0.1,NaN,NaN,NaN,NaN,NaN,25,5,5,14.81,14.67,12.83,12.74
16:28:18,DECR,13.25,12.74,15.32,13.25,238,522,3.97,5102.96,249,943,2,0.1,NaN,NaN,NaN,NaN,NaN,25,5,5,14.81,14.67,12.83,12.74
16:28:19,DECR,13.25,12.74,15.32,13.25,268,533,2.91,5105.87,249,944,2,0.1,NaN,NaN,NaN,NaN,NaN,25,5,5,14.81,14.67,12.83,12.74
16:28:20,DECR,13.25,12.74,15.32,13.25,288,536,1.62,5107.49,249,945,2,0.1,NaN,NaN,NaN,NaN,NaN,25,5,5,14.81,14.67,12.83,12.74
16:28:21,DECR,13.25,12.74,15.32,13.25,248,496,4.59,5112.07,249,946,2,0.1,NaN,NaN,NaN,NaN,NaN,25,5,5,14.81,14.67,12.83,12.74
16:28:22,DECR,13.24,12.74,15.33,13.24,230,485,1.56,5113.63,249,947,2,0.1,NaN,NaN,NaN,NaN,NaN,25,5,5,14.81,14.67,12.83,12.74
16:28:23,DECR,13.24,12.74,15.33,13.24,229,485,0,5113.63,249,948,2,0.1,NaN,NaN,NaN,NaN,NaN,25,5,5,14.81,14.67,12.83,12.74
16:28:24,DECR,13.25,12.74,15.33,13.25,206,465,2.72,5116.35,249,949,2,0.1,NaN,NaN,NaN,NaN,NaN,25,5,5,14.81,14.67,12.83,12.74
16:28:25,DECR,13.25,12.75,15.33,13.25,180,460,2.53,5118.88,249,950,2,0.1,NaN,NaN,NaN,NaN,NaN,25,5,5,14.81,14.67,12.83,12.74
16:28:26,DECR,13.24,12.75,15.33,13.24,166,440,2.04,5120.92,249,951,2,0.1,NaN,NaN,NaN,NaN,NaN,25,5,5,14.81,14.67,12.83,12.74
16:28:27,DECR,13.24,12.75,15.33,13.24,167,405,2.75,5123.67,249,952,2,0.1,NaN,NaN,NaN,NaN,NaN,25,5,5,14.81,14.67,12.83,12.74
16:28:28,DECR,13.24,12.75,15.33,13.24,195,325,7.05,5130.72,249,953,2,0.1,NaN,NaN,NaN,NaN,NaN,25,5,5,14.81,14.67,12.83,12.74
16:28:29,DECR,13.24,12.75,15.33,13.24,267,282,7.17,5137.89,249,954,2,0.1,NaN,NaN,NaN,NaN,NaN,25,5,5,14.81,14.67,12.83,12.74
16:28:30,DECR,13.23,12.75,15.33,13.23,352,367,10.25,5148.14,249,955,2,0.1,NaN,NaN,NaN,NaN,NaN,25,5,5,14.81,14.67,12.83,12.74
16:28:31,DECR,13.23,12.75,15.33,13.23,409,479,10.25,5158.39,249,956,2,0.1,NaN,NaN,NaN,NaN,NaN,25,5,5,14.81,14.67,12.83,12.74
16:28:32,DECR,13.23,12.75,15.33,13.23,396,543,7.08,5165.47,249,957,2,0.1,NaN,NaN,NaN,NaN,NaN,25,5,5,14.81,14.67,12.83,12.74
16:28:33,DECR,13.23,12.75,15.34,13.23,300,552,8.15,5173.62,249,958,2,0.1,NaN,NaN,NaN,NaN,NaN,25,5,5,14.81,14.67,12.83,12.74
16:28:34,DECR,13.23,12.75,15.34,13.23,246,545,4.49,5178.11,249,959,2,0.1,NaN,NaN,NaN,NaN,NaN,25,5,5,14.81,14.67,12.83,12.74
16:28:35,DECR,13.23,12.75,15.34,13.23,159,421,13.74,5191.85,249,960,2,0.1,NaN,NaN,NaN,NaN,NaN,25,5,5,14.81,14.67,12.83,12.74
16:28:36,DECR,13.23,12.75,15.34,13.23,198,509,11.34,5203.2,249,961,2,0.1,NaN,NaN,NaN,NaN,NaN,25,5,5,14.81,14.67,12.83,12.74
16:28:37,DECR,13.23,12.75,15.34,13.23,173,386,11.53,5214.72,249,962,2,0.1,NaN,NaN,NaN,NaN,NaN,25,5,5,14.81,14.67,12.83,12.74
16:28:38,DECR,13.23,12.75,15.35,13.23,186,405,2.36,5217.08,249,963,2,0.1,NaN,NaN,NaN,NaN,NaN,25,5,5,14.81,14.67,12.83,12.74
16:28:39,DECR,13.23,12.75,15.35,13.23,169,433,9.38,5226.47,249,964,2,0.1,NaN,NaN,NaN,NaN,NaN,25,5,5,14.81,14.67,12.83,12.74
16:28:40,DECR,13.23,12.75,15.35,13.23,155,381,4.72,5231.18,249,965,2,0.1,NaN,NaN,NaN,NaN,NaN,25,5,5,14.81,14.67,12.83,12.74
16:28:41,DECR,13.22,12.75,15.35,13.22,178,369,9.17,5240.35,249,966,2,0.1,NaN,NaN,NaN,NaN,NaN,25,5,5,14.81,14.67,12.83,12.74
16:28:42,DECR,13.22,12.75,15.35,13.22,186,377,15.75,5256.1,249,967,2,0.1,NaN,NaN,NaN,NaN,NaN,25,5,5,14.81,14.67,12.83,12.74
16:28:43,DECR,13.22,12.75,15.35,13.22,166,432,4.97,5261.07,249,968,2,0.1,NaN,NaN,NaN,NaN,NaN,25,5,5,14.81,14.67,12.83,12.74
16:28:44,DECR,13.22,12.75,15.35,13.22,212,514,7.63,5268.7,249,969,2,0.1,NaN,NaN,NaN,NaN,NaN,25,5,5,14.81,14.67,12.83,12.74
16:28:45,DECR,13.21,12.75,15.35,13.21,257,553,4.91,5273.61,249,970,2,0.1,NaN,NaN,NaN,NaN,NaN,25,5,5,14.81,14.67,12.83,12.74
16:28:46,DECR,13.22,12.75,15.35,13.22,320,554,5.24,5278.85,249,971,2,0.1,NaN,NaN,NaN,NaN,NaN,25,5,5,14.81,14.67,12.83,12.74
16:28:47,DECR,13.22,12.75,15.35,13.22,381,514,6.53,5285.38,249,972,2,0.1,NaN,NaN,NaN,NaN,NaN,25,5,5,14.81,14.67,12.83,12.74
16:28:48,DECR,13.21,12.75,15.34,13.21,382,502,2.97,5288.35,249,973,2,0.1,NaN,NaN,NaN,NaN,NaN,25,5,5,14.81,14.67,12.83,12.74
16:28:49,DECR,13.21,12.75,15.34,13.21,387,494,1.61,5289.96,249,974,2,0.1,NaN,NaN,NaN,NaN,NaN,25,5,5,14.81,14.67,12.83,12.74
16:28:50,DECR,13.2,12.75,15.34,13.2,378,545,4.33,5294.29,249,975,2,0.1,NaN,NaN,NaN,NaN,NaN,25,5,5,14.81,14.67,12.83,12.74
16:28:51,DECR,13.2,12.75,15.34,13.2,338,541,4.36,5298.66,249,976,2,0.1,NaN,NaN,NaN,NaN,NaN,25,5,5,14.81,14.67,12.83,12.74
16:28:52,DECR,13.21,12.75,15.34,13.21,263,543,6.94,5305.6,249,977,2,0.1,NaN,NaN,NaN,NaN,NaN,25,5,5,14.81,14.67,12.83,12.74
16:28:53,DECR,13.21,12.75,15.34,13.21,217,536,13.58,5319.18,249,978,2,0.1,NaN,NaN,NaN,NaN,NaN,25,5,5,14.81,14.67,12.83,12.74
16:28:54,DECR,13.2,12.75,15.33,13.2,179,449,17.8,5336.99,249,979,2,0.1,NaN,NaN,NaN,NaN,NaN,25,5,5,14.81,14.67,12.83,12.74
16:28:55,DECR,13.2,12.75,15.33,13.2,208,511,9.65,5346.64,249,980,2,0.1,NaN,NaN,NaN,NaN,NaN,25,5,5,14.81,14.67,12.83,12.74
16:28:56,DECR,13.2,12.75,15.33,13.2,296,554,9.48,5356.12,249,981,2,0.1,NaN,NaN,NaN,NaN,NaN,25,5,5,14.81,14.67,12.83,12.74
16:28:57,DECR,13.2,12.75,15.33,13.2,375,555,6.76,5362.88,249,982,2,0.1,NaN,NaN,NaN,NaN,NaN,25,5,5,14.81,14.67,12.83,12.74
16:28:58,DECR,13.2,12.75,15.32,13.2,434,454,6.62,5369.49,249,983,2,0.1,NaN,NaN,NaN,NaN,NaN,25,5,5,14.81,14.67,12.83,12.74
16:29:00,DECR,13.19,12.75,15.28,13.19,361,414,7.23,5376.73,249,984,2,0.1,NaN,NaN,NaN,NaN,NaN,25,5,5,14.81,14.67,12.83,12.74
16:29:01,DECR,13.19,12.75,15.25,13.19,301,459,6.17,5382.9,249,985,2,0.1,NaN,NaN,NaN,NaN,NaN,25,5,5,14.81,14.67,12.83,12.74
16:29:02,DECR,13.19,12.75,15.24,13.19,237,489,5.83,5388.73,249,986,2,0.1,NaN,NaN,NaN,NaN,NaN,25,5,5,14.81,14.67,12.83,12.74
16:29:03,DECR,13.19,12.75,15.23,13.19,208,492,2.41,5391.14,249,987,2,0.1,NaN,NaN,NaN,NaN,NaN,25,5,5,14.81,14.67,12.83,12.74
16:29:04,DECR,13.18,12.75,15.2,13.18,212,498,0.51,5391.65,249,988,2,0.1,NaN,NaN,NaN,NaN,NaN,25,5,5,14.81,14.67,12.83,12.74
16:29:05,DECR,13.18,12.75,15.15,13.18,218,500,0.59,5392.24,249,989,2,0.1,NaN,NaN,NaN,NaN,NaN,25,5,5,14.81,14.67,12.83,12.74
16:29:06,DECR,13.18,12.75,15.1,13.18,222,496,0.6,5392.84,249,990,2,0.1,NaN,NaN,NaN,NaN,NaN,25,5,5,14.81,14.67,12.83,12.74
16:29:07,DECR,13.18,12.77,15.09,13.18,228,485,1.01,5393.85,249,991,2,0.1,NaN,NaN,NaN,NaN,NaN,25,5,5,14.81,14.67,12.83,12.74
16:29:08,DECR,13.18,12.79,15.08,13.18,223,488,1.3,5395.15,249,992,2,0.1,NaN,NaN,NaN,NaN,NaN,25,5,5,14.81,14.67,12.83,12.74
16:29:09,DECR,13.18,12.79,15.08,13.18,237,501,1.56,5396.71,249,993,2,0.1,NaN,NaN,NaN,NaN,NaN,25,5,5,14.81,14.67,12.83,12.74
16:29:10,DECR,13.17,12.79,15.07,13.17,246,506,0.77,5397.47,249,994,2,0.1,NaN,NaN,NaN,NaN,NaN,25,5,5,14.81,14.67,12.83,12.74
16:29:11,DECR,13.17,12.81,15.04,13.17,256,498,1.17,5398.65,249,995,2,0.1,NaN,NaN,NaN,NaN,NaN,25,5,5,14.81,14.67,12.83,12.74
16:29:12,DECR,13.16,12.82,15.01,13.16,253,495,1.14,5399.79,249,996,2,0.1,NaN,NaN,NaN,NaN,NaN,25,5,5,14.81,14.67,12.83,12.74
16:29:13,DECR,13.17,12.83,14.98,13.17,245,494,0.3,5400.09,249,997,2,0.1,NaN,NaN,NaN,NaN,NaN,25,5,5,14.81,14.67,12.83,12.74
16:29:14,DECR,13.17,12.85,14.98,13.17,242,500,0.69,5400.78,249,998,2,0.1,NaN,NaN,NaN,NaN,NaN,25,5,5,14.81,14.67,12.83,12.74
16:29:15,DECR,13.17,12.87,14.98,13.17,255,515,1.57,5402.35,249,999,2,0.1,NaN,NaN,NaN,NaN,NaN,25,5,5,14.81,14.67,12.83,12.74
16:29:16,DECR,13.16,12.88,14.98,13.16,271,525,1.48,5403.83,249,1000,2,0.1,NaN,NaN,NaN,NaN,NaN,25,5,5,14.81,14.67,12.83,12.74
16:29:17,DECR,13.16,12.88,14.97,13.16,279,515,0.72,5404.55,249,1001,2,0.1,NaN,NaN,NaN,NaN,NaN,25,5,5,14.81,14.67,12.83,12.74
16:29:18,DECR,13.16,12.89,14.97,13.16,292,508,1.27,5405.82,249,1002,2,0.1,NaN,NaN,NaN,NaN,NaN,25,5,5,14.81,14.67,12.83,12.74
16:29:19,DECR,13.16,12.9,14.97,13.16,299,491,1.58,5407.4,249,1003,2,0.1,NaN,NaN,NaN,NaN,NaN,25,5,5,14.81,14.67,12.83,12.74
16:29:20,DECR,13.16,12.91,14.97,13.16,306,475,1.33,5408.73,249,1004,2,0.1,NaN,NaN,NaN,NaN,NaN,25,5,5,14.81,14.67,12.83,12.74
16:29:21,DECR,13.16,12.93,14.96,13.16,314,461,1.54,5410.28,249,1005,2,0.1,NaN,NaN,NaN,NaN,NaN,25,5,5,14.81,14.67,12.83,12.74
16:29:22,DECR,13.15,12.94,14.96,13.15,317,451,1.06,5411.34,249,1006,2,0.1,NaN,NaN,NaN,NaN,NaN,25,5,5,14.81,14.67,12.83,12.74
16:29:23,DECR,13.15,12.95,14.96,13.15,301,434,1.91,5413.25,249,1007,2,0.1,NaN,NaN,NaN,NaN,NaN,25,5,5,14.81,14.67,12.83,12.74
16:29:24,DECR,13.15,12.97,14.96,13.15,282,430,1.62,5414.87,249,1008,2,0.1,NaN,NaN,NaN,NaN,NaN,25,5,5,14.81,14.67,12.83,12.74
16:29:25,DECR,13.15,12.98,14.96,13.15,269,428,1.01,5415.88,249,1009,2,0.1,NaN,NaN,NaN,NaN,NaN,25,5,5,14.81,14.67,12.83,12.74
16:29:26,DECR,13.15,12.99,14.96,13.15,259,421,0.92,5416.8,249,1010,2,0.1,NaN,NaN,NaN,NaN,NaN,25,5,5,14.81,14.67,12.83,12.74
16:29:27,DECR,13.15,13,14.96,13.15,249,417,0.78,5417.58,249,1011,2,0.1,NaN,NaN,NaN,NaN,NaN,25,5,5,14.81,14.67,12.83,12.74
16:29:28,DECR,13.15,13.01,14.96,13.15,243,401,0.93,5418.51,249,1012,2,0.1,NaN,NaN,NaN,NaN,NaN,25,5,5,14.81,14.67,12.83,12.74
16:29:29,DECR,13.15,13.03,14.97,13.15,241,395,0.52,5419.03,249,1013,2,0.1,NaN,NaN,NaN,NaN,NaN,25,5,5,14.81,14.67,12.83,12.74
16:29:30,DECR,13.15,13.06,14.97,13.15,255,369,1.7,5420.73,249,1014,2,0.1,NaN,NaN,NaN,NaN,NaN,25,5,5,14.81,14.67,12.83,12.74
16:29:31,DECR,13.16,13.08,14.98,13.16,311,346,5.19,5425.92,249,1015,2,0.1,NaN,NaN,NaN,NaN,NaN,25,5,5,14.81,14.67,12.83,12.74
16:29:32,DECR,13.15,13.1,14.98,13.15,386,352,5.59,5431.51,249,1016,2,0.1,NaN,NaN,NaN,NaN,NaN,25,5,5,14.81,14.67,12.83,12.74
16:29:33,DECR,13.15,13.11,14.98,13.15,407,354,1.76,5433.27,249,1017,2,0.1,NaN,NaN,NaN,NaN,NaN,25,5,5,14.81,14.67,12.83,12.74
16:29:34,DECR,13.15,13.13,14.98,13.15,422,348,1.28,5434.55,249,1018,2,0.1,NaN,NaN,NaN,NaN,NaN,25,5,5,14.81,14.67,12.83,12.74
16:29:35,DECR,13.15,13.13,14.98,13.15,426,348,0.39,5434.94,249,1019,2,0.1,NaN,NaN,NaN,NaN,NaN,25,5,5,14.81,14.67,12.83,12.74
16:29:36,DECR,13.15,13.14,14.99,13.15,433,351,0.64,5435.58,249,1020,2,0.1,NaN,NaN,NaN,NaN,NaN,25,5,5,14.81,14.67,12.83,12.74
16:29:37,DECR,13.15,13.14,14.99,13.15,444,349,1.17,5436.74,249,1021,2,0.1,NaN,NaN,NaN,NaN,NaN,25,5,5,14.81,14.67,12.83,12.74
16:29:38,DECR,13.15,13.14,14.99,13.15,445,353,0.41,5437.15,249,1022,2,0.1,NaN,NaN,NaN,NaN,NaN,25,5,5,14.81,14.67,12.83,12.74
16:29:39,DECR,13.14,13.14,14.99,13.14,457,357,0.86,5438.01,249,1023,2,0.1,NaN,NaN,NaN,NaN,NaN,25,5,5,14.81,14.67,12.83,12.74
16:29:40,DECR,13.14,13.14,15,13.14,455,358,0.2,5438.2,249,1024,2,0.1,NaN,NaN,NaN,NaN,NaN,25,5,5,14.81,14.67,12.83,12.74
16:29:41,DECR,13.14,13.14,15,13.14,466,357,0.76,5438.97,249,1025,2,0.1,NaN,NaN,NaN,NaN,NaN,25,5,5,14.81,14.67,12.83,12.74
16:29:42,DECR,13.14,13.14,15,13.14,470,357,0.53,5439.5,249,1026,2,0.1,NaN,NaN,NaN,NaN,NaN,25,5,5,14.81,14.67,12.83,12.74
16:29:43,DECR,13.14,13.14,15,13.14,467,371,1.03,5440.53,249,1027,2,0.1,NaN,NaN,NaN,NaN,NaN,25,5,5,14.81,14.67,12.83,12.74
16:29:44,DECR,13.13,13.14,15,13.13,450,392,2.3,5442.83,249,1028,2,0.1,NaN,NaN,NaN,NaN,NaN,25,5,5,14.81,14.67,12.83,12.74
16:29:45,DECR,13.13,13.14,15.03,13.13,424,435,3.7,5446.52,249,1029,2,0.1,NaN,NaN,NaN,NaN,NaN,25,5,5,14.81,14.67,12.83,12.74
16:29:46,DECR,13.13,13.14,15.06,13.13,384,484,4.59,5451.12,249,1030,2,0.1,NaN,NaN,NaN,NaN,NaN,25,5,5,14.81,14.67,12.83,12.74
16:29:47,DECR,13.13,13.14,15.08,13.13,335,515,4.85,5455.96,249,1031,2,0.1,NaN,NaN,NaN,NaN,NaN,25,5,5,14.81,14.67,12.83,12.74
16:29:48,DECR,13.13,13.14,15.09,13.13,288,518,3.85,5459.82,249,1032,2,0.1,NaN,NaN,NaN,NaN,NaN,25,5,5,14.81,14.67,12.83,12.74
16:29:49,DECR,13.14,13.14,15.1,13.14,257,522,2.6,5462.41,249,1033,2,0.1,NaN,NaN,NaN,NaN,NaN,25,5,5,14.81,14.67,12.83,12.74
16:29:50,DECR,13.14,13.14,15.1,13.14,250,535,1.18,5463.59,249,1034,2,0.1,NaN,NaN,NaN,NaN,NaN,25,5,5,14.81,14.67,12.83,12.74
16:29:51,DECR,13.14,13.14,15.1,13.14,250,528,0.85,5464.44,249,1035,2,0.1,NaN,NaN,NaN,NaN,NaN,25,5,5,14.81,14.67,12.83,12.74
16:29:53,DECR,13.14,13.14,15.12,13.14,245,516,1.01,5465.45,249,1036,2,0.1,NaN,NaN,NaN,NaN,NaN,25,5,5,14.81,14.67,12.83,12.74
16:29:54,DECR,13.14,13.14,15.15,13.14,226,508,1.7,5467.15,249,1037,2,0.1,NaN,NaN,NaN,NaN,NaN,25,5,5,14.81,14.67,12.83,12.74
16:29:55,DECR,13.14,13.14,15.18,13.14,212,504,1.36,5468.51,249,1038,2,0.1,NaN,NaN,NaN,NaN,NaN,25,5,5,14.81,14.67,12.83,12.74
16:29:56,DECR,13.14,13.14,15.19,13.14,209,495,1.03,5469.54,249,1039,2,0.1,NaN,NaN,NaN,NaN,NaN,25,5,5,14.81,14.67,12.83,12.74
16:29:57,DECR,13.13,13.14,15.18,13.13,212,491,0.51,5470.05,249,1040,2,0.1,NaN,NaN,NaN,NaN,NaN,25,5,5,14.81,14.67,12.83,12.74
16:29:58,DECR,13.14,13.14,15.18,13.14,220,484,0.79,5470.85,249,1041,2,0.1,NaN,NaN,NaN,NaN,NaN,25,5,5,14.81,14.67,12.83,12.74
16:29:59,DECR,13.14,13.14,15.19,13.14,218,487,0.4,5471.25,249,1042,2,0.1,NaN,NaN,NaN,NaN,NaN,25,5,5,14.81,14.67,12.83,12.74
16:30:00,DECR,13.15,13.14,15.2,13.15,228,497,0.79,5472.04,249,1043,2,0.1,NaN,NaN,NaN,NaN,NaN,25,5,5,14.81,14.67,12.83,12.74
16:30:01,DECR,13.15,13.14,15.2,13.15,231,504,0.85,5472.9,249,1044,2,0.1,NaN,NaN,NaN,NaN,NaN,25,5,5,14.81,14.67,12.83,12.74
16:30:02,DECR,13.15,13.14,15.2,13.15,241,512,1.02,5473.91,249,1045,2,0.1,NaN,NaN,NaN,NaN,NaN,25,5,5,14.81,14.67,12.83,12.74
16:30:03,DECR,13.15,13.14,15.2,13.15,259,512,1.64,5475.55,249,1046,2,0.1,NaN,NaN,NaN,NaN,NaN,25,5,5,14.81,14.67,12.83,12.74
16:30:04,DECR,13.15,13.14,15.21,13.15,271,505,1.05,5476.61,249,1047,2,0.1,NaN,NaN,NaN,NaN,NaN,25,5,5,14.81,14.67,12.83,12.74
16:30:05,DECR,13.14,13.14,15.21,13.14,279,491,1.33,5477.94,249,1048,2,0.1,NaN,NaN,NaN,NaN,NaN,25,5,5,14.81,14.67,12.83,12.74
16:30:06,DECR,13.14,13.14,15.22,13.14,280,474,1.32,5479.26,249,1049,2,0.1,NaN,NaN,NaN,NaN,NaN,25,5,5,14.81,14.67,12.83,12.74
16:30:07,DECR,13.15,13.14,15.22,13.15,258,459,2.52,5481.78,249,1050,2,0.1,NaN,NaN,NaN,NaN,NaN,25,5,5,14.81,14.67,12.83,12.74
16:30:08,DECR,13.15,13.14,15.22,13.15,256,465,0.45,5482.23,249,1051,2,0.1,NaN,NaN,NaN,NaN,NaN,25,5,5,14.81,14.67,12.83,12.74
16:30:09,DECR,13.15,13.14,15.22,13.15,268,472,0.99,5483.21,249,1052,2,0.1,NaN,NaN,NaN,NaN,NaN,25,5,5,14.81,14.67,12.83,12.74
16:30:10,DECR,13.15,13.14,15.24,13.15,283,485,1.51,5484.73,249,1053,2,0.1,NaN,NaN,NaN,NaN,NaN,25,5,5,14.81,14.67,12.83,12.74
16:30:11,DECR,13.15,13.14,15.27,13.15,296,499,1.5,5486.22,249,1054,2,0.1,NaN,NaN,NaN,NaN,NaN,25,5,5,14.81,14.67,12.83,12.74
16:30:12,DECR,13.15,13.14,15.3,13.15,307,517,1.72,5487.95,249,1055,2,0.1,NaN,NaN,NaN,NaN,NaN,25,5,5,14.81,14.67,12.83,12.74
16:30:13,DECR,13.15,13.14,15.3,13.15,336,529,2.7,5490.64,249,1056,2,0.1,NaN,NaN,NaN,NaN,NaN,25,5,5,14.81,14.67,12.83,12.74
16:30:14,DECR,13.16,13.14,15.31,13.16,374,509,3.55,5494.19,249,1057,2,0.1,NaN,NaN,NaN,NaN,NaN,25,5,5,14.81,14.67,12.83,12.74
16:30:15,DECR,13.17,13.14,15.32,13.17,394,491,2.28,5496.47,249,1058,2,0.1,NaN,NaN,NaN,NaN,NaN,25,5,5,14.81,14.67,12.83,12.74
16:30:16,DECR,13.17,13.14,15.32,13.17,431,444,5.01,5501.48,249,1059,2,0.1,NaN,NaN,NaN,NaN,NaN,25,5,5,14.81,14.67,12.83,12.74
16:30:17,DECR,13.17,13.14,15.32,13.17,429,399,4.66,5506.14,249,1060,2,0.1,NaN,NaN,NaN,NaN,NaN,25,5,5,14.81,14.67,12.83,12.74
16:30:18,DECR,13.17,13.14,15.32,13.17,442,383,1.35,5507.49,249,1061,2,0.1,NaN,NaN,NaN,NaN,NaN,25,5,5,14.81,14.67,12.83,12.74
16:30:19,DECR,13.17,13.14,15.32,13.17,432,357,2.12,5509.61,249,1062,2,0.1,NaN,NaN,NaN,NaN,NaN,25,5,5,14.81,14.67,12.83,12.74
16:30:20,DECR,13.16,13.14,15.32,13.16,420,338,1.86,5511.47,249,1063,2,0.1,NaN,NaN,NaN,NaN,NaN,25,5,5,14.81,14.67,12.83,12.74
16:30:21,DECR,13.17,13.14,15.32,13.17,389,319,2.55,5514.02,249,1064,2,0.1,NaN,NaN,NaN,NaN,NaN,25,5,5,14.81,14.67,12.83,12.74
16:30:22,DECR,13.17,13.14,15.32,13.17,370,322,1.61,5515.63,249,1065,2,0.1,NaN,NaN,NaN,NaN,NaN,25,5,5,14.81,14.67,12.83,12.74
16:30:23,DECR,13.17,13.14,15.32,13.17,350,324,1.77,5517.41,249,1066,2,0.1,NaN,NaN,NaN,NaN,NaN,25,5,5,14.81,14.67,12.83,12.74
16:30:24,DECR,13.17,13.14,15.32,13.17,320,297,2.81,5520.22,249,1067,2,0.1,NaN,NaN,NaN,NaN,NaN,25,5,5,14.81,14.67,12.83,12.74
16:30:25,DECR,13.18,13.14,15.32,13.18,301,288,1.74,5521.95,249,1068,2,0.1,NaN,NaN,NaN,NaN,NaN,25,5,5,14.81,14.67,12.83,12.74
16:30:26,DECR,13.18,13.14,15.32,13.18,257,285,3.22,5525.17,249,1069,2,0.1,NaN,NaN,NaN,NaN,NaN,25,5,5,14.81,14.67,12.83,12.74
16:30:27,DECR,13.19,13.14,15.33,13.19,246,292,0.8,5525.97,249,1070,2,0.1,NaN,NaN,NaN,NaN,NaN,25,5,5,14.81,14.67,12.83,12.74
16:30:28,DECR,13.19,13.14,15.33,13.19,232,298,1.2,5527.18,249,1071,2,0.1,NaN,NaN,NaN,NaN,NaN,25,5,5,14.81,14.67,12.83,12.74
16:30:29,DECR,13.19,13.15,15.33,13.19,204,312,2.54,5529.71,249,1072,2,0.1,NaN,NaN,NaN,NaN,NaN,25,5,5,14.81,14.67,12.83,12.74
16:30:30,DECR,13.19,13.15,15.32,13.19,187,335,2.21,5531.92,249,1073,2,0.1,NaN,NaN,NaN,NaN,NaN,25,5,5,14.81,14.67,12.83,12.74
16:30:31,DECR,13.19,13.15,15.33,13.19,175,365,2.44,5534.36,249,1074,2,0.1,NaN,NaN,NaN,NaN,NaN,25,5,5,14.81,14.67,12.83,12.74
16:30:32,DECR,13.19,13.15,15.32,13.19,175,393,1.69,5536.05,249,1075,2,0.1,NaN,NaN,NaN,NaN,NaN,25,5,5,14.81,14.67,12.83,12.74
16:30:33,DECR,13.19,13.15,15.32,13.19,176,410,1.28,5537.34,249,1076,2,0.1,NaN,NaN,NaN,NaN,NaN,25,5,5,14.81,14.67,12.83,12.74
16:30:34,DECR,13.2,13.15,15.32,13.2,181,425,1.48,5538.82,249,1077,2,0.1,NaN,NaN,NaN,NaN,NaN,25,5,5,14.81,14.67,12.83,12.74
16:30:35,DECR,13.2,13.15,15.32,13.2,178,433,1.84,5540.66,249,1078,2,0.1,NaN,NaN,NaN,NaN,NaN,25,5,5,14.81,14.67,12.83,12.74
16:30:36,DECR,13.2,13.15,15.32,13.2,179,451,1.52,5542.18,249,1079,2,0.1,NaN,NaN,NaN,NaN,NaN,25,5,5,14.81,14.67,12.83,12.74
16:30:37,DECR,13.2,13.15,15.31,13.2,190,482,2.71,5544.89,249,1080,2,0.1,NaN,NaN,NaN,NaN,NaN,25,5,5,14.81,14.67,12.83,12.74
16:30:38,DECR,13.2,13.15,15.3,13.2,206,492,1.87,5546.76,249,1081,2,0.1,NaN,NaN,NaN,NaN,NaN,25,5,5,14.81,14.67,12.83,12.74
16:30:39,DECR,13.2,13.15,15.3,13.2,213,482,1.41,5548.17,249,1082,2,0.1,NaN,NaN,NaN,NaN,NaN,25,5,5,14.81,14.67,12.83,12.74
16:30:40,DECR,13.2,13.15,15.28,13.2,227,437,3.96,5552.14,249,1083,2,0.1,NaN,NaN,NaN,NaN,NaN,25,5,5,14.81,14.67,12.83,12.74
16:30:41,DECR,13.2,13.15,15.25,13.2,217,452,1.8,5553.94,249,1084,2,0.1,NaN,NaN,NaN,NaN,NaN,25,5,5,14.81,14.67,12.83,12.74
16:30:42,DECR,13.21,13.15,15.23,13.21,264,491,4.39,5558.33,249,1085,2,0.1,NaN,NaN,NaN,NaN,NaN,25,5,5,14.81,14.67,12.83,12.74
16:30:43,DECR,13.21,13.15,15.22,13.21,308,470,4.65,5562.97,249,1086,2,0.1,NaN,NaN,NaN,NaN,NaN,25,5,5,14.81,14.67,12.83,12.74
16:30:44,DECR,13.2,13.15,15.19,13.2,375,483,6.54,5569.51,249,1087,2,0.1,NaN,NaN,NaN,NaN,NaN,25,5,5,14.81,14.67,12.83,12.74
16:30:45,DECR,13.2,13.15,15.16,13.2,371,521,3.05,5572.56,249,1088,2,0.1,NaN,NaN,NaN,NaN,NaN,25,5,5,14.81,14.67,12.83,12.74
16:30:46,DECR,13.2,13.15,15.13,13.2,354,541,2.18,5574.74,249,1089,2,0.1,NaN,NaN,NaN,NaN,NaN,25,5,5,14.81,14.67,12.83,12.74
16:30:48,DECR,13.2,13.15,15.13,13.2,351,551,1.02,5575.76,249,1090,2,0.1,NaN,NaN,NaN,NaN,NaN,25,5,5,14.81,14.67,12.83,12.74
16:30:49,DECR,13.21,13.15,15.13,13.21,301,539,3.6,5579.36,249,1091,2,0.1,NaN,NaN,NaN,NaN,NaN,25,5,5,14.81,14.67,12.83,12.74
16:30:50,DECR,13.21,13.15,15.12,13.21,242,529,3.64,5583,249,1092,2,0.1,NaN,NaN,NaN,NaN,NaN,25,5,5,14.81,14.67,12.83,12.74
16:30:51,DECR,13.21,13.15,15.09,13.21,209,513,3.01,5586.01,249,1093,2,0.1,NaN,NaN,NaN,NaN,NaN,25,5,5,14.81,14.67,12.83,12.74
16:30:52,DECR,13.21,13.15,15.06,13.21,171,453,6.02,5592.03,249,1094,2,0.1,NaN,NaN,NaN,NaN,NaN,25,5,5,14.81,14.67,12.83,12.74
16:30:53,DECR,13.21,13.15,15.03,13.21,156,383,5.63,5597.66,249,1095,2,0.1,NaN,NaN,NaN,NaN,NaN,25,5,5,14.81,14.67,12.83,12.74
16:30:54,DECR,13.21,13.15,15.03,13.21,200,298,7.95,5605.62,249,1096,2,0.1,NaN,NaN,NaN,NaN,NaN,25,5,5,14.81,14.67,12.83,12.74
16:30:55,DECR,13.21,13.15,15.03,13.21,313,248,9.62,5615.24,249,1097,2,0.1,NaN,NaN,NaN,NaN,NaN,25,5,5,14.81,14.67,12.83,12.74
16:30:56,DECR,13.21,13.15,15.02,13.21,393,299,8.31,5623.55,249,1098,2,0.1,NaN,NaN,NaN,NaN,NaN,25,5,5,14.81,14.67,12.83,12.74
16:30:57,DECR,13.2,13.15,15.02,13.2,437,354,5.4,5628.95,249,1099,2,0.1,NaN,NaN,NaN,NaN,NaN,25,5,5,14.81,14.67,12.83,12.74
16:30:58,DECR,13.2,13.15,15.02,13.2,449,382,2.53,5631.48,249,1100,2,0.1,NaN,NaN,NaN,NaN,NaN,25,5,5,14.81,14.67,12.83,12.74
16:30:59,DECR,13.2,13.15,15.02,13.2,453,385,0.89,5632.37,249,1101,2,0.1,NaN,NaN,NaN,NaN,NaN,25,5,5,14.81,14.67,12.83,12.74
16:31:00,DECR,13.21,13.15,15.02,13.21,451,360,2.19,5634.56,249,1102,2,0.1,NaN,NaN,NaN,NaN,NaN,25,5,5,14.81,14.67,12.83,12.74
16:31:01,DECR,13.21,13.15,15.01,13.21,425,326,3.45,5638.01,249,1103,2,0.1,NaN,NaN,NaN,NaN,NaN,25,5,5,14.81,14.67,12.83,12.74
16:31:02,DECR,13.2,13.15,15.01,13.2,403,314,2.1,5640.11,249,1104,2,0.1,NaN,NaN,NaN,NaN,NaN,25,5,5,14.81,14.67,12.83,12.74
16:31:03,DECR,13.2,13.15,15,13.2,371,301,2.9,5643.01,249,1105,2,0.1,NaN,NaN,NaN,NaN,NaN,25,5,5,14.81,14.67,12.83,12.74
16:31:04,DECR,13.21,13.15,15,13.21,356,354,4.39,5647.4,249,1106,2,0.1,NaN,NaN,NaN,NaN,NaN,25,5,5,14.81,14.67,12.83,12.74
16:31:05,DECR,13.2,13.15,15,13.2,316,388,4.44,5651.84,249,1107,2,0.1,NaN,NaN,NaN,NaN,NaN,25,5,5,14.81,14.67,12.83,12.74
16:31:06,DECR,13.2,13.15,14.99,13.2,261,408,4.88,5656.71,249,1108,2,0.1,NaN,NaN,NaN,NaN,NaN,25,5,5,14.81,14.67,12.83,12.74
16:31:07,DECR,13.19,13.15,14.99,13.19,242,507,8.8,5665.51,249,1109,2,0.1,NaN,NaN,NaN,NaN,NaN,25,5,5,14.81,14.67,12.83,12.74
16:31:08,DECR,13.18,13.15,14.98,13.18,267,521,1.68,5667.19,249,1110,2,0.1,NaN,NaN,NaN,NaN,NaN,25,5,5,14.81,14.67,12.83,12.74
16:31:09,DECR,13.19,13.15,14.98,13.19,307,525,2.86,5670.04,249,1111,2,0.1,NaN,NaN,NaN,NaN,NaN,25,5,5,14.81,14.67,12.83,12.74
16:31:10,DECR,13.19,13.15,14.99,13.19,333,530,2.25,5672.3,249,1112,2,0.1,NaN,NaN,NaN,NaN,NaN,25,5,5,14.81,14.67,12.83,12.74
16:31:11,DECR,13.19,13.15,14.99,13.19,344,524,1.48,5673.78,249,1113,2,0.1,NaN,NaN,NaN,NaN,NaN,25,5,5,14.81,14.67,12.83,12.74
16:31:12,DECR,13.19,13.15,14.99,13.19,349,505,1.75,5675.53,249,1114,2,0.1,NaN,NaN,NaN,NaN,NaN,25,5,5,14.81,14.67,12.83,12.74
16:31:13,DECR,13.18,13.15,14.99,13.18,344,500,0.78,5676.31,249,1115,2,0.1,NaN,NaN,NaN,NaN,NaN,25,5,5,14.81,14.67,12.83,12.74
16:31:14,DECR,13.18,13.15,14.98,13.18,403,493,4.78,5681.1,249,1116,2,0.1,NaN,NaN,NaN,NaN,NaN,25,5,5,14.81,14.67,12.83,12.74
16:31:15,DECR,13.19,13.15,14.99,13.19,431,451,4.29,5685.39,249,1117,2,0.1,NaN,NaN,NaN,NaN,NaN,25,5,5,14.81,14.67,12.83,12.74
16:31:16,DECR,13.19,13.15,14.99,13.19,437,387,4.68,5690.07,249,1118,2,0.1,NaN,NaN,NaN,NaN,NaN,25,5,5,14.81,14.67,12.83,12.74
16:31:17,DECR,13.18,13.15,14.98,13.18,425,353,3.02,5693.1,249,1119,2,0.1,NaN,NaN,NaN,NaN,NaN,25,5,5,14.81,14.67,12.83,12.74
16:31:18,DECR,13.18,13.15,14.98,13.18,403,325,2.91,5696,249,1120,2,0.1,NaN,NaN,NaN,NaN,NaN,25,5,5,14.81,14.67,12.83,12.74
16:31:19,DECR,13.18,13.15,14.98,13.18,350,316,4.87,5700.88,249,1121,2,0.1,NaN,NaN,NaN,NaN,NaN,25,5,5,14.81,14.67,12.83,12.74
16:31:20,DECR,13.18,13.15,14.99,13.18,278,360,7.01,5707.88,249,1122,2,0.1,NaN,NaN,NaN,NaN,NaN,25,5,5,14.81,14.67,12.83,12.74
16:31:21,DECR,13.18,13.15,14.99,13.18,234,446,8.11,5715.99,249,1123,2,0.1,NaN,NaN,NaN,NaN,NaN,25,5,5,14.81,14.67,12.83,12.74
16:31:22,DECR,13.17,13.15,14.99,13.17,276,542,8.33,5724.32,249,1124,2,0.1,NaN,NaN,NaN,NaN,NaN,25,5,5,14.81,14.67,12.83,12.74
16:31:23,DECR,13.18,13.15,14.99,13.18,343,531,6.47,5730.79,249,1125,2,0.1,NaN,NaN,NaN,NaN,NaN,25,5,5,14.81,14.67,12.83,12.74
16:31:24,DECR,13.18,13.15,15,13.18,349,555,3.42,5734.21,249,1126,2,0.1,NaN,NaN,NaN,NaN,NaN,25,5,5,14.81,14.67,12.83,12.74
16:31:25,DECR,13.18,13.15,15,13.18,339,540,3.33,5737.54,249,1127,2,0.1,NaN,NaN,NaN,NaN,NaN,25,5,5,14.81,14.67,12.83,12.74
16:31:26,DECR,13.17,13.15,15,13.17,265,555,7.26,5744.79,249,1128,2,0.1,NaN,NaN,NaN,NaN,NaN,25,5,5,14.81,14.67,12.83,12.74
16:31:27,DECR,13.17,13.15,14.99,13.17,172,488,9.52,5754.31,249,1129,2,0.1,NaN,NaN,NaN,NaN,NaN,25,5,5,14.81,14.67,12.83,12.74
16:31:28,DECR,13.17,13.15,15,13.17,156,405,6.95,5761.26,249,1130,2,0.1,NaN,NaN,NaN,NaN,NaN,25,5,5,14.81,14.67,12.83,12.74
16:31:29,DECR,13.18,13.15,15,13.18,219,275,12.42,5773.69,249,1131,2,0.1,NaN,NaN,NaN,NaN,NaN,25,5,5,14.81,14.67,12.83,12.74
16:31:30,DECR,13.18,13.15,15.01,13.18,310,245,7.48,5781.16,249,1132,2,0.1,NaN,NaN,NaN,NaN,NaN,25,5,5,14.81,14.67,12.83,12.74
16:31:31,DECR,13.18,13.15,15.01,13.18,364,299,6.6,5787.76,249,1133,2,0.1,NaN,NaN,NaN,NaN,NaN,25,5,5,14.81,14.67,12.83,12.74
16:31:32,DECR,13.18,13.15,15.02,13.18,401,339,4.4,5792.16,249,1134,2,0.1,NaN,NaN,NaN,NaN,NaN,25,5,5,14.81,14.67,12.83,12.74
16:31:33,DECR,13.18,13.16,15.02,13.18,423,388,4.29,5796.45,249,1135,2,0.1,NaN,NaN,NaN,NaN,NaN,25,5,5,14.81,14.67,12.83,12.74
16:31:34,DECR,13.18,13.16,15.02,13.18,446,444,5.11,5801.56,249,1136,2,0.1,NaN,NaN,NaN,NaN,NaN,25,5,5,14.81,14.67,12.83,12.74
16:31:35,DECR,13.18,13.16,15.02,13.18,392,522,7.55,5809.11,249,1137,2,0.1,NaN,NaN,NaN,NaN,NaN,25,5,5,14.81,14.67,12.83,12.74
16:31:36,DECR,13.18,13.16,15.02,13.18,368,546,2.93,5812.04,249,1138,2,0.1,NaN,NaN,NaN,NaN,NaN,25,5,5,14.81,14.67,12.83,12.74
16:31:37,DECR,13.18,13.16,15.03,13.18,303,565,6.48,5818.52,249,1139,2,0.1,NaN,NaN,NaN,NaN,NaN,25,5,5,14.81,14.67,12.83,12.74
16:31:38,DECR,13.18,13.16,15.03,13.18,257,533,10.77,5829.28,249,1140,2,0.1,NaN,NaN,NaN,NaN,NaN,25,5,5,14.81,14.67,12.83,12.74
16:31:39,DECR,13.18,13.16,15.03,13.18,336,529,6.66,5835.95,249,1141,2,0.1,NaN,NaN,NaN,NaN,NaN,25,5,5,14.81,14.67,12.83,12.74
16:31:40,DECR,13.18,13.16,15.03,13.18,418,482,7.98,5843.93,249,1142,2,0.1,NaN,NaN,NaN,NaN,NaN,25,5,5,14.81,14.67,12.83,12.74
16:31:41,DECR,13.17,13.16,15.03,13.17,443,440,4.58,5848.51,249,1143,2,0.1,NaN,NaN,NaN,NaN,NaN,25,5,5,14.81,14.67,12.83,12.74
16:31:42,DECR,13.18,13.16,15.04,13.18,465,476,4.01,5852.52,249,1144,2,0.1,NaN,NaN,NaN,NaN,NaN,25,5,5,14.81,14.67,12.83,12.74
16:31:43,DECR,13.17,13.16,15.04,13.17,437,447,5,5857.52,249,1145,2,0.1,NaN,NaN,NaN,NaN,NaN,25,5,5,14.81,14.67,12.83,12.74
16:31:44,DECR,13.17,13.16,15.04,13.17,452,476,4.18,5861.7,249,1146,2,0.1,NaN,NaN,NaN,NaN,NaN,25,5,5,14.81,14.67,12.83,12.74
16:31:45,DECR,13.17,13.16,15.05,13.17,452,500,6.55,5868.25,249,1147,2,0.1,NaN,NaN,NaN,NaN,NaN,25,5,5,14.81,14.67,12.83,12.74
16:31:47,DECR,13.17,13.16,15.05,13.17,432,513,7.03,5875.27,249,1148,2,0.1,NaN,NaN,NaN,NaN,NaN,25,5,5,14.81,14.67,12.83,12.74
16:31:48,DECR,13.17,13.16,15.05,13.17,388,553,3.65,5878.93,249,1149,2,0.1,NaN,NaN,NaN,NaN,NaN,25,5,5,14.81,14.67,12.83,12.74
16:31:49,DECR,13.17,13.16,15.05,13.17,338,542,5.07,5884,249,1150,2,0.1,NaN,NaN,NaN,NaN,NaN,25,5,5,14.81,14.67,12.83,12.74
16:31:50,DECR,13.17,13.16,15.05,13.17,237,529,9.75,5893.75,249,1151,2,0.1,NaN,NaN,NaN,NaN,NaN,25,5,5,14.81,14.67,12.83,12.74
16:31:51,DECR,13.17,13.16,15.06,13.17,399,526,13.71,5907.46,249,1152,2,0.1,NaN,NaN,NaN,NaN,NaN,25,5,5,14.81,14.67,12.83,12.74
16:31:52,DECR,13.17,13.16,15.06,13.17,450,467,9.09,5916.54,249,1153,2,0.1,NaN,NaN,NaN,NaN,NaN,25,5,5,14.81,14.67,12.83,12.74
16:31:53,DECR,13.17,13.16,15.06,13.17,439,512,4.67,5921.22,249,1154,2,0.1,NaN,NaN,NaN,NaN,NaN,25,5,5,14.81,14.67,12.83,12.74
16:31:54,DECR,13.17,13.16,15.06,13.17,327,557,13.02,5934.24,249,1155,2,0.1,NaN,NaN,NaN,NaN,NaN,25,5,5,14.81,14.67,12.83,12.74
16:31:55,DECR,13.16,13.16,15.06,13.16,313,561,15.73,5949.97,249,1156,2,0.1,NaN,NaN,NaN,NaN,NaN,25,5,5,14.81,14.67,12.83,12.74
16:31:56,DECR,13.16,13.16,15.06,13.16,377,542,6.34,5956.31,249,1157,2,0.1,NaN,NaN,NaN,NaN,NaN,25,5,5,14.81,14.67,12.83,12.74
16:31:57,DECR,13.17,13.16,15.06,13.17,432,494,6.69,5963,249,1158,2,0.1,NaN,NaN,NaN,NaN,NaN,25,5,5,14.81,14.67,12.83,12.74
16:31:58,DECR,13.17,13.16,15.06,13.17,471,423,6.66,5969.66,249,1159,2,0.1,NaN,NaN,NaN,NaN,NaN,25,5,5,14.81,14.67,12.83,12.74
16:31:59,INCR,15.06,13.16,15.06,13.17,611,412,12.45,5982.11,250,1159,2,0.1,NaN,NaN,NaN,NaN,NaN,25,5,5,14.81,14.67,12.89,12.74
16:32:00,INCR,15.06,13.16,15.06,13.17,673,471,6.7,5988.81,251,1159,2,0.1,NaN,NaN,NaN,NaN,NaN,25,5,5,14.81,14.67,12.89,12.74
16:32:01,INCR,15.06,13.17,15.06,13.17,698,517,4.3,5993.11,252,1159,2,0.1,NaN,NaN,NaN,NaN,NaN,25,5,5,14.81,14.67,12.89,12.74
16:32:02,INCR,15.06,13.17,15.06,13.17,720,548,3.43,5996.54,253,1159,2,0.1,NaN,NaN,NaN,NaN,NaN,25,5,5,14.81,14.67,12.89,12.74
16:32:03,INCR,15.06,13.17,15.06,13.17,848,534,8.8,6005.34,254,1159,2,0.1,NaN,NaN,NaN,NaN,NaN,25,5,5,14.81,14.67,12.89,12.74
16:32:04,INCR,15.05,13.17,15.05,13.17,897,483,6.25,6011.59,255,1159,2,0.1,NaN,NaN,NaN,NaN,NaN,25,5,5,14.81,14.67,12.89,12.74
16:32:05,INCR,15.05,13.17,15.05,13.16,899,319,13.7,6025.29,256,1159,2,0.1,NaN,NaN,NaN,NaN,NaN,25,5,5,14.81,14.67,12.89,12.74
16:32:06,INCR,15.05,13.17,15.05,13.16,824,256,8.21,6033.5,257,1159,2,0.1,NaN,NaN,NaN,NaN,NaN,25,5,5,14.81,14.67,12.89,12.74
16:32:07,INCR,15.05,13.17,15.05,13.16,678,286,12.81,6046.31,258,1159,2,0.1,NaN,NaN,NaN,NaN,NaN,25,5,5,14.81,14.67,12.89,12.74
16:32:08,INCR,15.05,13.17,15.05,13.16,662,316,4.14,6050.45,259,1159,2,0.1,NaN,NaN,NaN,NaN,NaN,25,5,5,14.81,14.67,12.89,12.74
16:32:09,INCR,15.05,13.17,15.05,13.16,690,315,2.22,6052.66,260,1159,2,0.1,NaN,NaN,NaN,NaN,NaN,25,5,5,14.81,14.67,12.89,12.74
16:32:10,INCR,15.06,13.17,15.06,13.17,725,306,3.03,6055.69,261,1159,2,0.1,NaN,NaN,NaN,NaN,NaN,25,5,5,14.81,14.67,12.89,12.74
16:32:11,INCR,15.06,13.17,15.06,13.16,762,310,2.86,6058.55,262,1159,2,0.1,NaN,NaN,NaN,NaN,NaN,25,5,5,14.81,14.67,12.89,12.74
16:32:12,INCR,15.08,13.17,15.08,13.17,790,316,2.41,6060.96,263,1159,2,0.1,NaN,NaN,NaN,NaN,NaN,25,5,5,14.81,14.67,12.89,12.74
16:32:13,INCR,15.1,13.17,15.1,13.17,798,351,3.08,6064.04,264,1159,2,0.1,NaN,NaN,NaN,NaN,NaN,25,5,5,14.81,14.67,12.89,12.74
16:32:14,INCR,15.14,13.17,15.14,13.17,801,362,1.24,6065.28,265,1159,2,0.1,NaN,NaN,NaN,NaN,NaN,25,5,5,14.81,14.67,12.89,12.74
16:32:15,INCR,15.15,13.17,15.15,13.16,814,376,1.78,6067.07,266,1159,2,0.1,NaN,NaN,NaN,NaN,NaN,25,5,5,14.81,14.67,12.89,12.74
16:32:16,INCR,15.18,13.17,15.18,13.17,848,472,9.1,6076.16,267,1159,2,0.1,NaN,NaN,NaN,NaN,NaN,25,5,5,14.81,14.67,12.89,12.74
16:32:17,INCR,15.21,13.17,15.21,13.17,875,479,2.73,6078.9,268,1159,2,0.1,NaN,NaN,NaN,NaN,NaN,25,5,5,14.81,14.67,12.89,12.74
16:32:18,INCR,15.23,13.17,15.23,13.17,861,465,2.69,6081.59,269,1159,2,0.1,NaN,NaN,NaN,NaN,NaN,25,5,5,14.81,14.67,12.89,12.74
16:32:19,INCR,15.23,13.17,15.23,13.17,787,424,7.11,6088.69,270,1159,2,0.1,NaN,NaN,NaN,NaN,NaN,25,5,5,14.81,14.67,12.89,12.74
16:32:20,INCR,15.23,13.17,15.23,13.17,689,404,8.14,6096.84,271,1159,2,0.1,NaN,NaN,NaN,NaN,NaN,25,5,5,14.81,14.67,12.89,12.74
16:32:21,INCR,15.24,13.17,15.24,13.17,647,414,3.8,6100.63,272,1159,2,0.1,NaN,NaN,NaN,NaN,NaN,25,5,5,14.81,14.67,12.89,12.74
16:32:22,INCR,15.27,13.17,15.27,13.17,657,429,1.55,6102.18,273,1159,2,0.1,NaN,NaN,NaN,NaN,NaN,25,5,5,14.81,14.67,12.89,12.74
16:32:23,INCR,15.3,13.17,15.3,13.18,692,487,5.13,6107.31,274,1159,2,0.1,NaN,NaN,NaN,NaN,NaN,25,5,5,14.81,14.67,12.89,12.74
16:32:24,INCR,15.32,13.17,15.32,13.17,692,515,2.56,6109.86,275,1159,2,0.1,NaN,NaN,NaN,NaN,NaN,25,5,5,14.81,14.67,12.89,12.74
16:32:25,INCR,15.33,13.17,15.33,13.17,716,541,3.14,6113,276,1159,2,0.1,NaN,NaN,NaN,NaN,NaN,25,5,5,14.81,14.67,12.89,12.74
16:32:26,INCR,15.33,13.17,15.33,13.17,731,528,3.89,6116.89,277,1159,2,0.1,NaN,NaN,NaN,NaN,NaN,25,5,5,14.81,14.67,12.89,12.74
16:32:27,INCR,15.33,13.17,15.33,13.17,697,497,3.39,6120.27,278,1159,2,0.1,NaN,NaN,NaN,NaN,NaN,25,5,5,14.81,14.67,12.89,12.74
16:32:28,INCR,15.34,13.17,15.34,13.17,660,470,3.11,6123.39,279,1159,2,0.1,NaN,NaN,NaN,NaN,NaN,25,5,5,14.81,14.67,12.89,12.74
16:32:29,INCR,15.36,13.17,15.36,13.18,645,461,1.54,6124.92,280,1159,2,0.1,NaN,NaN,NaN,NaN,NaN,25,5,5,14.81,14.67,12.89,12.74
16:32:30,INCR,15.39,13.17,15.39,13.18,648,422,3.2,6128.12,281,1159,2,0.1,NaN,NaN,NaN,NaN,NaN,25,5,5,14.81,14.67,12.89,12.74
16:32:31,INCR,15.41,13.17,15.41,13.17,666,377,3.94,6132.07,282,1159,2,0.1,NaN,NaN,NaN,NaN,NaN,25,5,5,14.81,14.67,12.89,12.74
16:32:32,INCR,15.41,13.17,15.41,13.17,698,333,4.33,6136.4,283,1159,2,0.1,NaN,NaN,NaN,NaN,NaN,25,5,5,14.81,14.67,12.89,12.74
16:32:33,INCR,15.41,13.17,15.41,13.17,763,306,5.26,6141.66,284,1159,2,0.1,NaN,NaN,NaN,NaN,NaN,25,5,5,14.81,14.67,12.89,12.74
16:32:34,INCR,15.42,13.17,15.42,13.18,815,307,3.85,6145.51,285,1159,2,0.1,NaN,NaN,NaN,NaN,NaN,25,5,5,14.81,14.67,12.89,12.74
16:32:35,INCR,15.42,13.17,15.42,13.18,857,335,3.84,6149.35,286,1159,2,0.1,NaN,NaN,NaN,NaN,NaN,25,5,5,14.81,14.67,12.89,12.74
16:32:36,INCR,15.43,13.17,15.43,13.18,879,380,3.25,6152.61,287,1159,2,0.1,NaN,NaN,NaN,NaN,NaN,25,5,5,14.81,14.67,12.89,12.74
16:32:37,INCR,15.42,13.17,15.42,13.18,876,433,4.04,6156.65,288,1159,2,0.1,NaN,NaN,NaN,NaN,NaN,25,5,5,14.81,14.67,12.89,12.74
16:32:38,INCR,15.42,13.17,15.42,13.18,858,464,2.97,6159.62,289,1159,2,0.1,NaN,NaN,NaN,NaN,NaN,25,5,5,14.81,14.67,12.89,12.74
16:32:39,INCR,15.42,13.17,15.42,13.18,815,494,5.41,6165.03,290,1159,2,0.1,NaN,NaN,NaN,NaN,NaN,25,5,5,14.81,14.67,12.89,12.74
16:32:40,INCR,15.43,13.17,15.43,13.19,828,465,4.05,6169.08,291,1159,2,0.1,NaN,NaN,NaN,NaN,NaN,25,5,5,14.81,14.67,12.89,12.74
16:32:41,INCR,15.43,13.17,15.43,13.19,831,493,2.8,6171.88,292,1159,2,0.1,NaN,NaN,NaN,NaN,NaN,25,5,5,14.81,14.67,12.89,12.74
16:32:42,INCR,15.43,13.17,15.43,13.2,803,466,2.97,6174.85,293,1159,2,0.1,NaN,NaN,NaN,NaN,NaN,25,5,5,14.81,14.67,12.89,12.74
16:32:44,INCR,15.43,13.17,15.43,13.22,714,376,7.51,6182.35,294,1159,2,0.1,NaN,NaN,NaN,NaN,NaN,25,5,5,14.81,14.67,12.89,12.74
16:32:45,INCR,15.43,13.17,15.43,13.25,752,308,6.82,6189.17,295,1159,2,0.1,NaN,NaN,NaN,NaN,NaN,25,5,5,14.81,14.67,12.89,12.74
16:32:46,INCR,15.43,13.17,15.43,13.26,774,260,3.37,6192.53,296,1159,2,0.1,NaN,NaN,NaN,NaN,NaN,25,5,5,14.81,14.67,12.89,12.74
16:32:47,INCR,15.44,13.17,15.44,13.26,730,277,3.41,6195.94,297,1159,2,0.1,NaN,NaN,NaN,NaN,NaN,25,5,5,14.81,14.67,12.89,12.74
16:32:48,INCR,15.44,13.17,15.44,13.28,714,301,2.37,6198.31,298,1159,2,0.1,NaN,NaN,NaN,NaN,NaN,25,5,5,14.81,14.67,12.89,12.74
16:32:49,INCR,15.44,13.17,15.44,13.31,705,327,2.22,6200.53,299,1159,2,0.1,NaN,NaN,NaN,NaN,NaN,25,5,5,14.81,14.67,12.89,12.74
16:32:50,INCR,15.44,13.17,15.44,13.34,691,333,1,6201.53,300,1159,2,0.1,NaN,NaN,NaN,NaN,NaN,25,5,5,14.81,14.67,12.89,12.74
16:32:51,INCR,15.44,13.17,15.44,13.36,672,327,1.69,6203.22,301,1159,2,0.1,NaN,NaN,NaN,NaN,NaN,25,5,5,14.81,14.67,12.89,12.74
16:32:52,INCR,15.44,13.17,15.44,13.39,676,301,2.16,6205.38,302,1159,2,0.1,NaN,NaN,NaN,NaN,NaN,25,5,5,14.81,14.67,12.89,12.74
16:32:53,INCR,15.44,13.17,15.44,13.41,722,275,4.44,6209.81,303,1159,2,0.1,NaN,NaN,NaN,NaN,NaN,25,5,5,14.81,14.67,12.89,12.74
16:32:54,INCR,15.44,13.17,15.44,13.43,794,273,5.41,6215.22,304,1159,2,0.1,NaN,NaN,NaN,NaN,NaN,25,5,5,14.81,14.67,12.89,12.74
16:32:55,INCR,15.44,13.17,15.44,13.44,840,292,4.1,6219.32,305,1159,2,0.1,NaN,NaN,NaN,NaN,NaN,25,5,5,14.81,14.67,12.89,12.74
16:32:56,INCR,15.44,13.17,15.44,13.45,883,337,4.24,6223.57,306,1159,2,0.1,NaN,NaN,NaN,NaN,NaN,25,5,5,14.81,14.67,12.89,12.74
16:32:57,INCR,15.44,13.17,15.44,13.49,898,403,5.21,6228.78,307,1159,2,0.1,NaN,NaN,NaN,NaN,NaN,25,5,5,14.81,14.67,12.89,12.74
16:32:58,INCR,15.44,13.17,15.44,13.54,886,455,4.31,6233.09,308,1159,2,0.1,NaN,NaN,NaN,NaN,NaN,25,5,5,14.81,14.67,12.89,12.74
16:32:59,INCR,15.45,13.17,15.45,13.59,846,499,4.94,6238.03,309,1159,2,0.1,NaN,NaN,NaN,NaN,NaN,25,5,5,14.81,14.67,12.89,12.74
16:33:00,INCR,15.45,13.17,15.45,13.61,817,488,3.82,6241.85,310,1159,2,0.1,NaN,NaN,NaN,NaN,NaN,25,5,5,14.81,14.67,12.89,12.74
16:33:01,INCR,15.45,13.17,15.45,13.61,687,404,12.74,6254.59,311,1159,2,0.1,NaN,NaN,NaN,NaN,NaN,25,5,5,14.81,14.67,12.89,12.74
16:33:02,INCR,15.45,13.17,15.45,13.62,720,298,9.71,6264.31,312,1159,2,0.1,NaN,NaN,NaN,NaN,NaN,25,5,5,14.81,14.67,12.89,12.74
16:33:03,INCR,15.44,13.17,15.44,13.64,825,290,9.37,6273.68,313,1159,2,0.1,NaN,NaN,NaN,NaN,NaN,25,5,5,14.81,14.67,12.89,12.74
16:33:04,INCR,15.45,13.17,15.45,13.67,877,328,5.32,6279,314,1159,2,0.1,NaN,NaN,NaN,NaN,NaN,25,5,5,14.81,14.67,12.89,12.74
16:33:05,INCR,15.45,13.17,15.45,13.69,877,362,2.19,6281.19,315,1159,2,0.1,NaN,NaN,NaN,NaN,NaN,25,5,5,14.81,14.67,12.89,12.74
16:33:06,INCR,15.45,13.17,15.45,13.7,881,424,5.13,6286.32,316,1159,2,0.1,NaN,NaN,NaN,NaN,NaN,25,5,5,14.81,14.67,12.89,12.74
16:33:07,INCR,15.45,13.17,15.45,13.73,856,499,6.54,6292.86,317,1159,2,0.1,NaN,NaN,NaN,NaN,NaN,25,5,5,14.81,14.67,12.89,12.74
16:33:08,INCR,15.45,13.17,15.45,13.75,806,508,4.33,6297.19,318,1159,2,0.1,NaN,NaN,NaN,NaN,NaN,25,5,5,14.81,14.67,12.89,12.74
16:33:09,INCR,15.45,13.17,15.45,13.77,701,466,9.06,6306.25,319,1159,2,0.1,NaN,NaN,NaN,NaN,NaN,25,5,5,14.81,14.67,12.89,12.74
16:33:10,INCR,15.45,13.18,15.45,13.78,663,496,4.17,6310.42,320,1159,2,0.1,NaN,NaN,NaN,NaN,NaN,25,5,5,14.81,14.67,12.89,12.74
16:33:11,INCR,15.45,13.18,15.45,13.79,701,543,3.84,6314.25,321,1159,2,0.1,NaN,NaN,NaN,NaN,NaN,25,5,5,14.81,14.67,12.89,12.74
16:33:12,INCR,15.45,13.18,15.45,13.79,729,550,1.41,6315.67,322,1159,2,0.1,NaN,NaN,NaN,NaN,NaN,25,5,5,14.81,14.67,12.89,12.74
16:33:13,INCR,15.45,13.18,15.45,13.8,819,527,7.68,6323.35,323,1159,2,0.1,NaN,NaN,NaN,NaN,NaN,25,5,5,14.81,14.67,12.89,12.74
16:33:14,INCR,15.45,13.18,15.45,13.82,859,528,3.82,6327.17,324,1159,2,0.1,NaN,NaN,NaN,NaN,NaN,25,5,5,14.81,14.67,12.89,12.74
16:33:15,INCR,15.45,13.18,15.45,13.85,891,487,5.78,6332.95,325,1159,2,0.1,NaN,NaN,NaN,NaN,NaN,25,5,5,14.81,14.67,12.89,12.74
16:33:16,INCR,15.45,13.18,15.45,13.87,903,320,12.76,6345.71,326,1159,2,0.1,NaN,NaN,NaN,NaN,NaN,25,5,5,14.81,14.67,12.89,12.74
16:33:17,INCR,15.45,13.18,15.45,13.87,803,250,10.19,6355.9,327,1159,2,0.1,NaN,NaN,NaN,NaN,NaN,25,5,5,14.81,14.67,12.89,12.74
16:33:18,INCR,15.45,13.18,15.45,13.87,716,291,8.72,6364.62,328,1159,2,0.1,NaN,NaN,NaN,NaN,NaN,25,5,5,14.81,14.67,12.89,12.74
16:33:19,INCR,15.45,13.18,15.45,13.87,765,414,11.04,6375.65,329,1159,2,0.1,NaN,NaN,NaN,NaN,NaN,25,5,5,14.81,14.67,12.89,12.74
16:33:20,INCR,15.45,13.18,15.45,13.88,828,514,10.04,6385.7,330,1159,2,0.1,NaN,NaN,NaN,NaN,NaN,25,5,5,14.81,14.67,12.89,12.74
16:33:21,INCR,15.45,13.18,15.45,13.88,774,537,4.71,6390.41,331,1159,2,0.1,NaN,NaN,NaN,NaN,NaN,25,5,5,14.81,14.67,12.89,12.74
16:33:22,INCR,15.45,13.18,15.45,13.88,713,518,5.3,6395.71,332,1159,2,0.1,NaN,NaN,NaN,NaN,NaN,25,5,5,14.81,14.67,12.89,12.74
16:33:23,INCR,15.45,13.18,15.45,13.88,632,467,9.24,6404.95,333,1159,2,0.1,NaN,NaN,NaN,NaN,NaN,25,5,5,14.81,14.67,12.89,12.74
16:33:24,INCR,15.45,13.18,15.45,13.88,666,513,4.22,6409.16,334,1159,2,0.1,NaN,NaN,NaN,NaN,NaN,25,5,5,14.81,14.67,12.89,12.74
16:33:25,INCR,15.45,13.18,15.45,13.89,666,501,1.36,6410.52,335,1159,2,0.1,NaN,NaN,NaN,NaN,NaN,25,5,5,14.81,14.67,12.89,12.74
16:33:26,INCR,15.44,13.18,15.44,13.89,670,520,1.85,6412.37,336,1159,2,0.1,NaN,NaN,NaN,NaN,NaN,25,5,5,14.81,14.67,12.89,12.74
16:33:27,INCR,15.44,13.18,15.44,13.89,704,528,4.11,6416.48,337,1159,2,0.1,NaN,NaN,NaN,NaN,NaN,25,5,5,14.81,14.67,12.89,12.74
16:33:28,INCR,15.44,13.18,15.44,13.89,915,459,19.14,6435.62,338,1159,2,0.1,NaN,NaN,NaN,NaN,NaN,25,5,5,14.81,14.67,12.89,12.74
16:33:30,INCR,15.44,13.18,15.44,13.89,811,556,11.75,6447.37,339,1159,2,0.1,NaN,NaN,NaN,NaN,NaN,25,5,5,14.81,14.67,12.89,12.74
16:33:31,INCR,15.44,13.18,15.44,13.89,730,553,6.68,6454.05,340,1159,2,0.1,NaN,NaN,NaN,NaN,NaN,25,5,5,14.81,14.67,12.89,12.74
16:33:32,INCR,15.44,13.18,15.44,13.89,655,470,9.11,6463.16,341,1159,2,0.1,NaN,NaN,NaN,NaN,NaN,25,5,5,14.81,14.67,12.89,12.74
16:33:33,INCR,15.44,13.18,15.44,13.89,655,502,3.54,6466.7,342,1159,2,0.1,NaN,NaN,NaN,NaN,NaN,25,5,5,14.81,14.67,12.89,12.74
16:33:34,INCR,15.44,13.18,15.44,13.89,711,546,4.56,6471.25,343,1159,2,0.1,NaN,NaN,NaN,NaN,NaN,25,5,5,14.81,14.67,12.89,12.74
16:33:35,INCR,15.43,13.18,15.43,13.89,763,550,4.22,6475.48,344,1159,2,0.1,NaN,NaN,NaN,NaN,NaN,25,5,5,14.81,14.67,12.89,12.74
16:33:36,INCR,15.43,13.18,15.43,13.89,822,543,7.32,6482.8,345,1159,2,0.1,NaN,NaN,NaN,NaN,NaN,25,5,5,14.81,14.67,12.89,12.74
16:33:37,INCR,15.43,13.18,15.43,13.9,884,515,5.67,6488.47,346,1159,2,0.1,NaN,NaN,NaN,NaN,NaN,25,5,5,14.81,14.67,12.89,12.74
16:33:38,INCR,15.43,13.18,15.43,13.9,905,460,8.9,6497.37,347,1159,2,0.1,NaN,NaN,NaN,NaN,NaN,25,5,5,14.81,14.67,12.89,12.74
16:33:39,INCR,15.43,13.18,15.43,13.89,925,439,8.23,6505.6,348,1159,2,0.1,NaN,NaN,NaN,NaN,NaN,25,5,5,14.81,14.67,12.89,12.74
16:33:40,INCR,15.43,13.18,15.43,13.89,877,522,8.09,6513.69,349,1159,2,0.1,NaN,NaN,NaN,NaN,NaN,25,5,5,14.81,14.67,12.89,12.74
16:33:41,INCR,15.42,13.18,15.42,13.89,736,551,11.5,6525.19,350,1159,2,0.1,NaN,NaN,NaN,NaN,NaN,25,5,5,14.81,14.67,12.89,12.74
16:33:42,INCR,15.42,13.18,15.42,13.89,665,501,7.36,6532.55,351,1159,2,0.1,NaN,NaN,NaN,NaN,NaN,25,5,5,14.81,14.67,12.89,12.74
16:33:43,INCR,15.42,13.18,15.42,13.89,694,363,14.02,6546.56,352,1159,2,0.1,NaN,NaN,NaN,NaN,NaN,25,5,5,14.81,14.67,12.89,12.74
16:33:44,INCR,15.42,13.18,15.42,13.89,831,347,10.18,6556.74,353,1159,2,0.1,NaN,NaN,NaN,NaN,NaN,25,5,5,14.81,14.67,12.89,12.74
16:33:45,INCR,15.42,13.18,15.42,13.89,878,301,6.23,6562.97,354,1159,2,0.1,NaN,NaN,NaN,NaN,NaN,25,5,5,14.81,14.67,12.89,12.74
16:33:46,INCR,15.42,13.18,15.42,13.9,837,263,2.86,6565.83,355,1159,2,0.1,NaN,NaN,NaN,NaN,NaN,25,5,5,14.81,14.67,12.89,12.74
16:33:47,INCR,15.41,13.18,15.41,13.9,781,251,3.88,6569.71,356,1159,2,0.1,NaN,NaN,NaN,NaN,NaN,25,5,5,14.81,14.67,12.89,12.74
16:33:48,INCR,15.41,13.18,15.41,13.9,746,272,3.48,6573.19,357,1159,2,0.1,NaN,NaN,NaN,NaN,NaN,25,5,5,14.81,14.67,12.89,12.74
16:33:49,INCR,15.41,13.18,15.41,13.9,720,362,7.9,6581.09,358,1159,2,0.1,NaN,NaN,NaN,NaN,NaN,25,5,5,14.81,14.67,12.89,12.74
16:33:50,INCR,15.4,13.18,15.4,13.9,852,445,14.1,6595.19,359,1159,2,0.1,NaN,NaN,NaN,NaN,NaN,25,5,5,14.81,14.67,12.89,12.74
16:33:51,INCR,15.4,13.18,15.4,13.9,917,449,6.08,6601.27,360,1159,2,0.1,NaN,NaN,NaN,NaN,NaN,25,5,5,14.81,14.67,12.89,12.74
16:33:52,INCR,15.4,13.18,15.4,13.9,915,368,6.69,6607.96,361,1159,2,0.1,NaN,NaN,NaN,NaN,NaN,25,5,5,14.81,14.67,12.89,12.74
16:33:53,INCR,15.39,13.18,15.39,13.9,869,285,7.95,6615.92,362,1159,2,0.1,NaN,NaN,NaN,NaN,NaN,25,5,5,14.81,14.67,12.89,12.74
16:33:54,INCR,15.39,13.18,15.39,13.9,783,250,7.57,6623.49,363,1159,2,0.1,NaN,NaN,NaN,NaN,NaN,25,5,5,14.81,14.67,12.89,12.74
16:33:55,INCR,15.37,13.18,15.37,13.89,740,266,4.66,6628.15,364,1159,2,0.1,NaN,NaN,NaN,NaN,NaN,25,5,5,14.81,14.67,12.89,12.74
16:33:56,INCR,15.34,13.18,15.34,13.89,744,357,7.61,6635.76,365,1159,2,0.1,NaN,NaN,NaN,NaN,NaN,25,5,5,14.81,14.67,12.89,12.74
16:33:57,INCR,15.31,13.18,15.31,13.89,826,465,12.19,6647.95,366,1159,2,0.1,NaN,NaN,NaN,NaN,NaN,25,5,5,14.81,14.67,12.89,12.74
16:33:58,INCR,15.31,13.18,15.31,13.89,848,500,4.88,6652.83,367,1159,2,0.1,NaN,NaN,NaN,NaN,NaN,25,5,5,14.81,14.67,12.89,12.74
16:33:59,INCR,15.3,13.18,15.3,13.89,847,543,4.57,6657.4,368,1159,2,0.1,NaN,NaN,NaN,NaN,NaN,25,5,5,14.81,14.67,12.89,12.74
16:34:00,INCR,15.3,13.18,15.3,13.89,878,508,6.56,6663.97,369,1159,2,0.1,NaN,NaN,NaN,NaN,NaN,25,5,5,14.81,14.67,12.89,12.74
16:34:01,INCR,15.3,13.18,15.3,13.89,888,477,8.87,6672.83,370,1159,2,0.1,NaN,NaN,NaN,NaN,NaN,25,5,5,14.81,14.67,12.89,12.74
16:34:02,INCR,15.29,13.18,15.29,13.89,909,417,9.22,6682.05,371,1159,2,0.1,NaN,NaN,NaN,NaN,NaN,25,5,5,14.81,14.67,12.89,12.74
16:34:03,INCR,15.29,13.18,15.29,13.89,918,374,4.05,6686.1,372,1159,2,0.1,NaN,NaN,NaN,NaN,NaN,25,5,5,14.81,14.67,12.89,12.74
16:34:04,INCR,15.29,13.18,15.29,13.89,888,314,5.5,6691.61,373,1159,2,0.1,NaN,NaN,NaN,NaN,NaN,25,5,5,14.81,14.67,12.89,12.74
16:34:05,INCR,15.29,13.18,15.29,13.89,860,279,3.66,6695.26,374,1159,2,0.1,NaN,NaN,NaN,NaN,NaN,25,5,5,14.81,14.67,12.89,12.74
16:34:06,INCR,15.28,13.18,15.28,13.89,784,248,6.72,6701.98,375,1159,2,0.1,NaN,NaN,NaN,NaN,NaN,25,5,5,14.81,14.67,12.89,12.74
16:34:07,INCR,15.28,13.18,15.28,13.89,744,251,3.9,6705.88,376,1159,2,0.1,NaN,NaN,NaN,NaN,NaN,25,5,5,14.81,14.67,12.89,12.74
16:34:08,INCR,15.28,13.18,15.28,13.88,758,259,1.67,6707.55,377,1159,2,0.1,NaN,NaN,NaN,NaN,NaN,25,5,5,14.81,14.67,12.89,12.74
16:34:09,INCR,15.28,13.18,15.28,13.88,793,276,3.47,6711.02,378,1159,2,0.1,NaN,NaN,NaN,NaN,NaN,25,5,5,14.81,14.67,12.89,12.74
16:34:10,INCR,15.27,13.18,15.27,13.88,813,288,2.63,6713.65,379,1159,2,0.1,NaN,NaN,NaN,NaN,NaN,25,5,5,14.81,14.67,12.89,12.74
16:34:11,INCR,15.27,13.18,15.27,13.88,858,335,5.49,6719.15,380,1159,2,0.1,NaN,NaN,NaN,NaN,NaN,25,5,5,14.81,14.67,12.89,12.74
16:34:12,INCR,15.27,13.18,15.27,13.88,891,379,4.52,6723.67,381,1159,2,0.1,NaN,NaN,NaN,NaN,NaN,25,5,5,14.81,14.67,12.89,12.74
16:34:13,INCR,15.27,13.18,15.27,13.88,889,470,6.09,6729.76,382,1159,2,0.1,NaN,NaN,NaN,NaN,NaN,25,5,5,14.81,14.67,12.89,12.74
16:34:14,INCR,15.26,13.18,15.26,13.88,876,474,2.2,6731.96,383,1159,2,0.1,NaN,NaN,NaN,NaN,NaN,25,5,5,14.81,14.67,12.89,12.74
16:34:16,INCR,15.26,13.18,15.26,13.88,886,487,4.43,6736.38,384,1159,2,0.1,NaN,NaN,NaN,NaN,NaN,25,5,5,14.81,14.67,12.89,12.74
16:34:17,INCR,15.26,13.18,15.26,13.88,894,471,1.41,6737.79,385,1159,2,0.1,NaN,NaN,NaN,NaN,NaN,25,5,5,14.81,14.67,12.89,12.74
16:34:18,INCR,15.25,13.18,15.25,13.88,902,440,2.67,6740.46,386,1159,2,0.1,NaN,NaN,NaN,NaN,NaN,25,5,5,14.81,14.67,12.89,12.74
16:34:19,INCR,15.23,13.19,15.23,13.88,926,412,3.36,6743.81,387,1159,2,0.1,NaN,NaN,NaN,NaN,NaN,25,5,5,14.81,14.67,12.89,12.74
16:34:20,INCR,15.21,13.19,15.21,13.88,898,313,8.45,6752.26,388,1159,2,0.1,NaN,NaN,NaN,NaN,NaN,25,5,5,14.81,14.67,12.89,12.74
16:34:21,INCR,15.2,13.19,15.2,13.88,792,247,9.99,6762.25,389,1159,2,0.1,NaN,NaN,NaN,NaN,NaN,25,5,5,14.81,14.67,12.89,12.74
16:34:22,INCR,15.19,13.19,15.19,13.88,712,267,7.39,6769.64,390,1159,2,0.1,NaN,NaN,NaN,NaN,NaN,25,5,5,14.81,14.67,12.89,12.74
16:34:23,INCR,15.2,13.19,15.2,13.88,719,315,4.45,6774.09,391,1159,2,0.1,NaN,NaN,NaN,NaN,NaN,25,5,5,14.81,14.67,12.89,12.74
16:34:24,INCR,15.19,13.19,15.19,13.88,826,431,12.2,6786.29,392,1159,2,0.1,NaN,NaN,NaN,NaN,NaN,25,5,5,14.81,14.67,12.89,12.74
16:34:25,INCR,15.18,13.19,15.18,13.87,904,481,8.06,6794.35,393,1159,2,0.1,NaN,NaN,NaN,NaN,NaN,25,5,5,14.81,14.67,12.89,12.74
16:34:26,INCR,15.18,13.19,15.18,13.87,922,415,5.77,6800.12,394,1159,2,0.1,NaN,NaN,NaN,NaN,NaN,25,5,5,14.81,14.67,12.89,12.74
16:34:27,INCR,15.18,13.19,15.18,13.88,927,400,2.21,6802.33,395,1159,2,0.1,NaN,NaN,NaN,NaN,NaN,25,5,5,14.81,14.67,12.89,12.74
16:34:28,INCR,15.18,13.19,15.18,13.88,898,404,3.71,6806.04,396,1159,2,0.1,NaN,NaN,NaN,NaN,NaN,25,5,5,14.81,14.67,12.89,12.74
16:34:29,INCR,15.18,13.19,15.18,13.88,901,423,3.55,6809.59,397,1159,2,0.1,NaN,NaN,NaN,NaN,NaN,25,5,5,14.81,14.67,12.89,12.74
16:34:30,INCR,15.18,13.19,15.18,13.88,894,479,4.85,6814.44,398,1159,2,0.1,NaN,NaN,NaN,NaN,NaN,25,5,5,14.81,14.67,12.89,12.74
16:34:31,INCR,15.17,13.19,15.17,13.88,890,505,2.74,6817.17,399,1159,2,0.1,NaN,NaN,NaN,NaN,NaN,25,5,5,14.81,14.67,12.89,12.74
16:34:32,INCR,15.17,13.19,15.17,13.88,859,523,2.91,6820.08,400,1159,2,0.1,NaN,NaN,NaN,NaN,NaN,25,5,5,14.81,14.67,12.89,12.74
16:34:33,INCR,15.17,13.19,15.17,13.88,808,523,4.08,6824.16,401,1159,2,0.1,NaN,NaN,NaN,NaN,NaN,25,5,5,14.81,14.67,12.89,12.74
16:34:34,INCR,15.17,13.19,15.17,13.88,764,527,3.52,6827.68,402,1159,2,0.1,NaN,NaN,NaN,NaN,NaN,25,5,5,14.81,14.67,12.89,12.74
16:34:35,INCR,15.17,13.19,15.17,13.87,751,526,1.42,6829.1,403,1159,2,0.1,NaN,NaN,NaN,NaN,NaN,25,5,5,14.81,14.67,12.89,12.74
16:34:36,INCR,15.16,13.19,15.16,13.87,714,489,4.31,6833.41,404,1159,2,0.1,NaN,NaN,NaN,NaN,NaN,25,5,5,14.81,14.67,12.89,12.74
16:34:37,INCR,15.16,13.19,15.16,13.86,676,439,4.47,6837.87,405,1159,2,0.1,NaN,NaN,NaN,NaN,NaN,25,5,5,14.81,14.67,12.89,12.74
16:34:38,INCR,15.16,13.19,15.16,13.86,713,403,4.74,6842.61,406,1159,2,0.1,NaN,NaN,NaN,NaN,NaN,25,5,5,14.81,14.67,12.89,12.74
16:34:39,INCR,15.16,13.19,15.16,13.86,758,380,4.17,6846.79,407,1159,2,0.1,NaN,NaN,NaN,NaN,NaN,25,5,5,14.81,14.67,12.89,12.74
16:34:40,INCR,15.16,13.19,15.16,13.86,823,373,5.64,6852.42,408,1159,2,0.1,NaN,NaN,NaN,NaN,NaN,25,5,5,14.81,14.67,12.89,12.74
16:34:41,INCR,15.16,13.19,15.16,13.86,884,483,11.08,6863.51,409,1159,2,0.1,NaN,NaN,NaN,NaN,NaN,25,5,5,14.81,14.67,12.89,12.74
16:34:42,INCR,15.16,13.19,15.16,13.87,791,525,8.25,6871.76,410,1159,2,0.1,NaN,NaN,NaN,NaN,NaN,25,5,5,14.81,14.67,12.89,12.74
16:34:43,INCR,15.16,13.19,15.16,13.86,793,555,3.37,6875.13,411,1159,2,0.1,NaN,NaN,NaN,NaN,NaN,25,5,5,14.81,14.67,12.89,12.74
16:34:44,INCR,15.17,13.19,15.17,13.87,914,473,12.9,6888.03,412,1159,2,0.1,NaN,NaN,NaN,NaN,NaN,25,5,5,14.81,14.67,12.89,12.74
16:34:45,INCR,15.17,13.19,15.17,13.87,916,444,16.98,6905.01,413,1159,2,0.1,NaN,NaN,NaN,NaN,NaN,25,5,5,14.81,14.67,12.89,12.74
16:34:46,INCR,15.17,13.19,15.17,13.87,855,493,6.91,6911.92,414,1159,2,0.1,NaN,NaN,NaN,NaN,NaN,25,5,5,14.81,14.67,12.89,12.74
16:34:47,INCR,15.17,13.19,15.17,13.86,904,480,4.32,6916.24,415,1159,2,0.1,NaN,NaN,NaN,NaN,NaN,25,5,5,14.81,14.67,12.89,12.74
16:34:48,INCR,15.17,13.19,15.17,13.86,926,406,6.53,6922.76,416,1159,2,0.1,NaN,NaN,NaN,NaN,NaN,25,5,5,14.81,14.67,12.89,12.74
16:34:49,INCR,15.17,13.19,15.17,13.86,892,316,7.47,6930.23,417,1159,2,0.1,NaN,NaN,NaN,NaN,NaN,25,5,5,14.81,14.67,12.89,12.74
16:34:50,INCR,15.17,13.19,15.17,13.86,804,263,8,6938.23,418,1159,2,0.1,NaN,NaN,NaN,NaN,NaN,25,5,5,14.81,14.67,12.89,12.74
16:34:51,INCR,15.17,13.19,15.17,13.86,739,269,4.88,6943.11,419,1159,2,0.1,NaN,NaN,NaN,NaN,NaN,25,5,5,14.81,14.67,12.89,12.74
16:34:52,INCR,15.18,13.19,15.18,13.86,731,291,2.19,6945.3,420,1159,2,0.1,NaN,NaN,NaN,NaN,NaN,25,5,5,14.81,14.67,12.89,12.74
16:34:53,INCR,15.18,13.19,15.18,13.85,731,311,1.73,6947.02,421,1159,2,0.1,NaN,NaN,NaN,NaN,NaN,25,5,5,14.81,14.67,12.89,12.74
16:34:54,INCR,15.18,13.19,15.18,13.85,742,333,1.32,6948.35,422,1159,2,0.1,NaN,NaN,NaN,NaN,NaN,25,5,5,14.81,14.67,12.89,12.74
16:34:55,INCR,15.18,13.19,15.18,13.85,787,404,5.62,6953.96,423,1159,2,0.1,NaN,NaN,NaN,NaN,NaN,25,5,5,14.81,14.67,12.89,12.74
16:34:56,INCR,15.19,13.2,15.19,13.85,892,431,9.06,6963.02,424,1159,2,0.1,NaN,NaN,NaN,NaN,NaN,25,5,5,14.81,14.67,12.89,12.74
16:34:57,INCR,15.21,13.2,15.21,13.85,873,467,3.39,6966.41,425,1159,2,0.1,NaN,NaN,NaN,NaN,NaN,25,5,5,14.81,14.67,12.89,12.74
16:34:58,INCR,15.23,13.2,15.23,13.85,861,500,3.98,6970.39,426,1159,2,0.1,NaN,NaN,NaN,NaN,NaN,25,5,5,14.81,14.67,12.89,12.74
16:34:59,INCR,15.26,13.2,15.26,13.85,857,504,0.95,6971.34,427,1159,2,0.1,NaN,NaN,NaN,NaN,NaN,25,5,5,14.81,14.67,12.89,12.74
16:35:00,INCR,15.27,13.2,15.27,13.86,847,515,1.62,6972.95,428,1159,2,0.1,NaN,NaN,NaN,NaN,NaN,25,5,5,14.81,14.67,12.89,12.74
16:35:01,INCR,15.27,13.2,15.27,13.85,882,506,3.9,6976.85,429,1159,2,0.1,NaN,NaN,NaN,NaN,NaN,25,5,5,14.81,14.67,12.89,12.74
16:35:02,INCR,15.27,13.2,15.27,13.85,892,456,4.47,6981.32,430,1159,2,0.1,NaN,NaN,NaN,NaN,NaN,25,5,5,14.81,14.67,12.89,12.74
16:35:03,INCR,15.28,13.2,15.28,13.85,911,472,2.85,6984.17,431,1159,2,0.1,NaN,NaN,NaN,NaN,NaN,25,5,5,14.81,14.67,12.89,12.74
16:35:04,INCR,15.28,13.2,15.28,13.85,880,417,5.38,6989.55,432,1159,2,0.1,NaN,NaN,NaN,NaN,NaN,25,5,5,14.81,14.67,12.89,12.74
16:35:06,INCR,15.28,13.2,15.28,13.85,874,337,7.17,6996.72,433,1159,2,0.1,NaN,NaN,NaN,NaN,NaN,25,5,5,14.81,14.67,12.89,12.74
16:35:07,INCR,15.28,13.2,15.28,13.85,863,278,5.33,7002.05,434,1159,2,0.1,NaN,NaN,NaN,NaN,NaN,25,5,5,14.81,14.67,12.89,12.74
16:35:08,INCR,15.3,13.2,15.3,13.84,778,250,7.43,7009.48,435,1159,2,0.1,NaN,NaN,NaN,NaN,NaN,25,5,5,14.81,14.67,12.89,12.74
16:35:09,INCR,15.33,13.2,15.33,13.84,746,280,4.25,7013.73,436,1159,2,0.1,NaN,NaN,NaN,NaN,NaN,25,5,5,14.81,14.67,12.89,12.74
16:35:10,INCR,15.37,13.2,15.37,13.84,750,367,7.5,7021.23,437,1159,2,0.1,NaN,NaN,NaN,NaN,NaN,25,5,5,14.81,14.67,12.89,12.74
16:35:11,INCR,15.38,13.2,15.38,13.84,865,434,11.34,7032.57,438,1159,2,0.1,NaN,NaN,NaN,NaN,NaN,25,5,5,14.81,14.67,12.89,12.74
16:35:12,INCR,15.38,13.2,15.38,13.84,914,438,4.35,7036.92,439,1159,2,0.1,NaN,NaN,NaN,NaN,NaN,25,5,5,14.81,14.67,12.89,12.74
16:35:13,INCR,15.38,13.2,15.38,13.84,891,471,4.44,7041.36,440,1159,2,0.1,NaN,NaN,NaN,NaN,NaN,25,5,5,14.81,14.67,12.89,12.74
16:35:14,INCR,15.39,13.2,15.39,13.84,908,455,7.19,7048.55,441,1159,2,0.1,NaN,NaN,NaN,NaN,NaN,25,5,5,14.81,14.67,12.89,12.74
16:35:15,INCR,15.39,13.2,15.39,13.84,904,492,8.08,7056.63,442,1159,2,0.1,NaN,NaN,NaN,NaN,NaN,25,5,5,14.81,14.67,12.89,12.74
16:35:16,INCR,15.39,13.2,15.39,13.84,892,416,9.36,7065.99,443,1159,2,0.1,NaN,NaN,NaN,NaN,NaN,25,5,5,14.81,14.67,12.89,12.74
16:35:17,INCR,15.4,13.2,15.4,13.84,888,456,4.25,7070.23,444,1159,2,0.1,NaN,NaN,NaN,NaN,NaN,25,5,5,14.81,14.67,12.89,12.74
16:35:18,INCR,15.4,13.2,15.4,13.84,830,489,5.88,7076.12,445,1159,2,0.1,NaN,NaN,NaN,NaN,NaN,25,5,5,14.81,14.67,12.89,12.74
16:35:19,INCR,15.41,13.2,15.41,13.84,800,524,3.79,7079.91,446,1159,2,0.1,NaN,NaN,NaN,NaN,NaN,25,5,5,14.81,14.67,12.89,12.74
16:35:20,INCR,15.41,13.2,15.41,13.84,740,524,4.09,7084,447,1159,2,0.1,NaN,NaN,NaN,NaN,NaN,25,5,5,14.81,14.67,12.89,12.74
16:35:21,INCR,15.43,13.2,15.43,13.84,693,496,4.72,7088.71,448,1159,2,0.1,NaN,NaN,NaN,NaN,NaN,25,5,5,14.81,14.67,12.89,12.74
16:35:22,INCR,15.46,13.2,15.46,13.84,673,501,2.32,7091.04,449,1159,2,0.1,NaN,NaN,NaN,NaN,NaN,25,5,5,14.81,14.67,12.89,12.74
16:35:23,INCR,15.48,13.2,15.48,13.85,690,524,5.25,7096.29,450,1159,2,0.1,NaN,NaN,NaN,NaN,NaN,25,5,5,14.81,14.67,12.89,12.74
16:35:24,INCR,15.49,13.2,15.49,13.84,825,551,8.2,7104.49,451,1159,2,0.1,NaN,NaN,NaN,NaN,NaN,25,5,5,14.81,14.67,12.89,12.74
16:35:25,INCR,15.49,13.2,15.49,13.84,899,492,12.4,7116.88,452,1159,2,0.1,NaN,NaN,NaN,NaN,NaN,25,5,5,14.81,14.67,12.89,12.74
16:35:26,INCR,15.49,13.2,15.49,13.83,880,492,4.7,7121.58,453,1159,2,0.1,NaN,NaN,NaN,NaN,NaN,25,5,5,14.81,14.67,12.89,12.74
16:35:27,INCR,15.49,13.2,15.49,13.84,867,513,2.49,7124.07,454,1159,2,0.1,NaN,NaN,NaN,NaN,NaN,25,5,5,14.81,14.67,12.89,12.74
16:35:28,INCR,15.5,13.2,15.5,13.84,821,476,5.44,7129.51,455,1159,2,0.1,NaN,NaN,NaN,NaN,NaN,25,5,5,14.81,14.67,12.89,12.74
16:35:29,INCR,15.5,13.2,15.5,13.84,684,441,11.65,7141.16,456,1159,2,0.1,NaN,NaN,NaN,NaN,NaN,25,5,5,14.81,14.67,12.89,12.74
16:35:30,INCR,15.5,13.2,15.5,13.84,624,440,5.19,7146.35,457,1159,2,0.1,NaN,NaN,NaN,NaN,NaN,25,5,5,14.81,14.67,12.89,12.74
16:35:31,INCR,15.51,13.2,15.51,13.84,625,439,0.66,7147,458,1159,2,0.1,NaN,NaN,NaN,NaN,NaN,25,5,5,14.81,14.67,12.89,12.74
16:35:32,INCR,15.51,13.2,15.51,13.83,634,395,3.63,7150.63,459,1159,2,0.1,NaN,NaN,NaN,NaN,NaN,25,5,5,14.81,14.67,12.89,12.74
16:35:33,INCR,15.51,13.2,15.51,13.84,638,357,3.15,7153.79,460,1159,2,0.1,NaN,NaN,NaN,NaN,NaN,25,5,5,14.81,14.67,12.89,12.74
16:35:34,INCR,15.51,13.2,15.51,13.84,688,316,5.66,7159.45,461,1159,2,0.1,NaN,NaN,NaN,NaN,NaN,25,5,5,14.81,14.67,12.89,12.74
16:35:35,INCR,15.51,13.2,15.51,13.83,749,346,5.18,7164.63,462,1159,2,0.1,NaN,NaN,NaN,NaN,NaN,25,5,5,14.81,14.67,12.89,12.74
16:35:36,INCR,15.51,13.2,15.51,13.83,779,373,5.02,7169.65,463,1159,2,0.1,NaN,NaN,NaN,NaN,NaN,25,5,5,14.81,14.67,12.89,12.74
16:35:37,INCR,15.52,13.2,15.52,13.84,808,369,2.85,7172.5,464,1159,2,0.1,NaN,NaN,NaN,NaN,NaN,25,5,5,14.81,14.67,12.89,12.74
16:35:38,INCR,15.52,13.2,15.52,13.84,832,369,2.19,7174.68,465,1159,2,0.1,NaN,NaN,NaN,NaN,NaN,25,5,5,14.81,14.67,12.89,12.74
16:35:39,INCR,15.52,13.2,15.52,13.83,882,349,3.96,7178.65,466,1159,2,0.1,NaN,NaN,NaN,NaN,NaN,25,5,5,14.81,14.67,12.89,12.74
16:35:40,INCR,15.52,13.2,15.52,13.83,891,383,3.09,7181.74,467,1159,2,0.1,NaN,NaN,NaN,NaN,NaN,25,5,5,14.81,14.67,12.89,12.74
16:35:41,INCR,15.52,13.2,15.52,13.83,896,427,3.78,7185.51,468,1159,2,0.1,NaN,NaN,NaN,NaN,NaN,25,5,5,14.81,14.67,12.89,12.74
16:35:42,INCR,15.52,13.2,15.52,13.83,872,469,3.98,7189.5,469,1159,2,0.1,NaN,NaN,NaN,NaN,NaN,25,5,5,14.81,14.67,12.89,12.74
16:35:43,INCR,15.53,13.2,15.53,13.83,818,526,6.63,7196.13,470,1159,2,0.1,NaN,NaN,NaN,NaN,NaN,25,5,5,14.81,14.67,12.89,12.74
16:35:44,INCR,15.53,13.2,15.53,13.84,767,525,4.52,7200.64,471,1159,2,0.1,NaN,NaN,NaN,NaN,NaN,25,5,5,14.81,14.67,12.89,12.74
16:35:45,INCR,15.53,13.2,15.53,13.83,733,504,3.2,7203.85,472,1159,2,0.1,NaN,NaN,NaN,NaN,NaN,25,5,5,14.81,14.67,12.89,12.74
16:35:46,INCR,15.53,13.2,15.53,13.83,706,459,4.31,7208.15,473,1159,2,0.1,NaN,NaN,NaN,NaN,NaN,25,5,5,14.81,14.67,12.89,12.74
16:35:47,INCR,15.52,13.2,15.52,13.82,709,412,4.19,7212.34,474,1159,2,0.1,NaN,NaN,NaN,NaN,NaN,25,5,5,14.81,14.67,12.89,12.74
16:35:48,INCR,15.53,13.2,15.53,13.82,749,336,7.04,7219.38,475,1159,2,0.1,NaN,NaN,NaN,NaN,NaN,25,5,5,14.81,14.67,12.89,12.74
16:35:49,INCR,15.53,13.21,15.53,13.83,727,272,5.99,7225.37,476,1159,2,0.1,NaN,NaN,NaN,NaN,NaN,25,5,5,14.81,14.67,12.89,12.74
16:35:50,INCR,15.53,13.21,15.53,13.83,677,315,5.59,7230.96,477,1159,2,0.1,NaN,NaN,NaN,NaN,NaN,25,5,5,14.81,14.67,12.89,12.74
16:35:51,INCR,15.53,13.21,15.53,13.82,639,343,3.06,7234.02,478,1159,2,0.1,NaN,NaN,NaN,NaN,NaN,25,5,5,14.81,14.67,12.89,12.74
16:35:52,INCR,15.53,13.21,15.53,13.82,639,343,1.59,7235.61,479,1159,2,0.1,NaN,NaN,NaN,NaN,NaN,25,5,5,14.81,14.67,12.89,12.74
16:35:53,INCR,15.53,13.21,15.53,13.81,665,334,2.32,7237.93,480,1159,2,0.1,NaN,NaN,NaN,NaN,NaN,25,5,5,14.81,14.67,12.89,12.74
16:35:54,INCR,15.53,13.21,15.53,13.81,709,317,4.12,7242.05,481,1159,2,0.1,NaN,NaN,NaN,NaN,NaN,25,5,5,14.81,14.67,12.89,12.74
16:35:55,INCR,15.53,13.21,15.53,13.81,748,297,3.36,7245.42,482,1159,2,0.1,NaN,NaN,NaN,NaN,NaN,25,5,5,14.81,14.67,12.89,12.74
16:35:56,INCR,15.53,13.21,15.53,13.81,803,290,4.54,7249.95,483,1159,2,0.1,NaN,NaN,NaN,NaN,NaN,25,5,5,14.81,14.67,12.89,12.74
16:35:57,INCR,15.53,13.21,15.53,13.81,838,305,3.39,7253.35,484,1159,2,0.1,NaN,NaN,NaN,NaN,NaN,25,5,5,14.81,14.67,12.89,12.74
16:35:58,INCR,15.52,13.21,15.52,13.8,877,335,4.03,7257.37,485,1159,2,0.1,NaN,NaN,NaN,NaN,NaN,25,5,5,14.81,14.67,12.89,12.74
16:35:59,INCR,15.52,13.21,15.52,13.81,891,391,4.77,7262.14,486,1159,2,0.1,NaN,NaN,NaN,NaN,NaN,25,5,5,14.81,14.67,12.89,12.74
16:36:00,INCR,15.52,13.21,15.52,13.8,881,432,3.5,7265.64,487,1159,2,0.1,NaN,NaN,NaN,NaN,NaN,25,5,5,14.81,14.67,12.89,12.74
16:36:01,INCR,15.51,13.21,15.51,13.8,852,473,3.62,7269.26,488,1159,2,0.1,NaN,NaN,NaN,NaN,NaN,25,5,5,14.81,14.67,12.89,12.74
16:36:02,INCR,15.52,13.21,15.52,13.79,828,508,3.49,7272.75,489,1159,2,0.1,NaN,NaN,NaN,NaN,NaN,25,5,5,14.81,14.67,12.89,12.74
16:36:03,INCR,15.52,13.21,15.52,13.79,775,520,4.66,7277.41,490,1159,2,0.1,NaN,NaN,NaN,NaN,NaN,25,5,5,14.81,14.67,12.89,12.74
16:36:05,INCR,15.52,13.21,15.52,13.79,712,491,5.32,7282.73,491,1159,2,0.1,NaN,NaN,NaN,NaN,NaN,25,5,5,14.81,14.67,12.89,12.74
16:36:06,INCR,15.52,13.21,15.52,13.8,665,450,4.87,7287.6,492,1159,2,0.1,NaN,NaN,NaN,NaN,NaN,25,5,5,14.81,14.67,12.89,12.74
16:36:07,INCR,15.51,13.21,15.51,13.79,644,399,4.51,7292.11,493,1159,2,0.1,NaN,NaN,NaN,NaN,NaN,25,5,5,14.81,14.67,12.89,12.74
16:36:08,INCR,15.51,13.21,15.51,13.79,631,351,4.37,7296.48,494,1159,2,0.1,NaN,NaN,NaN,NaN,NaN,25,5,5,14.81,14.67,12.89,12.74
16:36:09,INCR,15.5,13.21,15.5,13.79,684,310,5.09,7301.57,495,1159,2,0.1,NaN,NaN,NaN,NaN,NaN,25,5,5,14.81,14.67,12.89,12.74
16:36:10,INCR,15.5,13.21,15.5,13.79,733,306,2.23,7303.8,496,1159,2,0.1,NaN,NaN,NaN,NaN,NaN,25,5,5,14.81,14.67,12.89,12.74
16:36:11,INCR,15.5,13.21,15.5,13.78,805,312,5.94,7309.74,497,1159,2,0.1,NaN,NaN,NaN,NaN,NaN,25,5,5,14.81,14.67,12.89,12.74
16:36:12,INCR,15.5,13.21,15.5,13.78,857,350,5.36,7315.1,498,1159,2,0.1,NaN,NaN,NaN,NaN,NaN,25,5,5,14.81,14.67,12.89,12.74
16:36:13,INCR,15.5,13.21,15.5,13.78,880,396,4.32,7319.42,499,1159,2,0.1,NaN,NaN,NaN,NaN,NaN,25,5,5,14.81,14.67,12.89,12.74
16:36:14,INCR,15.5,13.21,15.5,13.78,867,438,3.74,7323.17,500,1159,2,0.1,NaN,NaN,NaN,NaN,NaN,25,5,5,14.81,14.67,12.89,12.74
16:36:15,INCR,15.5,13.21,15.5,13.78,828,466,5.34,7328.5,501,1159,2,0.1,NaN,NaN,NaN,NaN,NaN,25,5,5,14.81,14.67,12.89,12.74
16:36:16,INCR,15.49,13.21,15.49,13.78,722,458,7.44,7335.94,502,1159,2,0.1,NaN,NaN,NaN,NaN,NaN,25,5,5,14.81,14.67,12.89,12.74
16:36:17,INCR,15.48,13.21,15.48,13.77,663,394,6.09,7342.03,503,1159,2,0.1,NaN,NaN,NaN,NaN,NaN,25,5,5,14.81,14.67,12.89,12.74
16:36:18,INCR,15.47,13.21,15.47,13.77,611,383,4.67,7346.7,504,1159,2,0.1,NaN,NaN,NaN,NaN,NaN,25,5,5,14.81,14.67,12.89,12.74
16:36:19,DECR,13.77,13.21,15.47,13.77,524,398,6.03,7352.73,504,1160,2,0.1,NaN,NaN,NaN,NaN,NaN,25,5,5,14.92,14.85,12.89,12.74
16:36:20,DECR,13.76,13.21,15.47,13.76,447,373,5.91,7358.64,504,1161,2,0.1,NaN,NaN,NaN,NaN,NaN,25,5,5,14.92,14.85,12.89,12.74
16:36:21,DECR,13.76,13.21,15.47,13.76,361,357,7.18,7365.82,504,1162,2,0.1,NaN,NaN,NaN,NaN,NaN,25,5,5,14.92,14.85,12.89,12.74
16:36:22,DECR,13.76,13.21,15.46,13.76,272,390,7.76,7373.58,504,1163,2,0.1,NaN,NaN,NaN,NaN,NaN,25,5,5,14.92,14.85,12.89,12.74
16:36:23,DECR,13.75,13.21,15.46,13.75,205,448,7.53,7381.11,504,1164,2,0.1,NaN,NaN,NaN,NaN,NaN,25,5,5,14.92,14.85,12.89,12.74
16:36:24,DECR,13.75,13.21,15.46,13.75,216,482,2.98,7384.09,504,1165,2,0.1,NaN,NaN,NaN,NaN,NaN,25,5,5,14.92,14.85,12.89,12.74
16:36:25,DECR,13.75,13.21,15.45,13.75,182,481,3.11,7387.2,504,1166,2,0.1,NaN,NaN,NaN,NaN,NaN,25,5,5,14.92,14.85,12.89,12.74
16:36:26,DECR,13.75,13.21,15.45,13.75,172,457,2.27,7389.47,504,1167,2,0.1,NaN,NaN,NaN,NaN,NaN,25,5,5,14.92,14.85,12.89,12.74
16:36:27,DECR,13.75,13.22,15.44,13.75,163,343,9.37,7398.84,504,1168,2,0.1,NaN,NaN,NaN,NaN,NaN,25,5,5,14.92,14.85,12.89,12.74
16:36:28,DECR,13.74,13.22,15.42,13.74,278,245,12.73,7411.57,504,1169,2,0.1,NaN,NaN,NaN,NaN,NaN,25,5,5,14.92,14.85,12.89,12.74
16:36:29,DECR,13.74,13.22,15.4,13.74,398,267,10.32,7421.9,504,1170,2,0.1,NaN,NaN,NaN,NaN,NaN,25,5,5,14.92,14.85,12.89,12.74
16:36:30,DECR,13.73,13.22,15.37,13.73,469,358,9.36,7431.26,504,1171,2,0.1,NaN,NaN,NaN,NaN,NaN,25,5,5,14.92,14.85,12.89,12.74
16:36:31,DECR,13.73,13.22,15.37,13.73,472,378,2.19,7433.45,504,1172,2,0.1,NaN,NaN,NaN,NaN,NaN,25,5,5,14.92,14.85,12.89,12.74
16:36:32,DECR,13.73,13.22,15.37,13.73,454,425,4.09,7437.54,504,1173,2,0.1,NaN,NaN,NaN,NaN,NaN,25,5,5,14.92,14.85,12.89,12.74
16:36:33,DECR,13.73,13.22,15.37,13.73,414,491,6.41,7443.95,504,1174,2,0.1,NaN,NaN,NaN,NaN,NaN,25,5,5,14.92,14.85,12.89,12.74
16:36:34,DECR,13.73,13.22,15.37,13.73,408,490,0.74,7444.69,504,1175,2,0.1,NaN,NaN,NaN,NaN,NaN,25,5,5,14.92,14.85,12.89,12.74
16:36:35,DECR,13.73,13.22,15.37,13.73,409,479,0.59,7445.28,504,1176,2,0.1,NaN,NaN,NaN,NaN,NaN,25,5,5,14.92,14.85,12.89,12.74
16:36:36,DECR,13.73,13.22,15.36,13.73,412,457,1.3,7446.58,504,1177,2,0.1,NaN,NaN,NaN,NaN,NaN,25,5,5,14.92,14.85,12.89,12.74
16:36:37,DECR,13.72,13.22,15.36,13.72,420,435,1.77,7448.35,504,1178,2,0.1,NaN,NaN,NaN,NaN,NaN,25,5,5,14.92,14.85,12.89,12.74
16:36:38,DECR,13.72,13.22,15.36,13.72,427,406,2.29,7450.65,504,1179,2,0.1,NaN,NaN,NaN,NaN,NaN,25,5,5,14.92,14.85,12.89,12.74
16:36:39,DECR,13.72,13.22,15.37,13.72,405,398,1.76,7452.41,504,1180,2,0.1,NaN,NaN,NaN,NaN,NaN,25,5,5,14.92,14.85,12.89,12.74
16:36:40,DECR,13.72,13.23,15.37,13.72,372,397,2.15,7454.55,504,1181,2,0.1,NaN,NaN,NaN,NaN,NaN,25,5,5,14.92,14.85,12.89,12.74
16:36:41,DECR,13.72,13.23,15.37,13.72,327,399,3.72,7458.28,504,1182,2,0.1,NaN,NaN,NaN,NaN,NaN,25,5,5,14.92,14.85,12.89,12.74
16:36:42,DECR,13.72,13.23,15.36,13.72,255,394,5.88,7464.15,504,1183,2,0.1,NaN,NaN,NaN,NaN,NaN,25,5,5,14.92,14.85,12.89,12.74
16:36:43,DECR,13.72,13.23,15.37,13.72,207,403,4.55,7468.7,504,1184,2,0.1,NaN,NaN,NaN,NaN,NaN,25,5,5,14.92,14.85,12.89,12.74
16:36:44,DECR,13.71,13.23,15.37,13.71,195,416,1.4,7470.1,504,1185,2,0.1,NaN,NaN,NaN,NaN,NaN,25,5,5,14.92,14.85,12.89,12.74
16:36:45,DECR,13.71,13.23,15.37,13.71,199,436,2.76,7472.87,504,1186,2,0.1,NaN,NaN,NaN,NaN,NaN,25,5,5,14.92,14.85,12.89,12.74
16:36:46,DECR,13.71,13.23,15.38,13.71,224,476,3.98,7476.85,504,1187,2,0.1,NaN,NaN,NaN,NaN,NaN,25,5,5,14.92,14.85,12.89,12.74
16:36:47,DECR,13.71,13.23,15.38,13.71,258,510,4.56,7481.41,504,1188,2,0.1,NaN,NaN,NaN,NaN,NaN,25,5,5,14.92,14.85,12.89,12.74
16:36:48,DECR,13.71,13.23,15.38,13.71,327,545,6.42,7487.83,504,1189,2,0.1,NaN,NaN,NaN,NaN,NaN,25,5,5,14.92,14.85,12.89,12.74
16:36:49,DECR,13.7,13.23,15.38,13.7,392,500,7.36,7495.19,504,1190,2,0.1,NaN,NaN,NaN,NaN,NaN,25,5,5,14.92,14.85,12.89,12.74
16:36:50,DECR,13.7,13.23,15.39,13.7,419,486,2.55,7497.74,504,1191,2,0.1,NaN,NaN,NaN,NaN,NaN,25,5,5,14.92,14.85,12.89,12.74
16:36:51,DECR,13.7,13.23,15.39,13.7,431,476,2.17,7499.9,504,1192,2,0.1,NaN,NaN,NaN,NaN,NaN,25,5,5,14.92,14.85,12.89,12.74
16:36:52,DECR,13.7,13.23,15.39,13.7,435,429,3.92,7503.83,504,1193,2,0.1,NaN,NaN,NaN,NaN,NaN,25,5,5,14.92,14.85,12.89,12.74
16:36:53,DECR,13.7,13.23,15.42,13.7,412,416,4.09,7507.92,504,1194,2,0.1,NaN,NaN,NaN,NaN,NaN,25,5,5,14.92,14.85,12.89,12.74
16:36:54,DECR,13.7,13.23,15.44,13.7,436,431,3.2,7511.12,504,1195,2,0.1,NaN,NaN,NaN,NaN,NaN,25,5,5,14.92,14.85,12.89,12.74
16:36:55,DECR,13.7,13.23,15.47,13.7,440,394,3.12,7514.24,504,1196,2,0.1,NaN,NaN,NaN,NaN,NaN,25,5,5,14.92,14.85,12.89,12.74
16:36:56,DECR,13.7,13.23,15.47,13.7,461,388,2.3,7516.55,504,1197,2,0.1,NaN,NaN,NaN,NaN,NaN,25,5,5,14.92,14.85,12.89,12.74
16:36:57,DECR,13.7,13.23,15.47,13.7,432,420,2.71,7519.26,504,1198,2,0.1,NaN,NaN,NaN,NaN,NaN,25,5,5,14.92,14.85,12.89,12.74
16:36:58,DECR,13.69,13.23,15.47,13.69,413,425,1.64,7520.9,504,1199,2,0.1,NaN,NaN,NaN,NaN,NaN,25,5,5,14.92,14.85,12.89,12.74
16:36:59,DECR,13.69,13.23,15.48,13.69,354,502,5.02,7525.92,504,1200,2,0.1,NaN,NaN,NaN,NaN,NaN,25,5,5,14.92,14.85,12.89,12.74
16:37:00,DECR,13.7,13.23,15.48,13.7,268,540,7.69,7533.61,504,1201,2,0.1,NaN,NaN,NaN,NaN,NaN,25,5,5,14.92,14.85,12.89,12.74
16:37:01,DECR,13.69,13.23,15.48,13.69,169,365,18.44,7552.05,504,1202,2,0.1,NaN,NaN,NaN,NaN,NaN,25,5,5,14.92,14.85,12.89,12.74
16:37:03,DECR,13.69,13.24,15.48,13.69,185,354,5.7,7557.75,504,1203,2,0.1,NaN,NaN,NaN,NaN,NaN,25,5,5,14.92,14.85,12.89,12.74
16:37:03,DECR,13.69,13.24,15.49,13.69,171,344,3.22,7560.97,504,1204,2,0.1,NaN,NaN,NaN,NaN,NaN,25,5,5,14.92,14.85,12.89,12.74
16:37:05,DECR,13.69,13.24,15.49,13.69,222,284,6.03,7567,504,1205,2,0.1,NaN,NaN,NaN,NaN,NaN,25,5,5,14.92,14.85,12.89,12.74
16:37:06,DECR,13.7,13.24,15.5,13.7,273,256,4.85,7571.85,504,1206,2,0.1,NaN,NaN,NaN,NaN,NaN,25,5,5,14.92,14.85,12.89,12.74
16:37:07,DECR,13.7,13.24,15.5,13.7,333,251,4.98,7576.83,504,1207,2,0.1,NaN,NaN,NaN,NaN,NaN,25,5,5,14.92,14.85,12.89,12.74
16:37:08,DECR,13.7,13.24,15.51,13.7,344,251,1.17,7578,504,1208,2,0.1,NaN,NaN,NaN,NaN,NaN,25,5,5,14.92,14.85,12.89,12.74
16:37:09,DECR,13.7,13.24,15.51,13.7,306,285,4.55,7582.55,504,1209,2,0.1,NaN,NaN,NaN,NaN,NaN,25,5,5,14.92,14.85,12.89,12.74
16:37:10,DECR,13.7,13.24,15.52,13.7,262,293,3.66,7586.21,504,1210,2,0.1,NaN,NaN,NaN,NaN,NaN,25,5,5,14.92,14.85,12.89,12.74
16:37:11,DECR,13.7,13.24,15.52,13.7,219,333,5.03,7591.24,504,1211,2,0.1,NaN,NaN,NaN,NaN,NaN,25,5,5,14.92,14.85,12.89,12.74
16:37:12,DECR,13.7,13.24,15.54,13.7,191,380,4.75,7595.99,504,1212,2,0.1,NaN,NaN,NaN,NaN,NaN,25,5,5,14.92,14.85,12.89,12.74
16:37:13,DECR,13.7,13.24,15.57,13.7,168,414,3.66,7599.65,504,1213,2,0.1,NaN,NaN,NaN,NaN,NaN,25,5,5,14.92,14.85,12.89,12.74
16:37:14,DECR,13.7,13.24,15.6,13.7,166,368,4.23,7603.88,504,1214,2,0.1,NaN,NaN,NaN,NaN,NaN,25,5,5,14.92,14.85,12.89,12.74
16:37:15,DECR,13.7,13.24,15.6,13.7,183,355,2.8,7606.68,504,1215,2,0.1,NaN,NaN,NaN,NaN,NaN,25,5,5,14.92,14.85,12.89,12.74
16:37:16,DECR,13.7,13.24,15.6,13.7,185,376,2.99,7609.68,504,1216,2,0.1,NaN,NaN,NaN,NaN,NaN,25,5,5,14.92,14.85,12.89,12.74
16:37:17,DECR,13.71,13.25,15.6,13.71,179,495,11.73,7621.41,504,1217,2,0.1,NaN,NaN,NaN,NaN,NaN,25,5,5,14.92,14.85,12.89,12.74
16:37:18,DECR,13.7,13.25,15.6,13.7,164,399,10.13,7631.54,504,1218,2,0.1,NaN,NaN,NaN,NaN,NaN,25,5,5,14.92,14.85,12.89,12.74
16:37:19,DECR,13.7,13.25,15.61,13.7,189,378,3.73,7635.27,504,1219,2,0.1,NaN,NaN,NaN,NaN,NaN,25,5,5,14.92,14.85,12.89,12.74
16:37:20,DECR,13.7,13.25,15.61,13.7,181,371,2.15,7637.42,504,1220,2,0.1,NaN,NaN,NaN,NaN,NaN,25,5,5,14.92,14.85,12.89,12.74
16:37:21,DECR,13.7,13.25,15.63,13.7,169,371,2.67,7640.09,504,1221,2,0.1,NaN,NaN,NaN,NaN,NaN,25,5,5,14.92,14.85,12.89,12.74
16:37:22,DECR,13.7,13.25,15.65,13.7,185,325,4.09,7644.17,504,1222,2,0.1,NaN,NaN,NaN,NaN,NaN,25,5,5,14.92,14.85,12.89,12.74
16:37:23,DECR,13.7,13.25,15.69,13.7,276,250,9.79,7653.96,504,1223,2,0.1,NaN,NaN,NaN,NaN,NaN,25,5,5,14.92,14.85,12.89,12.74
16:37:24,DECR,13.7,13.25,15.69,13.7,330,246,4.41,7658.37,504,1224,2,0.1,NaN,NaN,NaN,NaN,NaN,25,5,5,14.92,14.85,12.89,12.74
16:37:25,DECR,13.7,13.25,15.7,13.7,328,253,0.92,7659.29,504,1225,2,0.1,NaN,NaN,NaN,NaN,NaN,25,5,5,14.92,14.85,12.89,12.74
16:37:26,DECR,13.7,13.25,15.69,13.7,338,299,4.28,7663.57,504,1226,2,0.1,NaN,NaN,NaN,NaN,NaN,25,5,5,14.92,14.85,12.89,12.74
16:37:27,DECR,13.71,13.25,15.71,13.71,349,324,2.28,7665.85,504,1227,2,0.1,NaN,NaN,NaN,NaN,NaN,25,5,5,14.92,14.85,12.89,12.74
16:37:28,DECR,13.71,13.25,15.73,13.71,358,331,0.81,7666.66,504,1228,2,0.1,NaN,NaN,NaN,NaN,NaN,25,5,5,14.92,14.85,12.89,12.74
16:37:29,DECR,13.71,13.25,15.76,13.71,380,336,1.81,7668.47,504,1229,2,0.1,NaN,NaN,NaN,NaN,NaN,25,5,5,14.92,14.85,12.89,12.74
16:37:30,DECR,13.71,13.25,15.77,13.71,406,349,2.38,7670.84,504,1230,2,0.1,NaN,NaN,NaN,NaN,NaN,25,5,5,14.92,14.85,12.89,12.74
16:37:31,DECR,13.71,13.25,15.77,13.71,439,356,2.53,7673.37,504,1231,2,0.1,NaN,NaN,NaN,NaN,NaN,25,5,5,14.92,14.85,12.89,12.74
16:37:32,DECR,13.71,13.25,15.78,13.71,447,364,0.86,7674.23,504,1232,2,0.1,NaN,NaN,NaN,NaN,NaN,25,5,5,14.92,14.85,12.89,12.74
16:37:33,DECR,13.71,13.26,15.77,13.71,464,357,1.61,7675.84,504,1233,2,0.1,NaN,NaN,NaN,NaN,NaN,25,5,5,14.92,14.85,12.89,12.74
16:37:34,DECR,13.72,13.26,15.78,13.72,470,370,1.87,7677.71,504,1234,2,0.1,NaN,NaN,NaN,NaN,NaN,25,5,5,14.92,14.85,12.89,12.74
16:37:35,DECR,13.72,13.26,15.78,13.72,485,380,1.6,7679.31,504,1235,2,0.1,NaN,NaN,NaN,NaN,NaN,25,5,5,14.92,14.85,12.89,12.74
16:37:36,DECR,13.72,13.26,15.78,13.72,477,364,1.99,7681.3,504,1236,2,0.1,NaN,NaN,NaN,NaN,NaN,25,5,5,14.92,14.85,12.89,12.74
16:37:37,DECR,13.72,13.26,15.78,13.72,462,364,1.56,7682.86,504,1237,2,0.1,NaN,NaN,NaN,NaN,NaN,25,5,5,14.92,14.85,12.89,12.74
16:37:38,DECR,13.72,13.26,15.78,13.72,427,333,3.92,7686.78,504,1238,2,0.1,NaN,NaN,NaN,NaN,NaN,25,5,5,14.92,14.85,12.89,12.74
16:37:39,DECR,13.72,13.26,15.78,13.72,413,347,3.03,7689.82,504,1239,2,0.1,NaN,NaN,NaN,NaN,NaN,25,5,5,14.92,14.85,12.89,12.74
16:37:40,DECR,13.72,13.26,15.78,13.72,406,323,2.21,7692.03,504,1240,2,0.1,NaN,NaN,NaN,NaN,NaN,25,5,5,14.92,14.85,12.89,12.74
16:37:41,DECR,13.72,13.26,15.79,13.72,386,319,1.67,7693.69,504,1241,2,0.1,NaN,NaN,NaN,NaN,NaN,25,5,5,14.92,14.85,12.89,12.74
16:37:42,DECR,13.72,13.26,15.79,13.72,366,299,2.18,7695.87,504,1242,2,0.1,NaN,NaN,NaN,NaN,NaN,25,5,5,14.92,14.85,12.89,12.74
16:37:43,DECR,13.73,13.26,15.79,13.73,313,284,4.22,7700.08,504,1243,2,0.1,NaN,NaN,NaN,NaN,NaN,25,5,5,14.92,14.85,12.89,12.74
16:37:44,DECR,13.73,13.26,15.79,13.73,284,283,2.5,7702.59,504,1244,2,0.1,NaN,NaN,NaN,NaN,NaN,25,5,5,14.92,14.85,12.89,12.74
16:37:45,DECR,13.73,13.26,15.79,13.73,255,294,1.75,7704.34,504,1245,2,0.1,NaN,NaN,NaN,NaN,NaN,25,5,5,14.92,14.85,12.89,12.74
16:37:46,DECR,13.74,13.26,15.8,13.74,228,303,1.28,7705.62,504,1246,2,0.1,NaN,NaN,NaN,NaN,NaN,25,5,5,14.92,14.85,12.89,12.74
16:37:47,DECR,13.74,13.26,15.8,13.74,197,323,2.54,7708.16,504,1247,2,0.1,NaN,NaN,NaN,NaN,NaN,25,5,5,14.92,14.85,12.89,12.74
16:37:48,DECR,13.74,13.26,15.79,13.74,197,368,4.04,7712.2,504,1248,2,0.1,NaN,NaN,NaN,NaN,NaN,25,5,5,14.92,14.85,12.89,12.74
16:37:49,DECR,13.74,13.26,15.79,13.74,179,428,4.91,7717.1,504,1249,2,0.1,NaN,NaN,NaN,NaN,NaN,25,5,5,14.92,14.85,12.89,12.74
16:37:50,DECR,13.74,13.26,15.79,13.74,211,495,6.15,7723.26,504,1250,2,0.1,NaN,NaN,NaN,NaN,NaN,25,5,5,14.92,14.85,12.89,12.74
16:37:52,DECR,13.74,13.26,15.79,13.74,293,536,7.83,7731.09,504,1251,2,0.1,NaN,NaN,NaN,NaN,NaN,25,5,5,14.92,14.85,12.89,12.74
16:37:53,DECR,13.74,13.26,15.79,13.74,418,412,15.57,7746.66,504,1252,2,0.1,NaN,NaN,NaN,NaN,NaN,25,5,5,14.92,14.85,12.89,12.74
16:37:54,DECR,13.75,13.26,15.79,13.75,330,317,11.36,7758.02,504,1253,2,0.1,NaN,NaN,NaN,NaN,NaN,25,5,5,14.92,14.85,12.89,12.74
16:37:55,DECR,13.75,13.26,15.79,13.75,202,379,9.56,7767.58,504,1254,2,0.1,NaN,NaN,NaN,NaN,NaN,25,5,5,14.92,14.85,12.89,12.74
16:37:56,DECR,13.75,13.26,15.79,13.75,198,484,9.02,7776.6,504,1255,2,0.1,NaN,NaN,NaN,NaN,NaN,25,5,5,14.92,14.85,12.89,12.74
16:37:57,DECR,13.74,13.26,15.79,13.74,278,553,8.38,7784.98,504,1256,2,0.1,NaN,NaN,NaN,NaN,NaN,25,5,5,14.92,14.85,12.89,12.74
16:37:58,DECR,13.74,13.26,15.79,13.74,399,514,10.69,7795.67,504,1257,2,0.1,NaN,NaN,NaN,NaN,NaN,25,5,5,14.92,14.85,12.89,12.74
16:37:59,DECR,13.74,13.26,15.78,13.74,414,372,12.62,7808.29,504,1258,2,0.1,NaN,NaN,NaN,NaN,NaN,25,5,5,14.92,14.85,12.89,12.74
16:38:00,DECR,13.75,13.26,15.79,13.75,291,325,11.25,7819.54,504,1259,2,0.1,NaN,NaN,NaN,NaN,NaN,25,5,5,14.92,14.85,12.89,12.74
16:38:01,DECR,13.75,13.26,15.78,13.75,198,394,9.81,7829.35,504,1260,2,0.1,NaN,NaN,NaN,NaN,NaN,25,5,5,14.92,14.85,12.89,12.74
16:38:02,DECR,13.74,13.26,15.78,13.74,215,513,10.73,7840.08,504,1261,2,0.1,NaN,NaN,NaN,NaN,NaN,25,5,5,14.92,14.85,12.89,12.74
16:38:03,DECR,13.74,13.26,15.77,13.74,299,539,7.48,7847.56,504,1262,2,0.1,NaN,NaN,NaN,NaN,NaN,25,5,5,14.92,14.85,12.89,12.74
16:38:04,DECR,13.74,13.26,15.77,13.74,255,558,4.77,7852.33,504,1263,2,0.1,NaN,NaN,NaN,NaN,NaN,25,5,5,14.92,14.85,12.89,12.74
16:38:05,DECR,13.74,13.26,15.77,13.74,178,491,8.49,7860.83,504,1264,2,0.1,NaN,NaN,NaN,NaN,NaN,25,5,5,14.92,14.85,12.89,12.74
16:38:06,DECR,13.74,13.26,15.77,13.74,152,394,8.32,7869.15,504,1265,2,0.1,NaN,NaN,NaN,NaN,NaN,25,5,5,14.92,14.85,12.89,12.74
16:38:07,DECR,13.74,13.26,15.77,13.74,209,288,10.15,7879.29,504,1266,2,0.1,NaN,NaN,NaN,NaN,NaN,25,5,5,14.92,14.85,12.89,12.74
16:38:08,DECR,13.74,13.26,15.77,13.74,304,246,8.23,7887.52,504,1267,2,0.1,NaN,NaN,NaN,NaN,NaN,25,5,5,14.92,14.85,12.89,12.74
16:38:09,DECR,13.74,13.26,15.76,13.74,367,286,6.41,7893.93,504,1268,2,0.1,NaN,NaN,NaN,NaN,NaN,25,5,5,14.92,14.85,12.89,12.74
16:38:10,DECR,13.74,13.26,15.77,13.74,415,330,5.29,7899.23,504,1269,2,0.1,NaN,NaN,NaN,NaN,NaN,25,5,5,14.92,14.85,12.89,12.74
16:38:11,DECR,13.74,13.26,15.76,13.74,429,351,2.18,7901.4,504,1270,2,0.1,NaN,NaN,NaN,NaN,NaN,25,5,5,14.92,14.85,12.89,12.74
16:38:12,DECR,13.73,13.26,15.76,13.73,442,351,1,7902.41,504,1271,2,0.1,NaN,NaN,NaN,NaN,NaN,25,5,5,14.92,14.85,12.89,12.74
16:38:13,DECR,13.73,13.26,15.75,13.73,430,352,0.97,7903.37,504,1272,2,0.1,NaN,NaN,NaN,NaN,NaN,25,5,5,14.92,14.85,12.89,12.74
16:38:14,DECR,13.73,13.26,15.75,13.73,423,345,0.53,7903.9,504,1273,2,0.1,NaN,NaN,NaN,NaN,NaN,25,5,5,14.92,14.85,12.89,12.74
16:38:15,DECR,13.73,13.26,15.75,13.73,408,375,2.62,7906.52,504,1274,2,0.1,NaN,NaN,NaN,NaN,NaN,25,5,5,14.92,14.85,12.89,12.74
16:38:16,DECR,13.71,13.26,15.75,13.71,430,398,3.45,7909.97,504,1275,2,0.1,NaN,NaN,NaN,NaN,NaN,25,5,5,14.92,14.85,12.89,12.74
16:38:17,DECR,13.68,13.26,15.74,13.68,429,372,2.28,7912.25,504,1276,2,0.1,NaN,NaN,NaN,NaN,NaN,25,5,5,14.92,14.85,12.89,12.74
16:38:18,DECR,13.66,13.26,15.74,13.66,407,339,3.25,7915.5,504,1277,2,0.1,NaN,NaN,NaN,NaN,NaN,25,5,5,14.92,14.85,12.89,12.74
16:38:19,DECR,13.66,13.26,15.74,13.66,380,319,3.26,7918.77,504,1278,2,0.1,NaN,NaN,NaN,NaN,NaN,25,5,5,14.92,14.85,12.89,12.74
16:38:20,DECR,13.67,13.26,15.75,13.67,389,308,2.19,7920.96,504,1279,2,0.1,NaN,NaN,NaN,NaN,NaN,25,5,5,14.92,14.85,12.89,12.74
16:38:21,DECR,13.67,13.26,15.74,13.67,351,285,3.94,7924.9,504,1280,2,0.1,NaN,NaN,NaN,NaN,NaN,25,5,5,14.92,14.85,12.89,12.74
16:38:22,DECR,13.67,13.26,15.74,13.67,305,290,3.71,7928.61,504,1281,2,0.1,NaN,NaN,NaN,NaN,NaN,25,5,5,14.92,14.85,12.89,12.74
16:38:23,DECR,13.67,13.26,15.73,13.67,285,327,4.56,7933.17,504,1282,2,0.1,NaN,NaN,NaN,NaN,NaN,25,5,5,14.92,14.85,12.89,12.74
16:38:24,DECR,13.67,13.27,15.73,13.67,258,401,6.34,7939.51,504,1283,2,0.1,NaN,NaN,NaN,NaN,NaN,25,5,5,14.92,14.85,12.89,12.74
16:38:25,DECR,13.67,13.27,15.72,13.67,229,500,8.55,7948.06,504,1284,2,0.1,NaN,NaN,NaN,NaN,NaN,25,5,5,14.92,14.85,12.89,12.74
16:38:26,DECR,13.67,13.27,15.72,13.67,200,501,2.52,7950.58,504,1285,2,0.1,NaN,NaN,NaN,NaN,NaN,25,5,5,14.92,14.85,12.89,12.74
16:38:27,DECR,13.68,13.27,15.72,13.68,192,506,1.27,7951.85,504,1286,2,0.1,NaN,NaN,NaN,NaN,NaN,25,5,5,14.92,14.85,12.89,12.74
16:38:28,DECR,13.68,13.27,15.72,13.68,186,469,3.08,7954.93,504,1287,2,0.1,NaN,NaN,NaN,NaN,NaN,25,5,5,14.92,14.85,12.89,12.74
16:38:29,DECR,13.67,13.27,15.71,13.67,165,381,7.43,7962.37,504,1288,2,0.1,NaN,NaN,NaN,NaN,NaN,25,5,5,14.92,14.85,12.89,12.74
16:38:30,DECR,13.67,13.27,15.71,13.67,173,339,3.54,7965.91,504,1289,2,0.1,NaN,NaN,NaN,NaN,NaN,25,5,5,14.92,14.85,12.89,12.74
16:38:31,DECR,13.68,13.28,15.71,13.68,268,261,8.69,7974.6,504,1290,2,0.1,NaN,NaN,NaN,NaN,NaN,25,5,5,14.92,14.85,12.89,12.74
16:38:32,DECR,13.68,13.28,15.71,13.68,327,248,4.87,7979.47,504,1291,2,0.1,NaN,NaN,NaN,NaN,NaN,25,5,5,14.92,14.85,12.89,12.74
16:38:33,DECR,13.69,13.28,15.68,13.69,404,315,8.67,7988.14,504,1292,2,0.1,NaN,NaN,NaN,NaN,NaN,25,5,5,14.92,14.85,12.89,12.74
16:38:34,DECR,13.69,13.28,15.66,13.69,443,374,5.79,7993.93,504,1293,2,0.1,NaN,NaN,NaN,NaN,NaN,25,5,5,14.92,14.85,12.89,12.74
16:38:35,DECR,13.69,13.28,15.63,13.69,444,408,3.24,7997.17,504,1294,2,0.1,NaN,NaN,NaN,NaN,NaN,25,5,5,14.92,14.85,12.89,12.74
16:38:36,DECR,13.69,13.28,15.63,13.69,410,440,3.82,8000.99,504,1295,2,0.1,NaN,NaN,NaN,NaN,NaN,25,5,5,14.92,14.85,12.89,12.74
16:38:37,DECR,13.69,13.28,15.63,13.69,394,467,1.05,8002.04,504,1296,2,0.1,NaN,NaN,NaN,NaN,NaN,25,5,5,14.92,14.85,12.89,12.74
16:38:38,DECR,13.69,13.28,15.63,13.69,313,516,7.76,8009.8,504,1297,2,0.1,NaN,NaN,NaN,NaN,NaN,25,5,5,14.92,14.85,12.89,12.74
16:38:39,DECR,13.69,13.28,15.62,13.69,209,523,8.24,8018.04,504,1298,2,0.1,NaN,NaN,NaN,NaN,NaN,25,5,5,14.92,14.85,12.89,12.74
16:38:40,DECR,13.69,13.28,15.62,13.69,156,440,8.39,8026.43,504,1299,2,0.1,NaN,NaN,NaN,NaN,NaN,25,5,5,14.92,14.85,12.89,12.74
16:38:42,DECR,13.69,13.28,15.61,13.69,172,331,9.14,8035.57,504,1300,2,0.1,NaN,NaN,NaN,NaN,NaN,25,5,5,14.92,14.85,12.89,12.74
16:38:43,DECR,13.69,13.28,15.61,13.69,306,243,13.2,8048.78,504,1301,2,0.1,NaN,NaN,NaN,NaN,NaN,25,5,5,14.92,14.85,12.89,12.74
16:38:44,DECR,13.69,13.28,15.61,13.69,411,314,11.12,8059.9,504,1302,2,0.1,NaN,NaN,NaN,NaN,NaN,25,5,5,14.92,14.85,12.89,12.74
16:38:45,DECR,13.7,13.28,15.61,13.7,451,388,7.07,8066.97,504,1303,2,0.1,NaN,NaN,NaN,NaN,NaN,25,5,5,14.92,14.85,12.89,12.74
16:38:46,DECR,13.7,13.28,15.6,13.7,429,464,6.36,8073.33,504,1304,2,0.1,NaN,NaN,NaN,NaN,NaN,25,5,5,14.92,14.85,12.89,12.74
16:38:47,DECR,13.69,13.28,15.6,13.69,414,473,1.5,8074.83,504,1305,2,0.1,NaN,NaN,NaN,NaN,NaN,25,5,5,14.92,14.85,12.89,12.74
16:38:48,DECR,13.69,13.28,15.6,13.69,401,485,1.46,8076.29,504,1306,2,0.1,NaN,NaN,NaN,NaN,NaN,25,5,5,14.92,14.85,12.89,12.74
16:38:49,DECR,13.69,13.28,15.6,13.69,363,524,4.43,8080.72,504,1307,2,0.1,NaN,NaN,NaN,NaN,NaN,25,5,5,14.92,14.85,12.89,12.74
16:38:50,DECR,13.69,13.28,15.6,13.69,252,532,8.6,8089.32,504,1308,2,0.1,NaN,NaN,NaN,NaN,NaN,25,5,5,14.92,14.85,12.89,12.74
16:38:51,DECR,13.69,13.28,15.6,13.69,185,480,6.94,8096.26,504,1309,2,0.1,NaN,NaN,NaN,NaN,NaN,25,5,5,14.92,14.85,12.89,12.74
16:38:52,DECR,13.69,13.28,15.6,13.69,157,401,6.97,8103.23,504,1310,2,0.1,NaN,NaN,NaN,NaN,NaN,25,5,5,14.92,14.85,12.89,12.74
16:38:53,DECR,13.69,13.28,15.59,13.69,205,297,9.71,8112.94,504,1311,2,0.1,NaN,NaN,NaN,NaN,NaN,25,5,5,14.92,14.85,12.89,12.74
16:38:54,DECR,13.69,13.28,15.59,13.69,267,257,5.64,8118.57,504,1312,2,0.1,NaN,NaN,NaN,NaN,NaN,25,5,5,14.92,14.85,12.89,12.74
16:38:55,DECR,13.69,13.28,15.59,13.69,336,247,5.34,8123.91,504,1313,2,0.1,NaN,NaN,NaN,NaN,NaN,25,5,5,14.92,14.85,12.89,12.74
16:38:56,DECR,13.69,13.28,15.58,13.69,310,281,4.8,8128.71,504,1314,2,0.1,NaN,NaN,NaN,NaN,NaN,25,5,5,14.92,14.85,12.89,12.74
16:38:57,DECR,13.69,13.28,15.59,13.69,171,332,9.57,8138.27,504,1315,2,0.1,NaN,NaN,NaN,NaN,NaN,25,5,5,14.92,14.85,12.89,12.74
16:38:58,DECR,13.68,13.28,15.59,13.68,177,489,13.54,8151.81,504,1316,2,0.1,NaN,NaN,NaN,NaN,NaN,25,5,5,14.92,14.85,12.89,12.74
16:38:59,DECR,13.69,13.28,15.59,13.69,331,564,14.43,8166.24,504,1317,2,0.1,NaN,NaN,NaN,NaN,NaN,25,5,5,14.92,14.85,12.89,12.74
16:39:00,DECR,13.69,13.29,15.59,13.69,467,430,15.27,8181.51,504,1318,2,0.1,NaN,NaN,NaN,NaN,NaN,25,5,5,14.92,14.85,12.89,12.74
16:39:01,DECR,13.69,13.29,15.59,13.69,333,287,15.89,8197.4,504,1319,2,0.1,NaN,NaN,NaN,NaN,NaN,25,5,5,14.92,14.85,12.89,12.74
16:39:02,DECR,13.68,13.29,15.59,13.68,165,381,13.58,8210.98,504,1320,2,0.1,NaN,NaN,NaN,NaN,NaN,25,5,5,14.92,14.85,12.89,12.74
16:39:03,DECR,13.68,13.29,15.59,13.68,201,510,10.99,8221.96,504,1321,2,0.1,NaN,NaN,NaN,NaN,NaN,25,5,5,14.92,14.85,12.89,12.74
16:39:04,DECR,13.68,13.29,15.6,13.68,371,553,15.26,8237.22,504,1322,2,0.1,NaN,NaN,NaN,NaN,NaN,25,5,5,14.92,14.85,12.89,12.74
16:39:05,DECR,13.68,13.29,15.6,13.68,468,407,15.35,8252.57,504,1323,2,0.1,NaN,NaN,NaN,NaN,NaN,25,5,5,14.92,14.85,12.89,12.74
16:39:06,DECR,13.68,13.29,15.6,13.68,307,263,18.22,8270.79,504,1324,2,0.1,NaN,NaN,NaN,NaN,NaN,25,5,5,14.92,14.85,12.89,12.74
16:39:07,DECR,13.68,13.29,15.6,13.68,153,385,17.39,8288.18,504,1325,2,0.1,NaN,NaN,NaN,NaN,NaN,25,5,5,14.92,14.85,12.89,12.74
16:39:08,DECR,13.67,13.29,15.6,13.67,265,556,16.01,8304.19,504,1326,2,0.1,NaN,NaN,NaN,NaN,NaN,25,5,5,14.92,14.85,12.89,12.74
16:39:09,DECR,13.67,13.29,15.6,13.67,406,461,15.25,8319.43,504,1327,2,0.1,NaN,NaN,NaN,NaN,NaN,25,5,5,14.92,14.85,12.89,12.74
16:39:10,DECR,13.67,13.29,15.61,13.67,344,312,12.94,8332.38,504,1328,2,0.1,NaN,NaN,NaN,NaN,NaN,25,5,5,14.92,14.85,12.89,12.74
16:39:11,DECR,13.67,13.29,15.61,13.67,181,364,15.22,8347.6,504,1329,2,0.1,NaN,NaN,NaN,NaN,NaN,25,5,5,14.92,14.85,12.89,12.74
16:39:12,DECR,13.67,13.29,15.61,13.67,238,546,16.66,8364.26,504,1330,2,0.1,NaN,NaN,NaN,NaN,NaN,25,5,5,14.92,14.85,12.89,12.74
16:39:13,DECR,13.67,13.29,15.61,13.67,413,517,14.82,8379.08,504,1331,2,0.1,NaN,NaN,NaN,NaN,NaN,25,5,5,14.92,14.85,12.89,12.74
16:39:14,DECR,13.67,13.29,15.62,13.67,445,353,14.34,8393.42,504,1332,2,0.1,NaN,NaN,NaN,NaN,NaN,25,5,5,14.92,14.85,12.89,12.74
16:39:15,DECR,13.67,13.29,15.65,13.67,312,254,13.71,8407.13,504,1333,2,0.1,NaN,NaN,NaN,NaN,NaN,25,5,5,14.92,14.85,12.89,12.74
16:39:16,DECR,13.67,13.29,15.67,13.67,153,408,20.1,8427.22,504,1334,2,0.1,NaN,NaN,NaN,NaN,NaN,25,5,5,14.92,14.85,12.89,12.74
16:39:17,DECR,13.67,13.29,15.69,13.67,264,559,16.2,8443.42,504,1335,2,0.1,NaN,NaN,NaN,NaN,NaN,25,5,5,14.92,14.85,12.89,12.74
16:39:18,DECR,13.67,13.29,15.69,13.67,407,491,14.3,8457.72,504,1336,2,0.1,NaN,NaN,NaN,NaN,NaN,25,5,5,14.92,14.85,12.89,12.74
16:39:19,DECR,13.67,13.29,15.7,13.67,347,386,10.79,8468.51,504,1337,2,0.1,NaN,NaN,NaN,NaN,NaN,25,5,5,14.92,14.85,12.89,12.74
16:39:20,DECR,13.67,13.29,15.7,13.67,244,516,16.25,8484.76,504,1338,2,0.1,NaN,NaN,NaN,NaN,NaN,25,5,5,14.92,14.85,12.89,12.74
16:39:21,DECR,13.66,13.29,15.71,13.66,375,551,11.97,8496.73,504,1339,2,0.1,NaN,NaN,NaN,NaN,NaN,25,5,5,14.92,14.85,12.89,12.74
16:39:22,DECR,13.66,13.29,15.71,13.66,474,387,11.33,8508.06,504,1340,2,0.1,NaN,NaN,NaN,NaN,NaN,25,5,5,14.92,14.85,12.89,12.74
16:39:23,DECR,13.66,13.29,15.71,13.66,356,263,14.44,8522.5,504,1341,2,0.1,NaN,NaN,NaN,NaN,NaN,25,5,5,14.92,14.85,12.89,12.74
16:39:24,DECR,13.66,13.3,15.71,13.66,181,312,15.78,8538.28,504,1342,2,0.1,NaN,NaN,NaN,NaN,NaN,25,5,5,14.92,14.85,12.89,12.74
16:39:25,DECR,13.66,13.3,15.74,13.66,251,542,22.75,8561.03,504,1343,2,0.1,NaN,NaN,NaN,NaN,NaN,25,5,5,14.92,14.85,12.89,12.74
16:39:26,DECR,13.66,13.3,15.77,13.66,315,411,14.05,8575.08,504,1344,2,0.1,NaN,NaN,NaN,NaN,NaN,25,5,5,14.92,14.85,12.89,12.74
16:39:27,DECR,13.66,13.3,15.8,13.66,236,310,10.47,8585.55,504,1345,2,0.1,NaN,NaN,NaN,NaN,NaN,25,5,5,14.92,14.85,12.89,12.74
16:39:28,DECR,13.66,13.3,15.81,13.66,178,353,6.4,8591.95,504,1346,2,0.1,NaN,NaN,NaN,NaN,NaN,25,5,5,14.92,14.85,12.89,12.74
16:39:29,DECR,13.66,13.3,15.81,13.66,176,434,7.5,8599.45,504,1347,2,0.1,NaN,NaN,NaN,NaN,NaN,25,5,5,14.92,14.85,12.89,12.74
16:39:30,DECR,13.66,13.3,15.82,13.66,167,454,5.59,8605.04,504,1348,2,0.1,NaN,NaN,NaN,NaN,NaN,25,5,5,14.92,14.85,12.89,12.74
16:39:31,DECR,13.67,13.3,15.82,13.67,155,367,7.5,8612.53,504,1349,2,0.1,NaN,NaN,NaN,NaN,NaN,25,5,5,14.92,14.85,12.89,12.74
16:39:32,DECR,13.66,13.3,15.82,13.66,239,261,11.32,8623.85,504,1350,2,0.1,NaN,NaN,NaN,NaN,NaN,25,5,5,14.92,14.85,12.89,12.74
16:39:33,DECR,13.66,13.3,15.82,13.66,359,258,10.15,8634,504,1351,2,0.1,NaN,NaN,NaN,NaN,NaN,25,5,5,14.92,14.85,12.89,12.74
16:39:34,DECR,13.66,13.3,15.83,13.66,398,310,5.93,8639.94,504,1352,2,0.1,NaN,NaN,NaN,NaN,NaN,25,5,5,14.92,14.85,12.89,12.74
16:39:35,DECR,13.66,13.3,15.83,13.66,415,360,4.25,8644.18,504,1353,2,0.1,NaN,NaN,NaN,NaN,NaN,25,5,5,14.92,14.85,12.89,12.74
16:39:36,DECR,13.66,13.3,15.83,13.66,419,389,2.39,8646.57,504,1354,2,0.1,NaN,NaN,NaN,NaN,NaN,25,5,5,14.92,14.85,12.89,12.74
16:39:37,DECR,13.66,13.3,15.83,13.66,416,442,4.38,8650.95,504,1355,2,0.1,NaN,NaN,NaN,NaN,NaN,25,5,5,14.92,14.85,12.89,12.74
16:39:39,DECR,13.66,13.3,15.84,13.66,377,524,6.88,8657.83,504,1356,2,0.1,NaN,NaN,NaN,NaN,NaN,25,5,5,14.92,14.85,12.89,12.74
16:39:40,DECR,13.66,13.3,15.84,13.66,340,564,4.68,8662.51,504,1357,2,0.1,NaN,NaN,NaN,NaN,NaN,25,5,5,14.92,14.85,12.89,12.74
16:39:41,DECR,13.66,13.3,15.84,13.66,271,562,5.61,8668.12,504,1358,2,0.1,NaN,NaN,NaN,NaN,NaN,25,5,5,14.92,14.85,12.89,12.74
16:39:42,DECR,13.66,13.3,15.84,13.66,185,478,10.38,8678.5,504,1359,2,0.1,NaN,NaN,NaN,NaN,NaN,25,5,5,14.92,14.85,12.89,12.74
16:39:43,DECR,13.66,13.3,15.85,13.66,178,452,4.6,8683.1,504,1360,2,0.1,NaN,NaN,NaN,NaN,NaN,25,5,5,14.92,14.85,12.89,12.74
16:39:44,DECR,13.66,13.3,15.85,13.66,170,348,11.27,8694.37,504,1361,2,0.1,NaN,NaN,NaN,NaN,NaN,25,5,5,14.92,14.85,12.89,12.74
16:39:45,DECR,13.66,13.3,15.85,13.66,165,395,9.77,8704.14,504,1362,2,0.1,NaN,NaN,NaN,NaN,NaN,25,5,5,14.92,14.85,12.89,12.74
16:39:46,DECR,13.66,13.3,15.85,13.66,151,400,8.75,8712.89,504,1363,2,0.1,NaN,NaN,NaN,NaN,NaN,25,5,5,14.92,14.85,12.89,12.74
16:39:47,DECR,13.66,13.3,15.85,13.66,172,397,3.13,8716.02,504,1364,2,0.1,NaN,NaN,NaN,NaN,NaN,25,5,5,14.92,14.85,12.89,12.74
16:39:48,DECR,13.66,13.3,15.84,13.66,206,527,11.65,8727.68,504,1365,2,0.1,NaN,NaN,NaN,NaN,NaN,25,5,5,14.92,14.85,12.89,12.74
16:39:49,DECR,13.66,13.31,15.84,13.66,385,533,15.56,8743.24,504,1366,2,0.1,NaN,NaN,NaN,NaN,NaN,25,5,5,14.92,14.85,12.89,12.74
16:39:50,DECR,13.66,13.31,15.84,13.66,368,390,13.46,8756.7,504,1367,2,0.1,NaN,NaN,NaN,NaN,NaN,25,5,5,14.92,14.85,12.89,12.74
16:39:51,DECR,13.66,13.31,15.84,13.66,241,422,11.05,8767.75,504,1368,2,0.1,NaN,NaN,NaN,NaN,NaN,25,5,5,14.92,14.85,12.89,12.74
16:39:52,DECR,13.66,13.31,15.84,13.66,240,520,9.69,8777.43,504,1369,2,0.1,NaN,NaN,NaN,NaN,NaN,25,5,5,14.92,14.85,12.89,12.74
16:39:53,DECR,13.66,13.31,15.82,13.66,269,526,3.84,8781.27,504,1370,2,0.1,NaN,NaN,NaN,NaN,NaN,25,5,5,14.92,14.85,12.89,12.74
16:39:54,DECR,13.66,13.31,15.79,13.66,301,531,2.71,8783.99,504,1371,2,0.1,NaN,NaN,NaN,NaN,NaN,25,5,5,14.92,14.85,12.89,12.74
16:39:55,DECR,13.66,13.31,15.76,13.66,221,521,10.35,8794.34,504,1372,2,0.1,NaN,NaN,NaN,NaN,NaN,25,5,5,14.92,14.85,12.89,12.74
16:39:56,DECR,13.66,13.31,15.75,13.66,195,505,8.98,8803.32,504,1373,2,0.1,NaN,NaN,NaN,NaN,NaN,25,5,5,14.92,14.85,12.89,12.74
16:39:57,DECR,13.65,13.31,15.74,13.65,437,511,20.53,8823.85,504,1374,2,0.1,NaN,NaN,NaN,NaN,NaN,25,5,5,14.92,14.85,12.89,12.74
16:39:58,DECR,13.65,13.31,15.72,13.65,388,401,12.33,8836.18,504,1375,2,0.1,NaN,NaN,NaN,NaN,NaN,25,5,5,14.92,14.85,12.89,12.74
16:39:59,DECR,13.65,13.31,15.69,13.65,347,459,6.13,8842.31,504,1376,2,0.1,NaN,NaN,NaN,NaN,NaN,25,5,5,14.92,14.85,12.89,12.74
16:40:00,DECR,13.65,13.31,15.65,13.65,349,526,5.09,8847.4,504,1377,2,0.1,NaN,NaN,NaN,NaN,NaN,25,5,5,14.92,14.85,12.89,12.74
16:40:01,DECR,13.65,13.31,15.62,13.65,343,540,1.73,8849.14,504,1378,2,0.1,NaN,NaN,NaN,NaN,NaN,25,5,5,14.92,14.85,12.89,12.74
16:40:02,DECR,13.65,13.31,15.58,13.65,180,484,16.6,8865.74,504,1379,2,0.1,NaN,NaN,NaN,NaN,NaN,25,5,5,14.92,14.85,12.89,12.74
16:40:03,DECR,13.65,13.31,15.55,13.65,177,397,10.87,8876.6,504,1380,2,0.1,NaN,NaN,NaN,NaN,NaN,25,5,5,14.92,14.85,12.89,12.74
16:40:04,DECR,13.65,13.31,15.52,13.65,188,477,6.93,8883.54,504,1381,2,0.1,NaN,NaN,NaN,NaN,NaN,25,5,5,14.92,14.85,12.89,12.74
16:40:05,DECR,13.65,13.31,15.51,13.65,289,557,15.82,8899.36,504,1382,2,0.1,NaN,NaN,NaN,NaN,NaN,25,5,5,14.92,14.85,12.89,12.74
16:40:06,DECR,13.65,13.31,15.5,13.65,211,528,6.91,8906.27,504,1383,2,0.1,NaN,NaN,NaN,NaN,NaN,25,5,5,14.92,14.85,12.89,12.74
16:40:07,DECR,13.64,13.31,15.47,13.64,180,475,5.4,8911.67,504,1384,2,0.1,NaN,NaN,NaN,NaN,NaN,25,5,5,14.92,14.85,12.89,12.74
16:40:08,DECR,13.64,13.31,15.44,13.64,179,427,4.05,8915.72,504,1385,2,0.1,NaN,NaN,NaN,NaN,NaN,25,5,5,14.92,14.85,12.89,12.74
16:40:09,DECR,13.64,13.31,15.43,13.64,168,412,2.03,8917.75,504,1386,2,0.1,NaN,NaN,NaN,NaN,NaN,25,5,5,14.92,14.85,12.89,12.74
16:40:10,DECR,13.64,13.31,15.42,13.64,162,414,1.49,8919.24,504,1387,2,0.1,NaN,NaN,NaN,NaN,NaN,25,5,5,14.92,14.85,12.89,12.74
16:40:11,DECR,13.64,13.31,15.39,13.64,186,404,1.87,8921.11,504,1388,2,0.1,NaN,NaN,NaN,NaN,NaN,25,5,5,14.92,14.85,12.89,12.74
16:40:12,DECR,13.64,13.31,15.37,13.64,194,393,1.03,8922.14,504,1389,2,0.1,NaN,NaN,NaN,NaN,NaN,25,5,5,14.92,14.85,12.89,12.74
16:40:13,DECR,13.63,13.31,15.35,13.63,194,397,0.57,8922.71,504,1390,2,0.1,NaN,NaN,NaN,NaN,NaN,25,5,5,14.92,14.85,12.89,12.74
16:40:14,DECR,13.63,13.31,15.35,13.63,193,401,0.35,8923.05,504,1391,2,0.1,NaN,NaN,NaN,NaN,NaN,25,5,5,14.92,14.85,12.89,12.74
16:40:15,DECR,13.61,13.31,15.35,13.61,188,410,0.81,8923.87,504,1392,2,0.1,NaN,NaN,NaN,NaN,NaN,25,5,5,14.92,14.85,12.89,12.74
16:40:16,DECR,13.58,13.31,15.35,13.58,188,418,0.8,8924.66,504,1393,2,0.1,NaN,NaN,NaN,NaN,NaN,25,5,5,14.92,14.85,12.89,12.74
16:40:17,DECR,13.56,13.31,15.35,13.56,188,429,1.09,8925.76,504,1394,2,0.1,NaN,NaN,NaN,NaN,NaN,25,5,5,14.92,14.85,12.89,12.74
16:40:18,DECR,13.56,13.31,15.34,13.56,189,437,0.66,8926.41,504,1395,2,0.1,NaN,NaN,NaN,NaN,NaN,25,5,5,14.92,14.85,12.89,12.74
16:40:19,DECR,13.56,13.31,15.34,13.56,193,459,1.91,8928.32,504,1396,2,0.1,NaN,NaN,NaN,NaN,NaN,25,5,5,14.92,14.85,12.89,12.74
16:40:20,DECR,13.56,13.31,15.33,13.56,196,474,1.25,8929.57,504,1397,2,0.1,NaN,NaN,NaN,NaN,NaN,25,5,5,14.92,14.85,12.89,12.74
16:40:21,DECR,13.56,13.31,15.33,13.56,200,481,0.96,8930.53,504,1398,2,0.1,NaN,NaN,NaN,NaN,NaN,25,5,5,14.92,14.85,12.89,12.74
16:40:22,DECR,13.56,13.31,15.33,13.56,207,487,0.48,8931.01,504,1399,2,0.1,NaN,NaN,NaN,NaN,NaN,25,5,5,14.92,14.85,12.89,12.74
16:40:23,DECR,13.55,13.31,15.33,13.55,211,480,1.14,8932.14,504,1400,2,0.1,NaN,NaN,NaN,NaN,NaN,25,5,5,14.92,14.85,12.89,12.74
16:40:24,DECR,13.55,13.31,15.33,13.55,209,478,0.4,8932.54,504,1401,2,0.1,NaN,NaN,NaN,NaN,NaN,25,5,5,14.92,14.85,12.89,12.74
16:40:25,DECR,13.56,13.31,15.33,13.56,202,466,1.15,8933.69,504,1402,2,0.1,NaN,NaN,NaN,NaN,NaN,25,5,5,14.92,14.85,12.89,12.74
16:40:26,DECR,13.56,13.31,15.33,13.56,190,459,1.12,8934.81,504,1403,2,0.1,NaN,NaN,NaN,NaN,NaN,25,5,5,14.92,14.85,12.89,12.74
16:40:27,DECR,13.56,13.32,15.33,13.56,185,454,0.55,8935.36,504,1404,2,0.1,NaN,NaN,NaN,NaN,NaN,25,5,5,14.92,14.85,12.89,12.74
16:40:28,DECR,13.56,13.32,15.33,13.56,185,451,0.35,8935.71,504,1405,2,0.1,NaN,NaN,NaN,NaN,NaN,25,5,5,14.92,14.85,12.89,12.74
16:40:29,DECR,13.56,13.32,15.33,13.56,187,466,1.09,8936.81,504,1406,2,0.1,NaN,NaN,NaN,NaN,NaN,25,5,5,14.92,14.85,12.89,12.74
16:40:30,DECR,13.56,13.32,15.34,13.56,200,486,1.93,8938.74,504,1407,2,0.1,NaN,NaN,NaN,NaN,NaN,25,5,5,14.92,14.85,12.89,12.74
16:40:31,DECR,13.56,13.32,15.34,13.56,219,505,2.23,8940.97,504,1408,2,0.1,NaN,NaN,NaN,NaN,NaN,25,5,5,14.92,14.85,12.89,12.74
16:40:32,DECR,13.56,13.32,15.34,13.56,236,508,1.24,8942.2,504,1409,2,0.1,NaN,NaN,NaN,NaN,NaN,25,5,5,14.92,14.85,12.89,12.74
16:40:33,DECR,13.56,13.32,15.34,13.56,243,508,0.57,8942.77,504,1410,2,0.1,NaN,NaN,NaN,NaN,NaN,25,5,5,14.92,14.85,12.89,12.74
16:40:35,DECR,13.56,13.32,15.35,13.56,256,514,1.27,8944.04,504,1411,2,0.1,NaN,NaN,NaN,NaN,NaN,25,5,5,14.92,14.85,12.89,12.74
16:40:36,DECR,13.56,13.32,15.35,13.56,270,513,0.85,8944.89,504,1412,2,0.1,NaN,NaN,NaN,NaN,NaN,25,5,5,14.92,14.85,12.89,12.74
16:40:37,DECR,13.56,13.32,15.35,13.56,279,503,1.1,8945.99,504,1413,2,0.1,NaN,NaN,NaN,NaN,NaN,25,5,5,14.92,14.85,12.89,12.74
16:40:38,DECR,13.56,13.32,15.36,13.56,272,488,1.39,8947.39,504,1414,2,0.1,NaN,NaN,NaN,NaN,NaN,25,5,5,14.92,14.85,12.89,12.74
16:40:39,DECR,13.56,13.32,15.36,13.56,230,466,3.98,8951.37,504,1415,2,0.1,NaN,NaN,NaN,NaN,NaN,25,5,5,14.92,14.85,12.89,12.74
16:40:40,DECR,13.56,13.32,15.36,13.56,178,447,7.37,8958.74,504,1416,2,0.1,NaN,NaN,NaN,NaN,NaN,25,5,5,14.92,14.85,12.89,12.74
16:40:41,DECR,13.57,13.32,15.37,13.57,188,459,2.38,8961.12,504,1417,2,0.1,NaN,NaN,NaN,NaN,NaN,25,5,5,14.92,14.85,12.89,12.74
16:40:42,DECR,13.57,13.32,15.39,13.57,172,411,4.73,8965.85,504,1418,2,0.1,NaN,NaN,NaN,NaN,NaN,25,5,5,14.92,14.85,12.89,12.74
16:40:43,DECR,13.57,13.32,15.42,13.57,187,439,2.55,8968.4,504,1419,2,0.1,NaN,NaN,NaN,NaN,NaN,25,5,5,14.92,14.85,12.89,12.74
16:40:44,DECR,13.56,13.32,15.45,13.56,203,442,4.58,8972.98,504,1420,2,0.1,NaN,NaN,NaN,NaN,NaN,25,5,5,14.92,14.85,12.89,12.74
16:40:45,DECR,13.57,13.32,15.45,13.57,177,441,2.83,8975.81,504,1421,2,0.1,NaN,NaN,NaN,NaN,NaN,25,5,5,14.92,14.85,12.89,12.74
16:40:46,DECR,13.57,13.32,15.45,13.57,182,461,1.57,8977.38,504,1422,2,0.1,NaN,NaN,NaN,NaN,NaN,25,5,5,14.92,14.85,12.89,12.74
16:40:47,DECR,13.57,13.32,15.47,13.57,192,484,1.91,8979.29,504,1423,2,0.1,NaN,NaN,NaN,NaN,NaN,25,5,5,14.92,14.85,12.89,12.74
16:40:48,DECR,13.57,13.32,15.5,13.57,208,500,1.97,8981.26,504,1424,2,0.1,NaN,NaN,NaN,NaN,NaN,25,5,5,14.92,14.85,12.89,12.74
16:40:49,DECR,13.57,13.32,15.53,13.57,218,506,1.13,8982.39,504,1425,2,0.1,NaN,NaN,NaN,NaN,NaN,25,5,5,14.92,14.85,12.89,12.74
16:40:50,DECR,13.58,13.32,15.53,13.58,233,512,1.1,8983.49,504,1426,2,0.1,NaN,NaN,NaN,NaN,NaN,25,5,5,14.92,14.85,12.89,12.74
16:40:51,DECR,13.58,13.32,15.54,13.58,248,514,1.44,8984.93,504,1427,2,0.1,NaN,NaN,NaN,NaN,NaN,25,5,5,14.92,14.85,12.89,12.74
16:40:52,DECR,13.58,13.32,15.54,13.58,242,514,2.09,8987.02,504,1428,2,0.1,NaN,NaN,NaN,NaN,NaN,25,5,5,14.92,14.85,12.89,12.74
16:40:53,DECR,13.58,13.32,15.54,13.58,237,515,0.4,8987.43,504,1429,2,0.1,NaN,NaN,NaN,NaN,NaN,25,5,5,14.92,14.85,12.89,12.74
16:40:54,DECR,13.58,13.32,15.56,13.58,225,519,1.38,8988.8,504,1430,2,0.1,NaN,NaN,NaN,NaN,NaN,25,5,5,14.92,14.85,12.89,12.74
16:40:55,DECR,13.58,13.32,15.58,13.58,220,517,0.52,8989.32,504,1431,2,0.1,NaN,NaN,NaN,NaN,NaN,25,5,5,14.92,14.85,12.89,12.74
16:40:56,DECR,13.59,13.32,15.61,13.59,230,533,1.28,8990.61,504,1432,2,0.1,NaN,NaN,NaN,NaN,NaN,25,5,5,14.92,14.85,12.89,12.74
16:40:57,DECR,13.59,13.32,15.63,13.59,222,519,2.32,8992.93,504,1433,2,0.1,NaN,NaN,NaN,NaN,NaN,25,5,5,14.92,14.85,12.89,12.74
16:40:58,DECR,13.59,13.32,15.63,13.59,217,501,1.57,8994.49,504,1434,2,0.1,NaN,NaN,NaN,NaN,NaN,25,5,5,14.92,14.85,12.89,12.74
16:40:59,DECR,13.59,13.32,15.63,13.59,219,501,0.49,8994.99,504,1435,2,0.1,NaN,NaN,NaN,NaN,NaN,25,5,5,14.92,14.85,12.89,12.74
16:41:00,DECR,13.59,13.32,15.63,13.59,213,493,0.57,8995.56,504,1436,2,0.1,NaN,NaN,NaN,NaN,NaN,25,5,5,14.92,14.85,12.89,12.74
16:41:01,DECR,13.58,13.32,15.64,13.58,210,484,1.05,8996.61,504,1437,2,0.1,NaN,NaN,NaN,NaN,NaN,25,5,5,14.92,14.85,12.89,12.74
16:41:02,DECR,13.58,13.32,15.64,13.58,208,481,0.43,8997.04,504,1438,2,0.1,NaN,NaN,NaN,NaN,NaN,25,5,5,14.92,14.85,12.89,12.74
16:41:03,DECR,13.59,13.32,15.63,13.59,198,471,1.17,8998.21,504,1439,2,0.1,NaN,NaN,NaN,NaN,NaN,25,5,5,14.92,14.85,12.89,12.74
16:41:04,DECR,13.59,13.32,15.64,13.59,193,480,0.95,8999.16,504,1440,2,0.1,NaN,NaN,NaN,NaN,NaN,25,5,5,14.92,14.85,12.89,12.74
16:41:05,DECR,13.59,13.33,15.64,13.59,197,478,2.05,9001.21,504,1441,2,0.1,NaN,NaN,NaN,NaN,NaN,25,5,5,14.92,14.85,12.89,12.74
16:41:06,DECR,13.59,13.33,15.65,13.59,216,492,1.92,9003.13,504,1442,2,0.1,NaN,NaN,NaN,NaN,NaN,25,5,5,14.92,14.85,12.89,12.74
16:41:07,DECR,13.59,13.33,15.65,13.59,227,502,1.21,9004.34,504,1443,2,0.1,NaN,NaN,NaN,NaN,NaN,25,5,5,14.92,14.85,12.89,12.74
16:41:08,DECR,13.59,13.33,15.65,13.59,234,501,0.4,9004.74,504,1444,2,0.1,NaN,NaN,NaN,NaN,NaN,25,5,5,14.92,14.85,12.89,12.74
16:41:09,DECR,13.59,13.33,15.65,13.59,240,497,0.21,9004.95,504,1445,2,0.1,NaN,NaN,NaN,NaN,NaN,25,5,5,14.92,14.85,12.89,12.74
16:41:10,DECR,13.59,13.33,15.66,13.59,243,486,0.94,9005.89,504,1446,2,0.1,NaN,NaN,NaN,NaN,NaN,25,5,5,14.92,14.85,12.89,12.74
16:41:11,DECR,13.59,13.33,15.68,13.59,243,481,0.4,9006.29,504,1447,2,0.1,NaN,NaN,NaN,NaN,NaN,25,5,5,14.92,14.85,12.89,12.74
16:41:12,DECR,13.59,13.33,15.7,13.59,230,494,1.64,9007.93,504,1448,2,0.1,NaN,NaN,NaN,NaN,NaN,25,5,5,14.92,14.85,12.89,12.74
16:41:13,DECR,13.59,13.33,15.73,13.59,216,494,1.13,9009.06,504,1449,2,0.1,NaN,NaN,NaN,NaN,NaN,25,5,5,14.92,14.85,12.89,12.74
16:41:14,DECR,13.59,13.33,15.74,13.59,204,490,1.01,9010.07,504,1450,2,0.1,NaN,NaN,NaN,NaN,NaN,25,5,5,14.92,14.85,12.89,12.74
16:41:15,DECR,13.59,13.33,15.74,13.59,196,494,0.61,9010.68,504,1451,2,0.1,NaN,NaN,NaN,NaN,NaN,25,5,5,14.92,14.85,12.89,12.74
16:41:16,DECR,13.59,13.33,15.74,13.59,186,477,1.66,9012.35,504,1452,2,0.1,NaN,NaN,NaN,NaN,NaN,25,5,5,14.92,14.85,12.89,12.74
16:41:17,DECR,13.58,13.33,15.74,13.58,176,442,2.88,9015.23,504,1453,2,0.1,NaN,NaN,NaN,NaN,NaN,25,5,5,14.92,14.85,12.89,12.74
16:41:18,DECR,13.59,13.33,15.74,13.59,171,405,3,9018.23,504,1454,2,0.1,NaN,NaN,NaN,NaN,NaN,25,5,5,14.92,14.85,12.89,12.74
16:41:19,DECR,13.59,13.33,15.75,13.59,178,364,3.44,9021.67,504,1455,2,0.1,NaN,NaN,NaN,NaN,NaN,25,5,5,14.92,14.85,12.89,12.74
16:41:20,DECR,13.59,13.33,15.75,13.59,197,329,3.25,9024.92,504,1456,2,0.1,NaN,NaN,NaN,NaN,NaN,25,5,5,14.92,14.85,12.89,12.74
16:41:21,DECR,13.59,13.33,15.75,13.59,467,354,25.27,9050.19,504,1457,2,0.1,NaN,NaN,NaN,NaN,NaN,25,5,5,14.92,14.85,12.89,12.74
16:41:22,DECR,13.58,13.33,15.75,13.58,342,474,13.16,9063.36,504,1458,2,0.1,NaN,NaN,NaN,NaN,NaN,25,5,5,14.92,14.85,12.89,12.74
16:41:23,DECR,13.59,13.33,15.76,13.59,190,498,12.75,9076.11,504,1459,2,0.1,NaN,NaN,NaN,NaN,NaN,25,5,5,14.92,14.85,12.89,12.74
16:41:24,DECR,13.59,13.33,15.76,13.59,179,315,15.08,9091.19,504,1460,2,0.1,NaN,NaN,NaN,NaN,NaN,25,5,5,14.92,14.85,12.89,12.74
16:41:25,DECR,13.58,13.33,15.75,13.58,216,290,3.6,9094.79,504,1461,2,0.1,NaN,NaN,NaN,NaN,NaN,25,5,5,14.92,14.85,12.89,12.74
16:41:27,DECR,13.58,13.33,15.75,13.58,231,277,1.64,9096.43,504,1462,2,0.1,NaN,NaN,NaN,NaN,NaN,25,5,5,14.92,14.85,12.89,12.74
16:41:28,DECR,13.58,13.33,15.76,13.58,283,259,2.59,9099.02,504,1463,2,0.1,NaN,NaN,NaN,NaN,NaN,25,5,5,14.92,14.85,12.89,12.74
16:41:29,DECR,13.58,13.33,15.76,13.58,320,263,2.99,9102.01,504,1464,2,0.1,NaN,NaN,NaN,NaN,NaN,25,5,5,14.92,14.85,12.89,12.74
16:41:30,DECR,13.59,13.33,15.75,13.59,355,286,2.86,9104.87,504,1465,2,0.1,NaN,NaN,NaN,NaN,NaN,25,5,5,14.92,14.85,12.89,12.74
16:41:31,DECR,13.59,13.33,15.75,13.59,388,318,3.7,9108.57,504,1466,2,0.1,NaN,NaN,NaN,NaN,NaN,25,5,5,14.92,14.85,12.89,12.74
16:41:32,DECR,13.59,13.33,15.75,13.59,416,332,2.7,9111.27,504,1467,2,0.1,NaN,NaN,NaN,NaN,NaN,25,5,5,14.92,14.85,12.89,12.74
16:41:33,DECR,13.58,13.33,15.75,13.58,422,337,0.81,9112.09,504,1468,2,0.1,NaN,NaN,NaN,NaN,NaN,25,5,5,14.92,14.85,12.89,12.74
16:41:34,DECR,13.58,13.33,15.75,13.58,423,343,0.18,9112.27,504,1469,2,0.1,NaN,NaN,NaN,NaN,NaN,25,5,5,14.92,14.85,12.89,12.74
16:41:35,DECR,13.59,13.33,15.74,13.59,422,343,0.23,9112.5,504,1470,2,0.1,NaN,NaN,NaN,NaN,NaN,25,5,5,14.92,14.85,12.89,12.74
16:41:36,DECR,13.59,13.33,15.74,13.59,417,344,0.55,9113.05,504,1471,2,0.1,NaN,NaN,NaN,NaN,NaN,25,5,5,14.92,14.85,12.89,12.74
16:41:37,DECR,13.59,13.33,15.74,13.59,421,344,0.22,9113.27,504,1472,2,0.1,NaN,NaN,NaN,NaN,NaN,25,5,5,14.92,14.85,12.89,12.74
16:41:38,DECR,13.58,13.33,15.7,13.58,414,343,0.19,9113.46,504,1473,2,0.1,NaN,NaN,NaN,NaN,NaN,25,5,5,14.92,14.85,12.89,12.74
16:41:39,DECR,13.59,13.33,15.67,13.59,412,339,0.33,9113.79,504,1474,2,0.1,NaN,NaN,NaN,NaN,NaN,25,5,5,14.92,14.85,12.89,12.74
16:41:40,DECR,13.59,13.33,15.65,13.59,393,332,1.67,9115.46,504,1475,2,0.1,NaN,NaN,NaN,NaN,NaN,25,5,5,14.92,14.85,12.89,12.74
16:41:41,DECR,13.59,13.33,15.64,13.59,383,336,1.1,9116.55,504,1476,2,0.1,NaN,NaN,NaN,NaN,NaN,25,5,5,14.92,14.85,12.89,12.74
16:41:42,DECR,13.59,13.33,15.64,13.59,382,340,0.29,9116.84,504,1477,2,0.1,NaN,NaN,NaN,NaN,NaN,25,5,5,14.92,14.85,12.89,12.74
16:41:43,DECR,13.59,13.33,15.63,13.59,369,343,0.68,9117.52,504,1478,2,0.1,NaN,NaN,NaN,NaN,NaN,25,5,5,14.92,14.85,12.89,12.74
16:41:44,DECR,13.58,13.33,15.6,13.58,354,339,1.35,9118.87,504,1479,2,0.1,NaN,NaN,NaN,NaN,NaN,25,5,5,14.92,14.85,12.89,12.74
16:41:45,DECR,13.58,13.33,15.57,13.58,327,352,2.66,9121.54,504,1480,2,0.1,NaN,NaN,NaN,NaN,NaN,25,5,5,14.92,14.85,12.89,12.74
16:41:46,DECR,13.58,13.33,15.54,13.58,329,358,1.1,9122.63,504,1481,2,0.1,NaN,NaN,NaN,NaN,NaN,25,5,5,14.92,14.85,12.89,12.74
16:41:47,DECR,13.59,13.33,15.51,13.59,328,338,1.9,9124.53,504,1482,2,0.1,NaN,NaN,NaN,NaN,NaN,25,5,5,14.92,14.85,12.89,12.74
16:41:48,DECR,13.59,13.33,15.49,13.59,311,314,2.45,9126.99,504,1483,2,0.1,NaN,NaN,NaN,NaN,NaN,25,5,5,14.92,14.85,12.89,12.74
16:41:49,DECR,13.58,13.33,15.47,13.58,272,306,3.4,9130.38,504,1484,2,0.1,NaN,NaN,NaN,NaN,NaN,25,5,5,14.92,14.85,12.89,12.74
16:41:50,DECR,13.58,13.33,15.47,13.58,246,315,2.27,9132.66,504,1485,2,0.1,NaN,NaN,NaN,NaN,NaN,25,5,5,14.92,14.85,12.89,12.74
16:41:51,DECR,13.58,13.33,15.47,13.58,217,336,2.94,9135.59,504,1486,2,0.1,NaN,NaN,NaN,NaN,NaN,25,5,5,14.92,14.85,12.89,12.74
16:41:52,DECR,13.58,13.33,15.47,13.58,199,358,2.29,9137.89,504,1487,2,0.1,NaN,NaN,NaN,NaN,NaN,25,5,5,14.92,14.85,12.89,12.74
16:41:53,DECR,13.57,13.33,15.46,13.57,189,378,1.79,9139.68,504,1488,2,0.1,NaN,NaN,NaN,NaN,NaN,25,5,5,14.92,14.85,12.89,12.74
16:41:54,DECR,13.58,13.33,15.45,13.58,183,395,1.42,9141.1,504,1489,2,0.1,NaN,NaN,NaN,NaN,NaN,25,5,5,14.92,14.85,12.89,12.74
16:41:55,DECR,13.58,13.33,15.41,13.58,185,412,1.16,9142.26,504,1490,2,0.1,NaN,NaN,NaN,NaN,NaN,25,5,5,14.92,14.85,12.89,12.74
16:41:56,DECR,13.57,13.33,15.37,13.57,183,425,1.02,9143.28,504,1491,2,0.1,NaN,NaN,NaN,NaN,NaN,25,5,5,14.92,14.85,12.89,12.74
16:41:57,DECR,13.57,13.33,15.33,13.57,189,445,1.58,9144.86,504,1492,2,0.1,NaN,NaN,NaN,NaN,NaN,25,5,5,14.92,14.85,12.89,12.74
16:41:58,DECR,13.57,13.33,15.34,13.57,194,463,1.46,9146.32,504,1493,2,0.1,NaN,NaN,NaN,NaN,NaN,25,5,5,14.92,14.85,12.89,12.74
16:41:59,DECR,13.57,13.33,15.34,13.57,213,491,2.75,9149.08,504,1494,2,0.1,NaN,NaN,NaN,NaN,NaN,25,5,5,14.92,14.85,12.89,12.74
16:42:00,DECR,13.57,13.33,15.33,13.57,231,505,1.85,9150.92,504,1495,2,0.1,NaN,NaN,NaN,NaN,NaN,25,5,5,14.92,14.85,12.89,12.74
16:42:01,DECR,13.57,13.33,15.33,13.57,238,509,0.74,9151.66,504,1496,2,0.1,NaN,NaN,NaN,NaN,NaN,25,5,5,14.92,14.85,12.89,12.74
16:42:02,DECR,13.54,13.33,15.33,13.54,241,510,0.5,9152.16,504,1497,2,0.1,NaN,NaN,NaN,NaN,NaN,25,5,5,14.92,14.85,12.89,12.74
16:42:03,DECR,13.52,13.33,15.33,13.52,238,508,0.42,9152.58,504,1498,2,0.1,NaN,NaN,NaN,NaN,NaN,25,5,5,14.92,14.85,12.89,12.74
16:42:04,DECR,13.49,13.33,15.33,13.49,244,514,0.62,9153.19,504,1499,2,0.1,NaN,NaN,NaN,NaN,NaN,25,5,5,14.92,14.85,12.89,12.74
16:42:05,DECR,13.48,13.33,15.33,13.48,262,522,1.52,9154.72,504,1500,2,0.1,NaN,NaN,NaN,NaN,NaN,25,5,5,14.92,14.85,12.89,12.74
16:42:06,DECR,13.48,13.33,15.33,13.48,286,524,2.16,9156.88,504,1501,2,0.1,NaN,NaN,NaN,NaN,NaN,25,5,5,14.92,14.85,12.89,12.74
16:42:07,DECR,13.48,13.33,15.33,13.48,303,514,2.31,9159.19,504,1502,2,0.1,NaN,NaN,NaN,NaN,NaN,25,5,5,14.92,14.85,12.89,12.74
16:42:08,DECR,13.49,13.33,15.33,13.49,316,501,1.91,9161.1,504,1503,2,0.1,NaN,NaN,NaN,NaN,NaN,25,5,5,14.92,14.85,12.89,12.74
16:42:09,DECR,13.49,13.33,15.34,13.49,325,501,0.63,9161.73,504,1504,2,0.1,NaN,NaN,NaN,NaN,NaN,25,5,5,14.92,14.85,12.89,12.74
16:42:10,DECR,13.49,13.33,15.34,13.49,339,502,0.66,9162.39,504,1505,2,0.1,NaN,NaN,NaN,NaN,NaN,25,5,5,14.92,14.85,12.89,12.74
16:42:11,DECR,13.49,13.33,15.34,13.49,341,505,0.41,9162.8,504,1506,2,0.1,NaN,NaN,NaN,NaN,NaN,25,5,5,14.92,14.85,12.89,12.74
16:42:12,DECR,13.49,13.33,15.34,13.49,267,514,6.29,9169.08,504,1507,2,0.1,NaN,NaN,NaN,NaN,NaN,25,5,5,14.92,14.85,12.89,12.74
16:42:13,DECR,13.48,13.33,15.34,13.48,421,346,41.27,9210.36,504,1508,2,0.1,NaN,NaN,NaN,NaN,NaN,25,5,5,14.92,14.85,12.89,12.74
16:42:14,DECR,13.48,13.33,15.34,13.48,279,511,26.73,9237.09,504,1509,2,0.1,NaN,NaN,NaN,NaN,NaN,25,5,5,14.92,14.85,12.89,12.74
16:42:15,DECR,13.48,13.33,15.34,13.48,201,324,20.55,9257.64,504,1510,2,0.1,NaN,NaN,NaN,NaN,NaN,25,5,5,14.92,14.85,12.89,12.74
16:42:16,DECR,13.48,13.33,15.34,13.48,367,295,17.54,9275.19,504,1511,2,0.1,NaN,NaN,NaN,NaN,NaN,25,5,5,14.92,14.85,12.89,12.74
16:42:17,DECR,13.48,13.33,15.34,13.48,290,335,33.03,9308.21,504,1512,2,0.1,NaN,NaN,NaN,NaN,NaN,25,5,5,14.92,14.85,12.89,12.74
16:42:18,DECR,13.48,13.33,15.35,13.48,194,313,14.62,9322.83,504,1513,2,0.1,NaN,NaN,NaN,NaN,NaN,25,5,5,14.92,14.85,12.89,12.74
16:42:19,DECR,13.49,13.33,15.35,13.49,388,306,19.53,9342.36,504,1514,2,0.1,NaN,NaN,NaN,NaN,NaN,25,5,5,14.92,14.85,12.89,12.74
16:42:20,DECR,13.48,13.33,15.36,13.48,461,387,11.12,9353.49,504,1515,2,0.1,NaN,NaN,NaN,NaN,NaN,25,5,5,14.92,14.85,12.89,12.74
16:42:21,DECR,13.48,13.33,15.36,13.48,441,352,3.36,9356.85,504,1516,2,0.1,NaN,NaN,NaN,NaN,NaN,25,5,5,14.92,14.85,12.89,12.74
16:42:22,DECR,13.48,13.33,15.35,13.48,423,320,3.09,9359.94,504,1517,2,0.1,NaN,NaN,NaN,NaN,NaN,25,5,5,14.92,14.85,12.89,12.74
16:42:23,DECR,13.48,13.33,15.35,13.48,391,300,3.14,9363.08,504,1518,2,0.1,NaN,NaN,NaN,NaN,NaN,25,5,5,14.92,14.85,12.89,12.74
16:42:24,DECR,13.48,13.33,15.35,13.48,368,296,1.43,9364.51,504,1519,2,0.1,NaN,NaN,NaN,NaN,NaN,25,5,5,14.92,14.85,12.89,12.74
16:42:25,DECR,13.48,13.33,15.35,13.48,372,333,3.08,9367.59,504,1520,2,0.1,NaN,NaN,NaN,NaN,NaN,25,5,5,14.92,14.85,12.89,12.74
16:42:26,DECR,13.48,13.33,15.35,13.48,398,366,3.62,9371.21,504,1521,2,0.1,NaN,NaN,NaN,NaN,NaN,25,5,5,14.92,14.85,12.89,12.74
16:42:27,DECR,13.48,13.33,15.35,13.48,416,358,1.66,9372.87,504,1522,2,0.1,NaN,NaN,NaN,NaN,NaN,25,5,5,14.92,14.85,12.89,12.74
16:42:28,DECR,13.48,13.33,15.35,13.48,424,350,1.2,9374.07,504,1523,2,0.1,NaN,NaN,NaN,NaN,NaN,25,5,5,14.92,14.85,12.89,12.74
16:42:29,DECR,13.49,13.33,15.35,13.49,427,349,0.43,9374.49,504,1524,2,0.1,NaN,NaN,NaN,NaN,NaN,25,5,5,14.92,14.85,12.89,12.74
16:42:31,DECR,13.49,13.33,15.36,13.49,438,360,1.29,9375.78,504,1525,2,0.1,NaN,NaN,NaN,NaN,NaN,25,5,5,14.92,14.85,12.89,12.74
16:42:32,DECR,13.49,13.33,15.36,13.49,451,371,1.14,9376.92,504,1526,2,0.1,NaN,NaN,NaN,NaN,NaN,25,5,5,14.92,14.85,12.89,12.74
16:42:33,DECR,13.49,13.33,15.36,13.49,448,372,0.35,9377.27,504,1527,2,0.1,NaN,NaN,NaN,NaN,NaN,25,5,5,14.92,14.85,12.89,12.74
16:42:34,DECR,13.5,13.33,15.36,13.5,460,354,1.56,9378.83,504,1528,2,0.1,NaN,NaN,NaN,NaN,NaN,25,5,5,14.92,14.85,12.89,12.74
16:42:35,DECR,13.49,13.33,15.36,13.49,435,336,2.59,9381.42,504,1529,2,0.1,NaN,NaN,NaN,NaN,NaN,25,5,5,14.92,14.85,12.89,12.74
16:42:36,DECR,13.49,13.33,15.37,13.49,430,356,1.71,9383.13,504,1530,2,0.1,NaN,NaN,NaN,NaN,NaN,25,5,5,14.92,14.85,12.89,12.74
16:42:37,DECR,13.5,13.33,15.37,13.5,422,353,0.7,9383.83,504,1531,2,0.1,NaN,NaN,NaN,NaN,NaN,25,5,5,14.92,14.85,12.89,12.74
16:42:38,DECR,13.5,13.33,15.38,13.5,423,345,0.81,9384.64,504,1532,2,0.1,NaN,NaN,NaN,NaN,NaN,25,5,5,14.92,14.85,12.89,12.74
16:42:39,DECR,13.52,13.33,15.38,13.52,422,337,0.84,9385.49,504,1533,2,0.1,NaN,NaN,NaN,NaN,NaN,25,5,5,14.92,14.85,12.89,12.74
16:42:40,DECR,13.54,13.33,15.38,13.54,409,335,0.88,9386.37,504,1534,2,0.1,NaN,NaN,NaN,NaN,NaN,25,5,5,14.92,14.85,12.89,12.74
16:42:41,DECR,13.57,13.33,15.38,13.57,411,345,0.84,9387.21,504,1535,2,0.1,NaN,NaN,NaN,NaN,NaN,25,5,5,14.92,14.85,12.89,12.74
16:42:42,DECR,13.58,13.33,15.39,13.58,403,351,0.79,9388,504,1536,2,0.1,NaN,NaN,NaN,NaN,NaN,25,5,5,14.92,14.85,12.89,12.74
16:42:43,DECR,13.57,13.33,15.39,13.57,406,350,0.51,9388.51,504,1537,2,0.1,NaN,NaN,NaN,NaN,NaN,25,5,5,14.92,14.85,12.89,12.74
16:42:44,DECR,13.57,13.33,15.39,13.57,397,368,1.57,9390.08,504,1538,2,0.1,NaN,NaN,NaN,NaN,NaN,25,5,5,14.92,14.85,12.89,12.74
16:42:45,DECR,13.57,13.33,15.39,13.57,456,483,10.69,9400.78,504,1539,2,0.1,NaN,NaN,NaN,NaN,NaN,25,5,5,14.92,14.85,12.89,12.74
16:42:46,DECR,13.57,13.33,15.4,13.57,346,514,9.4,9410.18,504,1540,2,0.1,NaN,NaN,NaN,NaN,NaN,25,5,5,14.92,14.85,12.89,12.74
16:42:47,DECR,13.58,13.33,15.42,13.58,292,527,4.52,9414.7,504,1541,2,0.1,NaN,NaN,NaN,NaN,NaN,25,5,5,14.92,14.85,12.89,12.74
16:42:48,DECR,13.58,13.33,15.45,13.58,233,508,5.13,9419.83,504,1542,2,0.1,NaN,NaN,NaN,NaN,NaN,25,5,5,14.92,14.85,12.89,12.74
16:42:49,DECR,13.58,13.33,15.47,13.58,179,333,16.81,9436.64,504,1543,2,0.1,NaN,NaN,NaN,NaN,NaN,25,5,5,14.92,14.85,12.89,12.74
16:42:50,DECR,13.58,13.33,15.47,13.58,297,286,9.7,9446.34,504,1544,2,0.1,NaN,NaN,NaN,NaN,NaN,25,5,5,14.92,14.85,12.89,12.74
16:42:51,DECR,13.58,13.33,15.47,13.58,348,299,4.69,9451.03,504,1545,2,0.1,NaN,NaN,NaN,NaN,NaN,25,5,5,14.92,14.85,12.89,12.74
16:42:52,DECR,13.58,13.33,15.48,13.58,379,332,3.68,9454.71,504,1546,2,0.1,NaN,NaN,NaN,NaN,NaN,25,5,5,14.92,14.85,12.89,12.74
16:42:53,DECR,13.57,13.33,15.48,13.57,406,345,2.44,9457.14,504,1547,2,0.1,NaN,NaN,NaN,NaN,NaN,25,5,5,14.92,14.85,12.89,12.74
16:42:54,DECR,13.57,13.33,15.5,13.57,438,343,2.64,9459.78,504,1548,2,0.1,NaN,NaN,NaN,NaN,NaN,25,5,5,14.92,14.85,12.89,12.74
16:42:55,DECR,13.57,13.33,15.52,13.57,448,340,1.3,9461.08,504,1549,2,0.1,NaN,NaN,NaN,NaN,NaN,25,5,5,14.92,14.85,12.89,12.74
16:42:56,DECR,13.57,13.34,15.55,13.57,443,348,0.76,9461.84,504,1550,2,0.1,NaN,NaN,NaN,NaN,NaN,25,5,5,14.92,14.85,12.89,12.74
16:42:57,DECR,13.57,13.34,15.56,13.57,447,351,0.65,9462.49,504,1551,2,0.1,NaN,NaN,NaN,NaN,NaN,25,5,5,14.92,14.85,12.89,12.74
16:42:58,DECR,13.57,13.34,15.56,13.57,448,348,0.58,9463.07,504,1552,2,0.1,NaN,NaN,NaN,NaN,NaN,25,5,5,14.92,14.85,12.89,12.74
16:42:59,DECR,13.57,13.34,15.57,13.57,445,355,0.86,9463.93,504,1553,2,0.1,NaN,NaN,NaN,NaN,NaN,25,5,5,14.92,14.85,12.89,12.74
16:43:00,DECR,13.57,13.34,15.59,13.57,417,361,2.39,9466.32,504,1554,2,0.1,NaN,NaN,NaN,NaN,NaN,25,5,5,14.92,14.85,12.89,12.74
16:43:01,DECR,13.57,13.34,15.61,13.57,404,373,1.42,9467.73,504,1555,2,0.1,NaN,NaN,NaN,NaN,NaN,25,5,5,14.92,14.85,12.89,12.74
16:43:02,DECR,13.57,13.34,15.64,13.57,398,373,0.4,9468.13,504,1556,2,0.1,NaN,NaN,NaN,NaN,NaN,25,5,5,14.92,14.85,12.89,12.74
16:43:03,DECR,13.57,13.34,15.65,13.57,407,374,0.72,9468.85,504,1557,2,0.1,NaN,NaN,NaN,NaN,NaN,25,5,5,14.92,14.85,12.89,12.74
16:43:04,DECR,13.56,13.34,15.65,13.56,426,372,1.65,9470.5,504,1558,2,0.1,NaN,NaN,NaN,NaN,NaN,25,5,5,14.92,14.85,12.89,12.74
16:43:05,DECR,13.56,13.34,15.65,13.56,443,365,1.18,9471.68,504,1559,2,0.1,NaN,NaN,NaN,NaN,NaN,25,5,5,14.92,14.85,12.89,12.74
16:43:06,DECR,13.56,13.34,15.66,13.56,446,350,1.38,9473.06,504,1560,2,0.1,NaN,NaN,NaN,NaN,NaN,25,5,5,14.92,14.85,12.89,12.74
16:43:07,DECR,13.55,13.34,15.66,13.55,438,343,0.92,9473.98,504,1561,2,0.1,NaN,NaN,NaN,NaN,NaN,25,5,5,14.92,14.85,12.89,12.74
16:43:08,DECR,13.55,13.34,15.67,13.55,442,344,0.46,9474.44,504,1562,2,0.1,NaN,NaN,NaN,NaN,NaN,25,5,5,14.92,14.85,12.89,12.74
16:43:09,DECR,13.55,13.34,15.67,13.55,439,343,0.09,9474.53,504,1563,2,0.1,NaN,NaN,NaN,NaN,NaN,25,5,5,14.92,14.85,12.89,12.74
16:43:10,DECR,13.54,13.34,15.69,13.54,443,348,0.44,9474.97,504,1564,2,0.1,NaN,NaN,NaN,NaN,NaN,25,5,5,14.92,14.85,12.89,12.74
16:43:11,DECR,13.54,13.34,15.71,13.54,441,340,0.71,9475.68,504,1565,2,0.1,NaN,NaN,NaN,NaN,NaN,25,5,5,14.92,14.85,12.89,12.74
16:43:12,DECR,13.53,13.34,15.74,13.53,439,336,0.38,9476.06,504,1566,2,0.1,NaN,NaN,NaN,NaN,NaN,25,5,5,14.92,14.85,12.89,12.74
16:43:13,DECR,13.53,13.34,15.74,13.53,421,317,2.46,9478.52,504,1567,2,0.1,NaN,NaN,NaN,NaN,NaN,25,5,5,14.92,14.85,12.89,12.74
16:43:14,DECR,13.53,13.34,15.75,13.53,402,327,1.82,9480.34,504,1568,2,0.1,NaN,NaN,NaN,NaN,NaN,25,5,5,14.92,14.85,12.89,12.74
16:43:15,DECR,13.54,13.34,15.76,13.54,406,341,1.08,9481.42,504,1569,2,0.1,NaN,NaN,NaN,NaN,NaN,25,5,5,14.92,14.85,12.89,12.74
16:43:16,DECR,13.54,13.34,15.76,13.54,412,349,0.9,9482.33,504,1570,2,0.1,NaN,NaN,NaN,NaN,NaN,25,5,5,14.92,14.85,12.89,12.74
16:43:17,DECR,13.54,13.34,15.77,13.54,425,352,1.04,9483.37,504,1571,2,0.1,NaN,NaN,NaN,NaN,NaN,25,5,5,14.92,14.85,12.89,12.74
16:43:18,DECR,13.53,13.34,15.77,13.53,424,349,0.31,9483.68,504,1572,2,0.1,NaN,NaN,NaN,NaN,NaN,25,5,5,14.92,14.85,12.89,12.74
16:43:19,DECR,13.53,13.34,15.77,13.53,432,355,0.75,9484.43,504,1573,2,0.1,NaN,NaN,NaN,NaN,NaN,25,5,5,14.92,14.85,12.89,12.74
16:43:20,DECR,13.53,13.34,15.78,13.53,429,352,0.41,9484.84,504,1574,2,0.1,NaN,NaN,NaN,NaN,NaN,25,5,5,14.92,14.85,12.89,12.74
16:43:21,DECR,13.53,13.34,15.78,13.53,430,349,0.1,9484.95,504,1575,2,0.1,NaN,NaN,NaN,NaN,NaN,25,5,5,14.92,14.85,12.89,12.74
16:43:22,DECR,13.53,13.34,15.78,13.53,420,336,1.09,9486.04,504,1576,2,0.1,NaN,NaN,NaN,NaN,NaN,25,5,5,14.92,14.85,12.89,12.74
16:43:23,DECR,13.53,13.34,15.78,13.53,413,340,0.81,9486.85,504,1577,2,0.1,NaN,NaN,NaN,NaN,NaN,25,5,5,14.92,14.85,12.89,12.74
16:43:24,DECR,13.53,13.34,15.79,13.53,413,340,0.09,9486.93,504,1578,2,0.1,NaN,NaN,NaN,NaN,NaN,25,5,5,14.92,14.85,12.89,12.74
16:43:26,DECR,13.53,13.34,15.79,13.53,405,342,0.46,9487.39,504,1579,2,0.1,NaN,NaN,NaN,NaN,NaN,25,5,5,14.92,14.85,12.89,12.74
16:43:27,DECR,13.53,13.34,15.79,13.53,412,345,0.35,9487.75,504,1580,2,0.1,NaN,NaN,NaN,NaN,NaN,25,5,5,14.92,14.85,12.89,12.74
16:43:28,DECR,13.53,13.34,15.79,13.53,412,347,0.16,9487.9,504,1581,2,0.1,NaN,NaN,NaN,NaN,NaN,25,5,5,14.92,14.85,12.89,12.74
16:43:29,DECR,13.52,13.34,15.79,13.52,423,344,0.81,9488.71,504,1582,2,0.1,NaN,NaN,NaN,NaN,NaN,25,5,5,14.92,14.85,12.89,12.74
16:43:30,DECR,13.52,13.34,15.79,13.52,416,331,1.27,9489.98,504,1583,2,0.1,NaN,NaN,NaN,NaN,NaN,25,5,5,14.92,14.85,12.89,12.74
16:43:31,DECR,13.52,13.34,15.79,13.52,408,329,0.59,9490.57,504,1584,2,0.1,NaN,NaN,NaN,NaN,NaN,25,5,5,14.92,14.85,12.89,12.74
16:43:32,DECR,13.51,13.34,15.79,13.51,396,323,1.02,9491.59,504,1585,2,0.1,NaN,NaN,NaN,NaN,NaN,25,5,5,14.92,14.85,12.89,12.74
16:43:33,DECR,13.51,13.34,15.79,13.51,379,321,1.4,9492.99,504,1586,2,0.1,NaN,NaN,NaN,NaN,NaN,25,5,5,14.92,14.85,12.89,12.74
16:43:34,DECR,13.51,13.34,15.79,13.51,360,329,1.6,9494.6,504,1587,2,0.1,NaN,NaN,NaN,NaN,NaN,25,5,5,14.92,14.85,12.89,12.74
16:43:35,DECR,13.51,13.34,15.79,13.51,336,359,3.28,9497.88,504,1588,2,0.1,NaN,NaN,NaN,NaN,NaN,25,5,5,14.92,14.85,12.89,12.74
16:43:36,DECR,13.51,13.34,15.78,13.51,348,386,2.99,9500.86,504,1589,2,0.1,NaN,NaN,NaN,NaN,NaN,25,5,5,14.92,14.85,12.89,12.74
16:43:37,DECR,13.51,13.34,15.78,13.51,357,371,1.58,9502.44,504,1590,2,0.1,NaN,NaN,NaN,NaN,NaN,25,5,5,14.92,14.85,12.89,12.74
16:43:38,DECR,13.51,13.34,15.78,13.51,371,366,0.76,9503.2,504,1591,2,0.1,NaN,NaN,NaN,NaN,NaN,25,5,5,14.92,14.85,12.89,12.74
16:43:39,DECR,13.5,13.34,15.77,13.5,390,367,1.56,9504.76,504,1592,2,0.1,NaN,NaN,NaN,NaN,NaN,25,5,5,14.92,14.85,12.89,12.74
16:43:40,DECR,13.51,13.34,15.76,13.51,419,364,2.5,9507.26,504,1593,2,0.1,NaN,NaN,NaN,NaN,NaN,25,5,5,14.92,14.85,12.89,12.74
16:43:41,DECR,13.51,13.34,15.71,13.51,423,350,1.31,9508.57,504,1594,2,0.1,NaN,NaN,NaN,NaN,NaN,25,5,5,14.92,14.85,12.89,12.74
16:43:42,DECR,13.51,13.34,15.67,13.51,419,343,0.42,9508.99,504,1595,2,0.1,NaN,NaN,NaN,NaN,NaN,25,5,5,14.92,14.85,12.89,12.74
16:43:43,DECR,13.5,13.34,15.64,13.5,414,336,0.82,9509.81,504,1596,2,0.1,NaN,NaN,NaN,NaN,NaN,25,5,5,14.92,14.85,12.89,12.74
16:43:44,DECR,13.5,13.34,15.63,13.5,400,335,1.19,9511,504,1597,2,0.1,NaN,NaN,NaN,NaN,NaN,25,5,5,14.92,14.85,12.89,12.74
16:43:45,DECR,13.5,13.34,15.63,13.5,400,341,0.33,9511.33,504,1598,2,0.1,NaN,NaN,NaN,NaN,NaN,25,5,5,14.92,14.85,12.89,12.74
16:43:46,DECR,13.5,13.34,15.6,13.5,402,350,0.72,9512.05,504,1599,2,0.1,NaN,NaN,NaN,NaN,NaN,25,5,5,14.92,14.85,12.89,12.74
16:43:47,DECR,13.5,13.34,15.57,13.5,416,346,1.13,9513.18,504,1600,2,0.1,NaN,NaN,NaN,NaN,NaN,25,5,5,14.92,14.85,12.89,12.74
16:43:48,DECR,13.5,13.34,15.54,13.5,414,336,0.66,9513.84,504,1601,2,0.1,NaN,NaN,NaN,NaN,NaN,25,5,5,14.92,14.85,12.89,12.74
16:43:49,DECR,13.5,13.34,15.54,13.5,417,343,0.4,9514.24,504,1602,2,0.1,NaN,NaN,NaN,NaN,NaN,25,5,5,14.92,14.85,12.89,12.74
16:43:50,DECR,13.5,13.34,15.54,13.5,419,350,0.54,9514.78,504,1603,2,0.1,NaN,NaN,NaN,NaN,NaN,25,5,5,14.92,14.85,12.89,12.74
16:43:51,DECR,13.5,13.34,15.52,13.5,427,353,0.7,9515.49,504,1604,2,0.1,NaN,NaN,NaN,NaN,NaN,25,5,5,14.92,14.85,12.89,12.74
16:43:52,DECR,13.49,13.34,15.48,13.49,431,347,0.58,9516.06,504,1605,2,0.1,NaN,NaN,NaN,NaN,NaN,25,5,5,14.92,14.85,12.89,12.74
16:43:53,DECR,13.49,13.34,15.45,13.49,431,351,0.63,9516.69,504,1606,2,0.1,NaN,NaN,NaN,NaN,NaN,25,5,5,14.92,14.85,12.89,12.74
16:43:54,DECR,13.49,13.34,15.43,13.49,441,349,0.82,9517.5,504,1607,2,0.1,NaN,NaN,NaN,NaN,NaN,25,5,5,14.92,14.85,12.89,12.74
16:43:55,DECR,13.49,13.34,15.41,13.49,441,345,0.38,9517.88,504,1608,2,0.1,NaN,NaN,NaN,NaN,NaN,25,5,5,14.92,14.85,12.89,12.74
16:43:56,DECR,13.49,13.34,15.39,13.49,443,349,0.28,9518.16,504,1609,2,0.1,NaN,NaN,NaN,NaN,NaN,25,5,5,14.92,14.85,12.89,12.74
16:43:57,DECR,13.49,13.34,15.36,13.49,431,341,1.18,9519.35,504,1610,2,0.1,NaN,NaN,NaN,NaN,NaN,25,5,5,14.92,14.85,12.89,12.74
16:43:58,DECR,13.48,13.34,15.35,13.48,426,340,0.86,9520.21,504,1611,2,0.1,NaN,NaN,NaN,NaN,NaN,25,5,5,14.92,14.85,12.89,12.74
16:43:59,DECR,13.49,13.34,15.32,13.49,426,338,0.46,9520.67,504,1612,2,0.1,NaN,NaN,NaN,NaN,NaN,25,5,5,14.92,14.85,12.89,12.74
16:44:00,DECR,13.49,13.34,15.3,13.49,424,344,0.61,9521.28,504,1613,2,0.1,NaN,NaN,NaN,NaN,NaN,25,5,5,14.92,14.85,12.89,12.74
16:44:01,DECR,13.49,13.34,15.28,13.49,427,344,0.33,9521.61,504,1614,2,0.1,NaN,NaN,NaN,NaN,NaN,25,5,5,14.92,14.85,12.89,12.74
16:44:02,DECR,13.48,13.34,15.28,13.48,417,342,0.73,9522.34,504,1615,2,0.1,NaN,NaN,NaN,NaN,NaN,25,5,5,14.92,14.85,12.89,12.74
16:44:03,DECR,13.48,13.34,15.28,13.48,413,338,0.5,9522.84,504,1616,2,0.1,NaN,NaN,NaN,NaN,NaN,25,5,5,14.92,14.85,12.89,12.74
16:44:04,DECR,13.48,13.34,15.28,13.48,397,335,1.37,9524.21,504,1617,2,0.1,NaN,NaN,NaN,NaN,NaN,25,5,5,14.92,14.85,12.89,12.74
16:44:05,DECR,13.48,13.34,15.27,13.48,396,342,0.91,9525.12,504,1618,2,0.1,NaN,NaN,NaN,NaN,NaN,25,5,5,14.92,14.85,12.89,12.74
16:44:06,DECR,13.48,13.34,15.27,13.48,367,388,5.88,9531,504,1619,2,0.1,NaN,NaN,NaN,NaN,NaN,25,5,5,14.92,14.85,12.89,12.74
16:44:07,DECR,13.48,13.34,15.27,13.48,422,381,4.55,9535.55,504,1620,2,0.1,NaN,NaN,NaN,NaN,NaN,25,5,5,14.92,14.85,12.89,12.74
16:44:08,DECR,13.48,13.34,15.27,13.48,423,351,2.49,9538.04,504,1621,2,0.1,NaN,NaN,NaN,NaN,NaN,25,5,5,14.92,14.85,12.89,12.74
16:44:09,DECR,13.47,13.34,15.27,13.47,428,343,0.94,9538.98,504,1622,2,0.1,NaN,NaN,NaN,NaN,NaN,25,5,5,14.92,14.85,12.89,12.74
16:44:10,DECR,13.47,13.34,15.26,13.47,423,332,1.06,9540.04,504,1623,2,0.1,NaN,NaN,NaN,NaN,NaN,25,5,5,14.92,14.85,12.89,12.74
16:44:11,DECR,13.47,13.34,15.26,13.47,402,331,1.53,9541.57,504,1624,2,0.1,NaN,NaN,NaN,NaN,NaN,25,5,5,14.92,14.85,12.89,12.74
16:44:12,DECR,13.47,13.34,15.26,13.47,402,334,0.43,9542,504,1625,2,0.1,NaN,NaN,NaN,NaN,NaN,25,5,5,14.92,14.85,12.89,12.74
16:44:13,DECR,13.47,13.34,15.26,13.47,403,336,0.14,9542.14,504,1626,2,0.1,NaN,NaN,NaN,NaN,NaN,25,5,5,14.92,14.85,12.89,12.74
16:44:15,DECR,13.47,13.34,15.27,13.47,414,345,0.97,9543.11,504,1627,2,0.1,NaN,NaN,NaN,NaN,NaN,25,5,5,14.92,14.85,12.89,12.74
16:44:16,DECR,13.47,13.34,15.26,13.47,419,351,0.35,9543.46,504,1628,2,0.1,NaN,NaN,NaN,NaN,NaN,25,5,5,14.92,14.85,12.89,12.74
16:44:17,DECR,13.47,13.34,15.26,13.47,433,354,1.22,9544.68,504,1629,2,0.1,NaN,NaN,NaN,NaN,NaN,25,5,5,14.92,14.85,12.89,12.74
16:44:18,DECR,13.47,13.34,15.26,13.47,441,350,1.09,9545.77,504,1630,2,0.1,NaN,NaN,NaN,NaN,NaN,25,5,5,14.92,14.85,12.89,12.74
16:44:19,DECR,13.47,13.34,15.26,13.47,435,351,0.36,9546.13,504,1631,2,0.1,NaN,NaN,NaN,NaN,NaN,25,5,5,14.92,14.85,12.89,12.74
16:44:20,DECR,13.47,13.34,15.26,13.47,432,354,0.57,9546.69,504,1632,2,0.1,NaN,NaN,NaN,NaN,NaN,25,5,5,14.92,14.85,12.89,12.74
16:44:21,DECR,13.46,13.34,15.26,13.46,424,358,0.7,9547.39,504,1633,2,0.1,NaN,NaN,NaN,NaN,NaN,25,5,5,14.92,14.85,12.89,12.74
16:44:22,DECR,13.46,13.34,15.25,13.46,439,356,1.12,9548.51,504,1634,2,0.1,NaN,NaN,NaN,NaN,NaN,25,5,5,14.92,14.85,12.89,12.74
16:44:23,DECR,13.45,13.34,15.25,13.45,443,360,0.43,9548.94,504,1635,2,0.1,NaN,NaN,NaN,NaN,NaN,25,5,5,14.92,14.85,12.89,12.74
16:44:24,DECR,13.46,13.35,15.26,13.46,458,357,1.45,9550.39,504,1636,2,0.1,NaN,NaN,NaN,NaN,NaN,25,5,5,14.92,14.85,12.89,12.74
16:44:25,DECR,13.45,13.35,15.26,13.45,435,376,3.52,9553.91,504,1637,2,0.1,NaN,NaN,NaN,NaN,NaN,25,5,5,14.92,14.85,12.89,12.74
16:44:26,DECR,13.46,13.35,15.26,13.46,462,370,3.76,9557.67,504,1638,2,0.1,NaN,NaN,NaN,NaN,NaN,25,5,5,14.92,14.85,12.89,12.74
16:44:27,DECR,13.46,13.35,15.26,13.46,453,344,2.51,9560.18,504,1639,2,0.1,NaN,NaN,NaN,NaN,NaN,25,5,5,14.92,14.85,12.89,12.74
16:44:28,DECR,13.45,13.35,15.26,13.45,442,364,2.65,9562.83,504,1640,2,0.1,NaN,NaN,NaN,NaN,NaN,25,5,5,14.92,14.85,12.89,12.74
16:44:29,DECR,13.45,13.35,15.26,13.45,450,357,1.45,9564.28,504,1641,2,0.1,NaN,NaN,NaN,NaN,NaN,25,5,5,14.92,14.85,12.89,12.74
16:44:30,DECR,13.45,13.35,15.26,13.45,437,346,1.48,9565.76,504,1642,2,0.1,NaN,NaN,NaN,NaN,NaN,25,5,5,14.92,14.85,12.89,12.74
16:44:31,DECR,13.45,13.35,15.27,13.45,435,342,0.21,9565.97,504,1643,2,0.1,NaN,NaN,NaN,NaN,NaN,25,5,5,14.92,14.85,12.89,12.74
16:44:32,DECR,13.45,13.35,15.29,13.45,418,336,1.57,9567.54,504,1644,2,0.1,NaN,NaN,NaN,NaN,NaN,25,5,5,14.92,14.85,12.89,12.74
16:44:33,DECR,13.45,13.35,15.3,13.45,421,335,0.5,9568.04,504,1645,2,0.1,NaN,NaN,NaN,NaN,NaN,25,5,5,14.92,14.85,12.89,12.74
16:44:34,DECR,13.45,13.35,15.32,13.45,423,338,0.42,9568.46,504,1646,2,0.1,NaN,NaN,NaN,NaN,NaN,25,5,5,14.92,14.85,12.89,12.74
16:44:35,DECR,13.45,13.35,15.33,13.45,418,335,0.35,9568.81,504,1647,2,0.1,NaN,NaN,NaN,NaN,NaN,25,5,5,14.92,14.85,12.89,12.74
16:44:36,DECR,13.45,13.35,15.32,13.45,400,332,1.42,9570.23,504,1648,2,0.1,NaN,NaN,NaN,NaN,NaN,25,5,5,14.92,14.85,12.89,12.74
16:44:37,DECR,13.45,13.35,15.32,13.45,392,340,0.91,9571.14,504,1649,2,0.1,NaN,NaN,NaN,NaN,NaN,25,5,5,14.92,14.85,12.89,12.74
16:44:38,DECR,13.45,13.35,15.32,13.45,399,346,0.6,9571.74,504,1650,2,0.1,NaN,NaN,NaN,NaN,NaN,25,5,5,14.92,14.85,12.89,12.74
16:44:39,DECR,13.45,13.35,15.32,13.45,400,349,0.25,9572,504,1651,2,0.1,NaN,NaN,NaN,NaN,NaN,25,5,5,14.92,14.85,12.89,12.74
16:44:40,DECR,13.45,13.35,15.32,13.45,414,357,1.29,9573.29,504,1652,2,0.1,NaN,NaN,NaN,NaN,NaN,25,5,5,14.92,14.85,12.89,12.74
16:44:41,DECR,13.44,13.35,15.33,13.44,409,361,0.2,9573.49,504,1653,2,0.1,NaN,NaN,NaN,NaN,NaN,25,5,5,14.92,14.85,12.89,12.74
16:44:42,DECR,13.44,13.35,15.33,13.44,409,371,0.79,9574.28,504,1654,2,0.1,NaN,NaN,NaN,NaN,NaN,25,5,5,14.92,14.85,12.89,12.74
16:44:43,DECR,13.44,13.35,15.33,13.44,392,385,1.69,9575.97,504,1655,2,0.1,NaN,NaN,NaN,NaN,NaN,25,5,5,14.92,14.85,12.89,12.74
16:44:44,DECR,13.44,13.35,15.34,13.44,393,378,0.68,9576.65,504,1656,2,0.1,NaN,NaN,NaN,NaN,NaN,25,5,5,14.92,14.85,12.89,12.74
16:44:45,DECR,13.44,13.35,15.34,13.44,370,377,1.77,9578.42,504,1657,2,0.1,NaN,NaN,NaN,NaN,NaN,25,5,5,14.92,14.85,12.89,12.74
16:44:46,DECR,13.44,13.35,15.35,13.44,382,398,2.66,9581.08,504,1658,2,0.1,NaN,NaN,NaN,NaN,NaN,25,5,5,14.92,14.85,12.89,12.74
16:44:47,DECR,13.44,13.35,15.35,13.44,406,390,2.27,9583.35,504,1659,2,0.1,NaN,NaN,NaN,NaN,NaN,25,5,5,14.92,14.85,12.89,12.74
16:44:48,DECR,13.43,13.35,15.35,13.43,444,387,3.35,9586.7,504,1660,2,0.1,NaN,NaN,NaN,NaN,NaN,25,5,5,14.92,14.85,12.89,12.74
16:44:49,DECR,13.43,13.35,15.36,13.43,458,354,3.27,9589.98,504,1661,2,0.1,NaN,NaN,NaN,NaN,NaN,25,5,5,14.92,14.85,12.89,12.74
16:44:50,DECR,13.43,13.35,15.36,13.43,442,339,2.2,9592.17,504,1662,2,0.1,NaN,NaN,NaN,NaN,NaN,25,5,5,14.92,14.85,12.89,12.74
16:44:51,DECR,13.44,13.35,15.36,13.44,441,339,0.34,9592.51,504,1663,2,0.1,NaN,NaN,NaN,NaN,NaN,25,5,5,14.92,14.85,12.89,12.74
16:44:52,DECR,13.43,13.36,15.36,13.43,435,343,0.72,9593.24,504,1664,2,0.1,NaN,NaN,NaN,NaN,NaN,25,5,5,14.92,14.85,12.89,12.74
16:44:53,DECR,13.43,13.36,15.37,13.43,438,346,0.25,9593.49,504,1665,2,0.1,NaN,NaN,NaN,NaN,NaN,25,5,5,14.92,14.85,12.89,12.74
16:44:54,DECR,13.43,13.36,15.37,13.43,433,340,0.41,9593.9,504,1666,2,0.1,NaN,NaN,NaN,NaN,NaN,25,5,5,14.92,14.85,12.89,12.74
16:44:55,DECR,13.43,13.36,15.38,13.43,419,335,1.24,9595.14,504,1667,2,0.1,NaN,NaN,NaN,NaN,NaN,25,5,5,14.92,14.85,12.89,12.74
16:44:56,DECR,13.43,13.36,15.38,13.43,415,334,0.32,9595.46,504,1668,2,0.1,NaN,NaN,NaN,NaN,NaN,25,5,5,14.92,14.85,12.89,12.74
16:44:57,DECR,13.43,13.36,15.38,13.43,410,344,1.63,9597.09,504,1669,2,0.1,NaN,NaN,NaN,NaN,NaN,25,5,5,14.92,14.85,12.89,12.74
16:44:58,DECR,13.43,13.36,15.39,13.43,483,391,7.36,9604.45,504,1670,2,0.1,NaN,NaN,NaN,NaN,NaN,25,5,5,14.92,14.85,12.89,12.74
16:44:59,DECR,13.43,13.36,15.39,13.43,283,396,19.37,9623.82,504,1671,2,0.1,NaN,NaN,NaN,NaN,NaN,25,5,5,14.92,14.85,12.89,12.74
16:45:00,DECR,13.43,13.36,15.39,13.43,197,432,8.65,9632.47,504,1672,2,0.1,NaN,NaN,NaN,NaN,NaN,25,5,5,14.92,14.85,12.89,12.74
16:45:01,DECR,13.43,13.36,15.39,13.43,421,351,20.59,9653.06,504,1673,2,0.1,NaN,NaN,NaN,NaN,NaN,25,5,5,14.92,14.85,12.89,12.74
16:45:03,DECR,13.43,13.36,15.41,13.43,178,322,27.29,9680.35,504,1674,2,0.1,NaN,NaN,NaN,NaN,NaN,25,5,5,14.92,14.85,12.89,12.74
16:45:04,DECR,13.43,13.36,15.43,13.43,285,523,21.84,9702.19,504,1675,2,0.1,NaN,NaN,NaN,NaN,NaN,25,5,5,14.92,14.85,12.89,12.74
16:45:05,DECR,13.43,13.36,15.45,13.43,265,297,29.37,9731.56,504,1676,2,0.1,NaN,NaN,NaN,NaN,NaN,25,5,5,14.92,14.85,12.89,12.74
16:45:06,DECR,13.43,13.36,15.47,13.43,213,520,23.35,9754.91,504,1677,2,0.1,NaN,NaN,NaN,NaN,NaN,25,5,5,14.92,14.85,12.89,12.74
16:45:07,DECR,13.43,13.36,15.47,13.43,471,393,29.69,9784.6,504,1678,2,0.1,NaN,NaN,NaN,NaN,NaN,25,5,5,14.92,14.85,12.89,12.74
16:45:08,DECR,13.43,13.36,15.48,13.43,233,314,22.86,9807.45,504,1679,2,0.1,NaN,NaN,NaN,NaN,NaN,25,5,5,14.92,14.85,12.89,12.74
16:45:09,DECR,13.43,13.36,15.49,13.43,184,377,6.9,9814.36,504,1680,2,0.1,NaN,NaN,NaN,NaN,NaN,25,5,5,14.92,14.85,12.89,12.74
16:45:10,DECR,13.43,13.36,15.49,13.43,185,370,1.13,9815.49,504,1681,2,0.1,NaN,NaN,NaN,NaN,NaN,25,5,5,14.92,14.85,12.89,12.74
16:45:11,DECR,13.43,13.36,15.49,13.43,189,382,1.11,9816.6,504,1682,2,0.1,NaN,NaN,NaN,NaN,NaN,25,5,5,14.92,14.85,12.89,12.74
16:45:12,DECR,13.43,13.36,15.5,13.43,187,394,1.34,9817.94,504,1683,2,0.1,NaN,NaN,NaN,NaN,NaN,25,5,5,14.92,14.85,12.89,12.74
16:45:13,DECR,13.43,13.36,15.5,13.43,186,421,1.89,9819.83,504,1684,2,0.1,NaN,NaN,NaN,NaN,NaN,25,5,5,14.92,14.85,12.89,12.74
16:45:14,DECR,13.43,13.36,15.5,13.43,199,460,2.8,9822.63,504,1685,2,0.1,NaN,NaN,NaN,NaN,NaN,25,5,5,14.92,14.85,12.89,12.74
16:45:15,DECR,13.43,13.36,15.51,13.43,209,488,2.4,9825.03,504,1686,2,0.1,NaN,NaN,NaN,NaN,NaN,25,5,5,14.92,14.85,12.89,12.74
16:45:16,DECR,13.43,13.36,15.51,13.43,225,509,2.02,9827.05,504,1687,2,0.1,NaN,NaN,NaN,NaN,NaN,25,5,5,14.92,14.85,12.89,12.74
16:45:17,DECR,13.42,13.36,15.51,13.42,256,529,2.8,9829.85,504,1688,2,0.1,NaN,NaN,NaN,NaN,NaN,25,5,5,14.92,14.85,12.89,12.74
16:45:18,DECR,13.43,13.36,15.51,13.43,269,525,1.83,9831.68,504,1689,2,0.1,NaN,NaN,NaN,NaN,NaN,25,5,5,14.92,14.85,12.89,12.74
16:45:19,DECR,13.42,13.36,15.51,13.42,264,516,1.32,9833,504,1690,2,0.1,NaN,NaN,NaN,NaN,NaN,25,5,5,14.92,14.85,12.89,12.74
16:45:20,DECR,13.43,13.36,15.51,13.43,243,501,2.13,9835.13,504,1691,2,0.1,NaN,NaN,NaN,NaN,NaN,25,5,5,14.92,14.85,12.89,12.74
16:45:21,DECR,13.42,13.36,15.52,13.42,225,494,1.66,9836.79,504,1692,2,0.1,NaN,NaN,NaN,NaN,NaN,25,5,5,14.92,14.85,12.89,12.74
16:45:22,DECR,13.43,13.36,15.52,13.43,212,487,1.07,9837.86,504,1693,2,0.1,NaN,NaN,NaN,NaN,NaN,25,5,5,14.92,14.85,12.89,12.74
16:45:23,DECR,13.43,13.36,15.53,13.43,206,483,0.64,9838.51,504,1694,2,0.1,NaN,NaN,NaN,NaN,NaN,25,5,5,14.92,14.85,12.89,12.74
16:45:24,DECR,13.43,13.36,15.53,13.43,200,477,0.63,9839.14,504,1695,2,0.1,NaN,NaN,NaN,NaN,NaN,25,5,5,14.92,14.85,12.89,12.74
16:45:25,DECR,13.43,13.36,15.53,13.43,198,472,0.52,9839.65,504,1696,2,0.1,NaN,NaN,NaN,NaN,NaN,25,5,5,14.92,14.85,12.89,12.74
16:45:26,DECR,13.42,13.36,15.53,13.42,192,463,0.86,9840.51,504,1697,2,0.1,NaN,NaN,NaN,NaN,NaN,25,5,5,14.92,14.85,12.89,12.74
16:45:27,DECR,13.42,13.36,15.54,13.42,186,456,0.74,9841.26,504,1698,2,0.1,NaN,NaN,NaN,NaN,NaN,25,5,5,14.92,14.85,12.89,12.74
16:45:28,DECR,13.43,13.36,15.54,13.43,186,458,0.3,9841.56,504,1699,2,0.1,NaN,NaN,NaN,NaN,NaN,25,5,5,14.92,14.85,12.89,12.74
16:45:29,DECR,13.43,13.36,15.55,13.43,183,454,0.6,9842.16,504,1700,2,0.1,NaN,NaN,NaN,NaN,NaN,25,5,5,14.92,14.85,12.89,12.74
16:45:30,DECR,13.43,13.36,15.55,13.43,183,449,0.64,9842.8,504,1701,2,0.1,NaN,NaN,NaN,NaN,NaN,25,5,5,14.92,14.85,12.89,12.74
16:45:31,DECR,13.43,13.36,15.56,13.43,182,428,1.75,9844.55,504,1702,2,0.1,NaN,NaN,NaN,NaN,NaN,25,5,5,14.92,14.85,12.89,12.74
16:45:32,DECR,13.43,13.37,15.56,13.43,173,414,1.37,9845.92,504,1703,2,0.1,NaN,NaN,NaN,NaN,NaN,25,5,5,14.92,14.85,12.89,12.74
16:45:33,DECR,13.44,13.37,15.56,13.44,169,410,0.81,9846.73,504,1704,2,0.1,NaN,NaN,NaN,NaN,NaN,25,5,5,14.92,14.85,12.89,12.74
16:45:34,DECR,13.44,13.37,15.56,13.44,176,375,2.8,9849.53,504,1705,2,0.1,NaN,NaN,NaN,NaN,NaN,25,5,5,14.92,14.85,12.89,12.74
16:45:35,DECR,13.44,13.37,15.57,13.44,181,358,1.19,9850.72,504,1706,2,0.1,NaN,NaN,NaN,NaN,NaN,25,5,5,14.92,14.85,12.89,12.74
16:45:36,DECR,13.44,13.37,15.57,13.44,234,288,7.26,9857.98,504,1707,2,0.1,NaN,NaN,NaN,NaN,NaN,25,5,5,14.92,14.85,12.89,12.74
16:45:37,DECR,13.45,13.37,15.57,13.45,400,352,15.68,9873.67,504,1708,2,0.1,NaN,NaN,NaN,NaN,NaN,25,5,5,14.92,14.85,12.89,12.74
16:45:38,DECR,13.45,13.37,15.57,13.45,458,375,5.55,9879.22,504,1709,2,0.1,NaN,NaN,NaN,NaN,NaN,25,5,5,14.92,14.85,12.89,12.74
16:45:39,DECR,13.44,13.37,15.57,13.44,465,347,1.23,9880.45,504,1710,2,0.1,NaN,NaN,NaN,NaN,NaN,25,5,5,14.92,14.85,12.89,12.74
16:45:40,DECR,13.45,13.37,15.57,13.45,443,332,2.1,9882.55,504,1711,2,0.1,NaN,NaN,NaN,NaN,NaN,25,5,5,14.92,14.85,12.89,12.74
16:45:41,DECR,13.45,13.37,15.58,13.45,447,348,1.43,9883.97,504,1712,2,0.1,NaN,NaN,NaN,NaN,NaN,25,5,5,14.92,14.85,12.89,12.74
16:45:42,DECR,13.46,13.37,15.58,13.46,445,350,0.25,9884.22,504,1713,2,0.1,NaN,NaN,NaN,NaN,NaN,25,5,5,14.92,14.85,12.89,12.74
16:45:43,DECR,13.46,13.37,15.58,13.46,450,350,0.58,9884.8,504,1714,2,0.1,NaN,NaN,NaN,NaN,NaN,25,5,5,14.92,14.85,12.89,12.74
16:45:44,DECR,13.46,13.37,15.58,13.46,443,341,0.89,9885.69,504,1715,2,0.1,NaN,NaN,NaN,NaN,NaN,25,5,5,14.92,14.85,12.89,12.74
16:45:45,DECR,13.45,13.37,15.57,13.45,436,341,0.56,9886.25,504,1716,2,0.1,NaN,NaN,NaN,NaN,NaN,25,5,5,14.92,14.85,12.89,12.74
16:45:46,DECR,13.46,13.37,15.58,13.46,426,332,1.02,9887.27,504,1717,2,0.1,NaN,NaN,NaN,NaN,NaN,25,5,5,14.92,14.85,12.89,12.74
16:45:48,DECR,13.46,13.37,15.58,13.46,417,333,0.66,9887.93,504,1718,2,0.1,NaN,NaN,NaN,NaN,NaN,25,5,5,14.92,14.85,12.89,12.74
16:45:49,DECR,13.46,13.37,15.57,13.46,411,332,0.37,9888.3,504,1719,2,0.1,NaN,NaN,NaN,NaN,NaN,25,5,5,14.92,14.85,12.89,12.74
16:45:50,DECR,13.46,13.37,15.57,13.46,400,332,0.98,9889.28,504,1720,2,0.1,NaN,NaN,NaN,NaN,NaN,25,5,5,14.92,14.85,12.89,12.74
16:45:51,DECR,13.46,13.37,15.57,13.46,403,335,0.26,9889.54,504,1721,2,0.1,NaN,NaN,NaN,NaN,NaN,25,5,5,14.92,14.85,12.89,12.74
16:45:52,DECR,13.46,13.38,15.57,13.46,402,336,0.12,9889.66,504,1722,2,0.1,NaN,NaN,NaN,NaN,NaN,25,5,5,14.92,14.85,12.89,12.74
16:45:53,DECR,13.46,13.38,15.56,13.46,403,340,0.37,9890.03,504,1723,2,0.1,NaN,NaN,NaN,NaN,NaN,25,5,5,14.92,14.85,12.89,12.74
16:45:54,DECR,13.46,13.38,15.56,13.46,404,346,0.33,9890.36,504,1724,2,0.1,NaN,NaN,NaN,NaN,NaN,25,5,5,14.92,14.85,12.89,12.74
16:45:55,DECR,13.46,13.38,15.55,13.46,414,345,0.79,9891.15,504,1725,2,0.1,NaN,NaN,NaN,NaN,NaN,25,5,5,14.92,14.85,12.89,12.74
16:45:56,DECR,13.46,13.38,15.52,13.46,408,336,0.84,9891.99,504,1726,2,0.1,NaN,NaN,NaN,NaN,NaN,25,5,5,14.92,14.85,12.89,12.74
16:45:57,DECR,13.46,13.38,15.49,13.46,403,335,0.24,9892.23,504,1727,2,0.1,NaN,NaN,NaN,NaN,NaN,25,5,5,14.92,14.85,12.89,12.74
16:45:58,DECR,13.46,13.38,15.47,13.46,404,329,0.4,9892.63,504,1728,2,0.1,NaN,NaN,NaN,NaN,NaN,25,5,5,14.92,14.85,12.89,12.74
16:45:59,DECR,13.46,13.38,15.47,13.46,386,326,0.93,9893.56,504,1729,2,0.1,NaN,NaN,NaN,NaN,NaN,25,5,5,14.92,14.85,12.89,12.74
16:46:00,DECR,13.45,13.38,15.47,13.45,400,337,1.01,9894.57,504,1730,2,0.1,NaN,NaN,NaN,NaN,NaN,25,5,5,14.92,14.85,12.89,12.74
16:46:01,DECR,13.46,13.38,15.47,13.46,409,343,0.74,9895.32,504,1731,2,0.1,NaN,NaN,NaN,NaN,NaN,25,5,5,14.92,14.85,12.89,12.74
16:46:02,DECR,13.46,13.38,15.45,13.46,423,343,0.96,9896.28,504,1732,2,0.1,NaN,NaN,NaN,NaN,NaN,25,5,5,14.92,14.85,12.89,12.74
16:46:03,DECR,13.46,13.38,15.41,13.46,425,337,0.45,9896.73,504,1733,2,0.1,NaN,NaN,NaN,NaN,NaN,25,5,5,14.92,14.85,12.89,12.74
16:46:04,DECR,13.46,13.38,15.38,13.46,428,341,0.32,9897.05,504,1734,2,0.1,NaN,NaN,NaN,NaN,NaN,25,5,5,14.92,14.85,12.89,12.74
16:46:05,DECR,13.46,13.38,15.37,13.46,426,335,0.5,9897.54,504,1735,2,0.1,NaN,NaN,NaN,NaN,NaN,25,5,5,14.92,14.85,12.89,12.74
16:46:06,DECR,13.45,13.38,15.37,13.45,415,329,1.04,9898.58,504,1736,2,0.1,NaN,NaN,NaN,NaN,NaN,25,5,5,14.92,14.85,12.89,12.74
16:46:07,DECR,13.45,13.38,15.36,13.45,411,328,0.47,9899.05,504,1737,2,0.1,NaN,NaN,NaN,NaN,NaN,25,5,5,14.92,14.85,12.89,12.74
16:46:08,DECR,13.45,13.38,15.33,13.45,399,331,1.07,9900.13,504,1738,2,0.1,NaN,NaN,NaN,NaN,NaN,25,5,5,14.92,14.85,12.89,12.74
16:46:09,DECR,13.45,13.38,15.3,13.45,431,355,3.33,9903.46,504,1739,2,0.1,NaN,NaN,NaN,NaN,NaN,25,5,5,14.92,14.85,12.89,12.74
16:46:10,DECR,13.44,13.38,15.28,13.44,432,354,0,9903.46,504,1740,2,0.1,NaN,NaN,NaN,NaN,NaN,25,5,5,14.92,14.85,12.89,12.74
16:46:11,DECR,13.44,13.38,15.27,13.44,444,351,0.88,9904.34,504,1741,2,0.1,NaN,NaN,NaN,NaN,NaN,25,5,5,14.92,14.85,12.89,12.74
16:46:12,DECR,13.44,13.38,15.26,13.44,441,353,0.19,9904.53,504,1742,2,0.1,NaN,NaN,NaN,NaN,NaN,25,5,5,14.92,14.85,12.89,12.74
16:46:13,DECR,13.44,13.38,15.23,13.44,449,354,0.47,9904.99,504,1743,2,0.1,NaN,NaN,NaN,NaN,NaN,25,5,5,14.92,14.85,12.89,12.74
16:46:14,DECR,13.44,13.38,15.2,13.44,447,356,0.43,9905.42,504,1744,2,0.1,NaN,NaN,NaN,NaN,NaN,25,5,5,14.92,14.85,12.89,12.74
16:46:15,DECR,13.44,13.38,15.19,13.44,452,361,0.8,9906.22,504,1745,2,0.1,NaN,NaN,NaN,NaN,NaN,25,5,5,14.92,14.85,12.89,12.74
16:46:16,DECR,13.44,13.38,15.19,13.44,452,365,0.74,9906.96,504,1746,2,0.1,NaN,NaN,NaN,NaN,NaN,25,5,5,14.92,14.85,12.89,12.74
16:46:17,DECR,13.43,13.39,15.19,13.43,441,366,0.89,9907.85,504,1747,2,0.1,NaN,NaN,NaN,NaN,NaN,25,5,5,14.92,14.85,12.89,12.74
16:46:18,DECR,13.43,13.39,15.19,13.43,442,351,1.24,9909.09,504,1748,2,0.1,NaN,NaN,NaN,NaN,NaN,25,5,5,14.92,14.85,12.89,12.74
16:46:19,DECR,13.43,13.39,15.19,13.43,428,343,1.41,9910.5,504,1749,2,0.1,NaN,NaN,NaN,NaN,NaN,25,5,5,14.92,14.85,12.89,12.74
16:46:20,DECR,13.43,13.39,15.19,13.43,423,337,0.26,9910.76,504,1750,2,0.1,NaN,NaN,NaN,NaN,NaN,25,5,5,14.92,14.85,12.89,12.74
16:46:21,DECR,13.43,13.39,15.19,13.43,407,327,1.45,9912.21,504,1751,2,0.1,NaN,NaN,NaN,NaN,NaN,25,5,5,14.92,14.85,12.89,12.74
16:46:22,DECR,13.42,13.39,15.19,13.42,405,334,0.72,9912.93,504,1752,2,0.1,NaN,NaN,NaN,NaN,NaN,25,5,5,14.92,14.85,12.89,12.74
16:46:23,DECR,13.42,13.39,15.19,13.42,406,332,0.16,9913.1,504,1753,2,0.1,NaN,NaN,NaN,NaN,NaN,25,5,5,14.92,14.85,12.89,12.74
16:46:24,DECR,13.42,13.39,15.19,13.42,402,330,0.81,9913.9,504,1754,2,0.1,NaN,NaN,NaN,NaN,NaN,25,5,5,14.92,14.85,12.89,12.74
16:46:25,DECR,13.42,13.39,15.18,13.42,402,331,0.24,9914.15,504,1755,2,0.1,NaN,NaN,NaN,NaN,NaN,25,5,5,14.92,14.85,12.89,12.74
16:46:26,DECR,13.42,13.39,15.19,13.42,398,341,0.95,9915.1,504,1756,2,0.1,NaN,NaN,NaN,NaN,NaN,25,5,5,14.92,14.85,12.89,12.74
16:46:27,DECR,13.42,13.39,15.19,13.42,408,347,0.96,9916.07,504,1757,2,0.1,NaN,NaN,NaN,NaN,NaN,25,5,5,14.92,14.85,12.89,12.74
16:46:28,DECR,13.42,13.39,15.2,13.42,415,347,0.28,9916.34,504,1758,2,0.1,NaN,NaN,NaN,NaN,NaN,25,5,5,14.92,14.85,12.89,12.74
16:46:29,DECR,13.42,13.39,15.19,13.42,427,346,0.91,9917.25,504,1759,2,0.1,NaN,NaN,NaN,NaN,NaN,25,5,5,14.92,14.85,12.89,12.74
16:46:30,DECR,13.41,13.39,15.19,13.41,429,346,0.23,9917.48,504,1760,2,0.1,NaN,NaN,NaN,NaN,NaN,25,5,5,14.92,14.85,12.89,12.74
16:46:31,DECR,13.41,13.39,15.19,13.41,433,346,0.38,9917.86,504,1761,2,0.1,NaN,NaN,NaN,NaN,NaN,25,5,5,14.92,14.85,12.89,12.74
16:46:32,DECR,13.41,13.39,15.2,13.41,433,343,0.31,9918.17,504,1762,2,0.1,NaN,NaN,NaN,NaN,NaN,25,5,5,14.92,14.85,12.89,12.74
16:46:33,DECR,13.41,13.39,15.2,13.41,438,351,0.69,9918.86,504,1763,2,0.1,NaN,NaN,NaN,NaN,NaN,25,5,5,14.92,14.85,12.89,12.74
16:46:34,DECR,13.41,13.39,15.2,13.41,449,355,1.11,9919.97,504,1764,2,0.1,NaN,NaN,NaN,NaN,NaN,25,5,5,14.92,14.85,12.89,12.74
16:46:36,DECR,13.41,13.39,15.2,13.41,454,360,0.12,9920.09,504,1765,2,0.1,NaN,NaN,NaN,NaN,NaN,25,5,5,14.92,14.85,12.89,12.74
16:46:37,DECR,13.41,13.39,15.21,13.41,458,363,0.75,9920.84,504,1766,2,0.1,NaN,NaN,NaN,NaN,NaN,25,5,5,14.92,14.85,12.89,12.74
16:46:38,DECR,13.41,13.39,15.21,13.41,442,351,1.41,9922.25,504,1767,2,0.1,NaN,NaN,NaN,NaN,NaN,25,5,5,14.92,14.85,12.89,12.74
16:46:39,DECR,13.4,13.39,15.21,13.4,443,347,0.44,9922.69,504,1768,2,0.1,NaN,NaN,NaN,NaN,NaN,25,5,5,14.92,14.85,12.89,12.74
16:46:40,DECR,13.4,13.39,15.22,13.4,428,337,1.54,9924.23,504,1769,2,0.1,NaN,NaN,NaN,NaN,NaN,25,5,5,14.92,14.85,12.89,12.74
16:46:41,DECR,13.4,13.39,15.21,13.4,448,454,10.49,9934.73,504,1770,2,0.1,NaN,NaN,NaN,NaN,NaN,25,5,5,14.92,14.85,12.89,12.74
16:46:42,DECR,13.39,13.39,15.21,13.39,290,477,13.78,9948.51,504,1771,2,0.1,NaN,NaN,NaN,NaN,NaN,25,5,5,14.92,14.85,12.89,12.74
16:46:43,DECR,13.4,13.39,15.21,13.4,231,266,19.95,9968.45,504,1772,2,0.1,NaN,NaN,NaN,NaN,NaN,25,5,5,14.92,14.85,12.89,12.74
16:46:44,DECR,13.4,13.39,15.22,13.4,287,260,4.86,9973.32,504,1773,2,0.1,NaN,NaN,NaN,NaN,NaN,25,5,5,14.92,14.85,12.89,12.74
16:46:45,DECR,13.4,13.39,15.23,13.4,367,302,7.47,9980.79,504,1774,2,0.1,NaN,NaN,NaN,NaN,NaN,25,5,5,14.92,14.85,12.89,12.74
16:46:46,DECR,13.4,13.39,15.25,13.4,425,340,5.73,9986.52,504,1775,2,0.1,NaN,NaN,NaN,NaN,NaN,25,5,5,14.92,14.85,12.89,12.74
16:46:47,DECR,13.4,13.39,15.28,13.4,436,348,1,9987.52,504,1776,2,0.1,NaN,NaN,NaN,NaN,NaN,25,5,5,14.92,14.85,12.89,12.74
16:46:48,DECR,13.4,13.39,15.3,13.4,443,350,0.61,9988.12,504,1777,2,0.1,NaN,NaN,NaN,NaN,NaN,25,5,5,14.92,14.85,12.89,12.74
16:46:49,DECR,13.4,13.39,15.31,13.4,478,371,3.25,9991.37,504,1778,2,0.1,NaN,NaN,NaN,NaN,NaN,25,5,5,14.92,14.85,12.89,12.74
16:46:50,DECR,13.4,13.39,15.3,13.4,465,353,1.43,9992.79,504,1779,2,0.1,NaN,NaN,NaN,NaN,NaN,25,5,5,14.92,14.85,12.89,12.74
16:46:51,DECR,13.4,13.39,15.3,13.4,452,339,1.51,9994.31,504,1780,2,0.1,NaN,NaN,NaN,NaN,NaN,25,5,5,14.92,14.85,12.89,12.74
16:46:52,DECR,13.39,13.39,15.31,13.39,446,342,0.49,9994.8,504,1781,2,0.1,NaN,NaN,NaN,NaN,NaN,25,5,5,14.92,14.85,12.89,12.74
16:46:53,DECR,13.39,13.39,15.31,13.39,479,372,3.7,9998.5,504,1782,2,0.1,NaN,NaN,NaN,NaN,NaN,25,5,5,14.92,14.85,12.89,12.74
16:46:54,INCR,15.31,13.39,15.31,13.39,567,402,7.77,10006.27,505,1782,2,0.1,NaN,NaN,NaN,NaN,NaN,25,5,5,14.92,14.85,12.96,12.75
16:46:55,INCR,15.32,13.39,15.32,13.39,672,454,8.68,10014.95,506,1782,2,0.1,NaN,NaN,NaN,NaN,NaN,25,5,5,14.92,14.85,12.96,12.75
16:46:56,INCR,15.32,13.39,15.32,13.39,612,414,7.01,10021.96,507,1782,2,0.1,NaN,NaN,NaN,NaN,NaN,25,5,5,14.92,14.85,12.96,12.75
16:46:57,DECR,13.39,13.39,15.33,13.39,542,401,4.55,10026.51,507,1783,2,0.1,NaN,NaN,NaN,NaN,NaN,25,5,5,14.98,15.03,12.96,12.75
16:46:58,DECR,13.39,13.39,15.33,13.39,426,410,6.41,10032.92,507,1784,2,0.1,NaN,NaN,NaN,NaN,NaN,25,5,5,14.98,15.03,12.96,12.75
16:46:59,DECR,13.39,13.39,15.33,13.39,279,383,12.21,10045.13,507,1785,2,0.1,NaN,NaN,NaN,NaN,NaN,25,5,5,14.98,15.03,12.96,12.75
16:47:00,DECR,13.39,13.39,15.33,13.39,197,344,7.52,10052.65,507,1786,2,0.1,NaN,NaN,NaN,NaN,NaN,25,5,5,14.98,15.03,12.96,12.75
16:47:01,DECR,13.39,13.39,15.33,13.39,197,333,0.93,10053.58,507,1787,2,0.1,NaN,NaN,NaN,NaN,NaN,25,5,5,14.98,15.03,12.96,12.75
16:47:02,DECR,13.38,13.39,15.33,13.38,203,333,0.88,10054.45,507,1788,2,0.1,NaN,NaN,NaN,NaN,NaN,25,5,5,14.98,15.03,12.96,12.75
16:47:03,DECR,13.38,13.39,15.34,13.38,228,313,2.57,10057.03,507,1789,2,0.1,NaN,NaN,NaN,NaN,NaN,25,5,5,14.98,15.03,12.96,12.75
16:47:04,DECR,13.37,13.39,15.34,13.37,285,291,4.78,10061.81,507,1790,2,0.1,NaN,NaN,NaN,NaN,NaN,25,5,5,14.98,15.03,12.96,12.75
16:47:05,DECR,13.37,13.39,15.34,13.37,324,295,3.29,10065.09,507,1791,2,0.1,NaN,NaN,NaN,NaN,NaN,25,5,5,14.98,15.03,12.96,12.75
16:47:06,DECR,13.37,13.39,15.35,13.37,375,323,4.76,10069.85,507,1792,2,0.1,NaN,NaN,NaN,NaN,NaN,25,5,5,14.98,15.03,12.96,12.75
16:47:07,DECR,13.37,13.39,15.35,13.37,412,340,3.26,10073.11,507,1793,2,0.1,NaN,NaN,NaN,NaN,NaN,25,5,5,14.98,15.03,12.96,12.75
16:47:08,DECR,13.37,13.39,15.37,13.37,432,343,1.62,10074.73,507,1794,2,0.1,NaN,NaN,NaN,NaN,NaN,25,5,5,14.98,15.03,12.96,12.75
16:47:09,DECR,13.37,13.39,15.39,13.37,427,338,0.7,10075.43,507,1795,2,0.1,NaN,NaN,NaN,NaN,NaN,25,5,5,14.98,15.03,12.96,12.75
16:47:10,DECR,13.36,13.39,15.41,13.36,428,338,0.56,10075.99,507,1796,2,0.1,NaN,NaN,NaN,NaN,NaN,25,5,5,14.98,15.03,12.96,12.75
16:47:11,DECR,13.36,13.39,15.43,13.36,450,491,13.21,10089.2,507,1797,2,0.1,NaN,NaN,NaN,NaN,NaN,25,5,5,14.98,15.03,12.96,12.75
16:47:12,DECR,13.36,13.39,15.43,13.36,259,457,16.54,10105.74,507,1798,2,0.1,NaN,NaN,NaN,NaN,NaN,25,5,5,14.98,15.03,12.96,12.75
16:47:13,DECR,13.36,13.39,15.44,13.36,294,263,23.6,10129.34,507,1799,2,0.1,NaN,NaN,NaN,NaN,NaN,25,5,5,14.98,15.03,12.96,12.75
16:47:14,DECR,13.36,13.39,15.44,13.36,457,450,24.01,10153.35,507,1800,2,0.1,NaN,NaN,NaN,NaN,NaN,25,5,5,14.98,15.03,12.96,12.75
16:47:15,DECR,13.35,13.39,15.44,13.35,270,463,15.42,10168.77,507,1801,2,0.1,NaN,NaN,NaN,NaN,NaN,25,5,5,14.98,15.03,12.96,12.75
16:47:16,DECR,13.35,13.39,15.44,13.35,254,258,21.75,10190.52,507,1802,2,0.1,NaN,NaN,NaN,NaN,NaN,25,5,5,14.98,15.03,12.96,12.75
16:47:17,DECR,13.35,13.39,15.44,13.35,420,332,15.13,10205.65,507,1803,2,0.1,NaN,NaN,NaN,NaN,NaN,25,5,5,14.98,15.03,12.96,12.75
16:47:18,DECR,13.35,13.39,15.44,13.35,457,359,3.35,10209,507,1804,2,0.1,NaN,NaN,NaN,NaN,NaN,25,5,5,14.98,15.03,12.96,12.75
16:47:19,DECR,13.35,13.39,15.45,13.35,461,355,0.43,10209.43,507,1805,2,0.1,NaN,NaN,NaN,NaN,NaN,25,5,5,14.98,15.03,12.96,12.75
16:47:20,DECR,13.35,13.39,15.45,13.35,448,339,1.72,10211.15,507,1806,2,0.1,NaN,NaN,NaN,NaN,NaN,25,5,5,14.98,15.03,12.96,12.75
16:47:21,DECR,13.35,13.39,15.45,13.35,441,345,1.28,10212.43,507,1807,2,0.1,NaN,NaN,NaN,NaN,NaN,25,5,5,14.98,15.03,12.96,12.75
16:47:22,DECR,13.34,13.39,15.46,13.34,435,339,0.89,10213.32,507,1808,2,0.1,NaN,NaN,NaN,NaN,NaN,25,5,5,14.98,15.03,12.96,12.75
16:47:23,DECR,13.34,13.39,15.46,13.34,427,336,0.66,10213.98,507,1809,2,0.1,NaN,NaN,NaN,NaN,NaN,25,5,5,14.98,15.03,12.96,12.75
16:47:24,DECR,13.34,13.39,15.46,13.34,424,334,0.34,10214.31,507,1810,2,0.1,NaN,NaN,NaN,NaN,NaN,25,5,5,14.98,15.03,12.96,12.75
16:47:26,DECR,13.34,13.39,15.46,13.34,409,335,1.58,10215.9,507,1811,2,0.1,NaN,NaN,NaN,NaN,NaN,25,5,5,14.98,15.03,12.96,12.75
16:47:27,DECR,13.34,13.39,15.46,13.34,410,338,0.19,10216.09,507,1812,2,0.1,NaN,NaN,NaN,NaN,NaN,25,5,5,14.98,15.03,12.96,12.75
16:47:28,DECR,13.34,13.39,15.45,13.34,400,339,0.68,10216.77,507,1813,2,0.1,NaN,NaN,NaN,NaN,NaN,25,5,5,14.98,15.03,12.96,12.75
16:47:29,DECR,13.34,13.39,15.46,13.34,401,340,0.45,10217.22,507,1814,2,0.1,NaN,NaN,NaN,NaN,NaN,25,5,5,14.98,15.03,12.96,12.75
16:47:30,DECR,13.34,13.39,15.46,13.34,396,339,0.59,10217.8,507,1815,2,0.1,NaN,NaN,NaN,NaN,NaN,25,5,5,14.98,15.03,12.96,12.75
16:47:31,DECR,13.34,13.39,15.47,13.34,397,369,1.36,10219.16,507,1816,2,0.1,NaN,NaN,NaN,NaN,NaN,25,5,5,14.98,15.03,12.96,12.75
16:47:32,DECR,13.34,13.39,15.46,13.34,301,474,11.68,10230.84,507,1817,2,0.1,NaN,NaN,NaN,NaN,NaN,25,5,5,14.98,15.03,12.96,12.75
16:47:33,DECR,13.34,13.39,15.46,13.34,250,528,6.52,10237.37,507,1818,2,0.1,NaN,NaN,NaN,NaN,NaN,25,5,5,14.98,15.03,12.96,12.75
16:47:34,DECR,13.34,13.39,15.46,13.34,172,352,16.6,10253.97,507,1819,2,0.1,NaN,NaN,NaN,NaN,NaN,25,5,5,14.98,15.03,12.96,12.75
16:47:35,DECR,13.34,13.39,15.46,13.34,222,290,6.53,10260.5,507,1820,2,0.1,NaN,NaN,NaN,NaN,NaN,25,5,5,14.98,15.03,12.96,12.75
16:47:36,DECR,13.34,13.39,15.46,13.34,277,272,4.8,10265.3,507,1821,2,0.1,NaN,NaN,NaN,NaN,NaN,25,5,5,14.98,15.03,12.96,12.75
16:47:37,DECR,13.35,13.39,15.47,13.35,337,272,5.04,10270.33,507,1822,2,0.1,NaN,NaN,NaN,NaN,NaN,25,5,5,14.98,15.03,12.96,12.75
16:47:38,DECR,13.34,13.39,15.47,13.34,391,313,5.51,10275.85,507,1823,2,0.1,NaN,NaN,NaN,NaN,NaN,25,5,5,14.98,15.03,12.96,12.75
16:47:39,DECR,13.35,13.39,15.46,13.35,406,326,1.51,10277.35,507,1824,2,0.1,NaN,NaN,NaN,NaN,NaN,25,5,5,14.98,15.03,12.96,12.75
16:47:40,DECR,13.34,13.39,15.46,13.34,425,342,1.95,10279.3,507,1825,2,0.1,NaN,NaN,NaN,NaN,NaN,25,5,5,14.98,15.03,12.96,12.75
16:47:41,DECR,13.35,13.39,15.46,13.35,430,335,0.82,10280.12,507,1826,2,0.1,NaN,NaN,NaN,NaN,NaN,25,5,5,14.98,15.03,12.96,12.75
16:47:42,DECR,13.35,13.39,15.46,13.35,430,335,0,10280.12,507,1827,2,0.1,NaN,NaN,NaN,NaN,NaN,25,5,5,14.98,15.03,12.96,12.75
16:47:43,DECR,13.36,13.39,15.46,13.36,427,337,0.34,10280.47,507,1828,2,0.1,NaN,NaN,NaN,NaN,NaN,25,5,5,14.98,15.03,12.96,12.75
16:47:44,DECR,13.36,13.39,15.46,13.36,422,334,0.28,10280.75,507,1829,2,0.1,NaN,NaN,NaN,NaN,NaN,25,5,5,14.98,15.03,12.96,12.75
16:47:45,DECR,13.36,13.39,15.46,13.36,421,336,0,10280.75,507,1830,2,0.1,NaN,NaN,NaN,NaN,NaN,25,5,5,14.98,15.03,12.96,12.75
16:47:46,DECR,13.36,13.38,15.46,13.36,417,342,0.11,10280.85,507,1831,2,0.1,NaN,NaN,NaN,NaN,NaN,25,5,5,14.98,15.03,12.96,12.75
16:47:47,DECR,13.37,13.38,15.45,13.37,425,347,0.43,10281.29,507,1832,2,0.1,NaN,NaN,NaN,NaN,NaN,25,5,5,14.98,15.03,12.96,12.75
16:47:48,DECR,13.37,13.38,15.44,13.37,423,349,0,10281.29,507,1833,2,0.1,NaN,NaN,NaN,NaN,NaN,25,5,5,14.98,15.03,12.96,12.75
16:47:49,DECR,13.36,13.38,15.41,13.36,435,349,0.91,10282.2,507,1834,2,0.1,NaN,NaN,NaN,NaN,NaN,25,5,5,14.98,15.03,12.96,12.75
16:47:50,DECR,13.36,13.38,15.38,13.36,436,346,0.09,10282.28,507,1835,2,0.1,NaN,NaN,NaN,NaN,NaN,25,5,5,14.98,15.03,12.96,12.75
16:47:51,DECR,13.36,13.38,15.36,13.36,435,344,0.21,10282.49,507,1836,2,0.1,NaN,NaN,NaN,NaN,NaN,25,5,5,14.98,15.03,12.96,12.75
16:47:52,DECR,13.36,13.38,15.36,13.36,434,348,0.49,10282.98,507,1837,2,0.1,NaN,NaN,NaN,NaN,NaN,25,5,5,14.98,15.03,12.96,12.75
16:47:53,DECR,13.37,13.38,15.35,13.37,427,355,0.88,10283.86,507,1838,2,0.1,NaN,NaN,NaN,NaN,NaN,25,5,5,14.98,15.03,12.96,12.75
16:47:54,DECR,13.37,13.38,15.35,13.37,434,360,0.71,10284.57,507,1839,2,0.1,NaN,NaN,NaN,NaN,NaN,25,5,5,14.98,15.03,12.96,12.75
16:47:55,DECR,13.37,13.38,15.34,13.37,438,355,0.59,10285.15,507,1840,2,0.1,NaN,NaN,NaN,NaN,NaN,25,5,5,14.98,15.03,12.96,12.75
16:47:56,DECR,13.37,13.38,15.31,13.37,445,359,0.57,10285.72,507,1841,2,0.1,NaN,NaN,NaN,NaN,NaN,25,5,5,14.98,15.03,12.96,12.75
16:47:57,DECR,13.37,13.38,15.27,13.37,436,351,1.14,10286.86,507,1842,2,0.1,NaN,NaN,NaN,NaN,NaN,25,5,5,14.98,15.03,12.96,12.75
16:47:58,DECR,13.37,13.38,15.24,13.37,430,350,0.5,10287.36,507,1843,2,0.1,NaN,NaN,NaN,NaN,NaN,25,5,5,14.98,15.03,12.96,12.75
16:47:59,DECR,13.37,13.38,15.21,13.37,425,338,0.7,10288.06,507,1844,2,0.1,NaN,NaN,NaN,NaN,NaN,25,5,5,14.98,15.03,12.96,12.75
16:48:00,DECR,13.37,13.38,15.2,13.37,415,332,0.83,10288.89,507,1845,2,0.1,NaN,NaN,NaN,NaN,NaN,25,5,5,14.98,15.03,12.96,12.75
16:48:01,DECR,13.38,13.38,15.2,13.38,412,335,0.33,10289.22,507,1846,2,0.1,NaN,NaN,NaN,NaN,NaN,25,5,5,14.98,15.03,12.96,12.75
16:48:02,DECR,13.38,13.38,15.2,13.38,411,341,0.38,10289.6,507,1847,2,0.1,NaN,NaN,NaN,NaN,NaN,25,5,5,14.98,15.03,12.96,12.75
16:48:03,DECR,13.37,13.38,15.2,13.37,421,339,0.75,10290.34,507,1848,2,0.1,NaN,NaN,NaN,NaN,NaN,25,5,5,14.98,15.03,12.96,12.75
16:48:04,DECR,13.37,13.38,15.2,13.37,413,335,0.68,10291.02,507,1849,2,0.1,NaN,NaN,NaN,NaN,NaN,25,5,5,14.98,15.03,12.96,12.75
16:48:05,DECR,13.37,13.38,15.19,13.37,410,335,0.61,10291.63,507,1850,2,0.1,NaN,NaN,NaN,NaN,NaN,25,5,5,14.98,15.03,12.96,12.75
16:48:06,DECR,13.37,13.38,15.19,13.37,404,331,0.54,10292.17,507,1851,2,0.1,NaN,NaN,NaN,NaN,NaN,25,5,5,14.98,15.03,12.96,12.75
16:48:07,DECR,13.37,13.38,15.18,13.37,406,331,0.21,10292.38,507,1852,2,0.1,NaN,NaN,NaN,NaN,NaN,25,5,5,14.98,15.03,12.96,12.75
16:48:08,DECR,13.37,13.38,15.18,13.37,403,323,0.96,10293.33,507,1853,2,0.1,NaN,NaN,NaN,NaN,NaN,25,5,5,14.98,15.03,12.96,12.75
16:48:09,DECR,13.36,13.38,15.18,13.36,395,321,0.94,10294.27,507,1854,2,0.1,NaN,NaN,NaN,NaN,NaN,25,5,5,14.98,15.03,12.96,12.75
16:48:10,DECR,13.37,13.38,15.18,13.37,396,326,0.46,10294.73,507,1855,2,0.1,NaN,NaN,NaN,NaN,NaN,25,5,5,14.98,15.03,12.96,12.75
16:48:11,DECR,13.37,13.38,15.18,13.37,407,342,1.25,10295.98,507,1856,2,0.1,NaN,NaN,NaN,NaN,NaN,25,5,5,14.98,15.03,12.96,12.75
16:48:12,DECR,13.37,13.38,15.18,13.37,424,346,1.34,10297.32,507,1857,2,0.1,NaN,NaN,NaN,NaN,NaN,25,5,5,14.98,15.03,12.96,12.75
16:48:13,DECR,13.37,13.38,15.18,13.37,425,346,0,10297.32,507,1858,2,0.1,NaN,NaN,NaN,NaN,NaN,25,5,5,14.98,15.03,12.96,12.75
16:48:14,DECR,13.37,13.38,15.17,13.37,427,337,0.73,10298.05,507,1859,2,0.1,NaN,NaN,NaN,NaN,NaN,25,5,5,14.98,15.03,12.96,12.75
16:48:15,DECR,13.37,13.38,15.17,13.37,415,337,0.84,10298.9,507,1860,2,0.1,NaN,NaN,NaN,NaN,NaN,25,5,5,14.98,15.03,12.96,12.75
16:48:16,DECR,13.37,13.38,15.17,13.37,415,343,0.5,10299.4,507,1861,2,0.1,NaN,NaN,NaN,NaN,NaN,25,5,5,14.98,15.03,12.96,12.75
16:48:17,DECR,13.37,13.38,15.17,13.37,417,342,0.62,10300.03,507,1862,2,0.1,NaN,NaN,NaN,NaN,NaN,25,5,5,14.98,15.03,12.96,12.75
16:48:19,DECR,13.37,13.37,15.17,13.37,419,340,0.42,10300.45,507,1863,2,0.1,NaN,NaN,NaN,NaN,NaN,25,5,5,14.98,15.03,12.96,12.75
16:48:20,DECR,13.37,13.37,15.17,13.37,418,335,0.45,10300.89,507,1864,2,0.1,NaN,NaN,NaN,NaN,NaN,25,5,5,14.98,15.03,12.96,12.75
16:48:21,DECR,13.37,13.37,15.17,13.37,409,333,0.51,10301.4,507,1865,2,0.1,NaN,NaN,NaN,NaN,NaN,25,5,5,14.98,15.03,12.96,12.75
16:48:22,DECR,13.37,13.37,15.17,13.37,412,335,0.45,10301.85,507,1866,2,0.1,NaN,NaN,NaN,NaN,NaN,25,5,5,14.98,15.03,12.96,12.75
16:48:23,DECR,13.37,13.37,15.18,13.37,399,336,0.93,10302.78,507,1867,2,0.1,NaN,NaN,NaN,NaN,NaN,25,5,5,14.98,15.03,12.96,12.75
16:48:24,DECR,13.37,13.37,15.18,13.37,402,340,0.48,10303.26,507,1868,2,0.1,NaN,NaN,NaN,NaN,NaN,25,5,5,14.98,15.03,12.96,12.75
16:48:25,DECR,13.37,13.37,15.18,13.37,398,339,0.24,10303.5,507,1869,2,0.1,NaN,NaN,NaN,NaN,NaN,25,5,5,14.98,15.03,12.96,12.75
16:48:26,DECR,13.37,13.37,15.18,13.37,406,338,0.41,10303.92,507,1870,2,0.1,NaN,NaN,NaN,NaN,NaN,25,5,5,14.98,15.03,12.96,12.75
16:48:27,DECR,13.37,13.37,15.18,13.37,407,331,0.36,10304.28,507,1871,2,0.1,NaN,NaN,NaN,NaN,NaN,25,5,5,14.98,15.03,12.96,12.75
16:48:28,DECR,13.37,13.37,15.18,13.37,404,326,0.54,10304.82,507,1872,2,0.1,NaN,NaN,NaN,NaN,NaN,25,5,5,14.98,15.03,12.96,12.75
16:48:29,DECR,13.38,13.37,15.19,13.38,398,320,0.59,10305.41,507,1873,2,0.1,NaN,NaN,NaN,NaN,NaN,25,5,5,14.98,15.03,12.96,12.75
16:48:30,DECR,13.38,13.37,15.19,13.38,386,316,0.92,10306.33,507,1874,2,0.1,NaN,NaN,NaN,NaN,NaN,25,5,5,14.98,15.03,12.96,12.75
16:48:31,DECR,13.38,13.37,15.18,13.38,364,300,2.12,10308.44,507,1875,2,0.1,NaN,NaN,NaN,NaN,NaN,25,5,5,14.98,15.03,12.96,12.75
16:48:32,DECR,13.37,13.37,15.19,13.37,330,291,2.53,10310.97,507,1876,2,0.1,NaN,NaN,NaN,NaN,NaN,25,5,5,14.98,15.03,12.96,12.75
16:48:33,DECR,13.37,13.37,15.2,13.37,310,293,1.56,10312.53,507,1877,2,0.1,NaN,NaN,NaN,NaN,NaN,25,5,5,14.98,15.03,12.96,12.75
16:48:34,DECR,13.38,13.37,15.23,13.38,307,295,0.72,10313.25,507,1878,2,0.1,NaN,NaN,NaN,NaN,NaN,25,5,5,14.98,15.03,12.96,12.75
16:48:35,DECR,13.38,13.37,15.26,13.38,340,302,2.56,10315.81,507,1879,2,0.1,NaN,NaN,NaN,NaN,NaN,25,5,5,14.98,15.03,12.96,12.75
16:48:36,DECR,13.38,13.37,15.27,13.38,353,295,1.33,10317.14,507,1880,2,0.1,NaN,NaN,NaN,NaN,NaN,25,5,5,14.98,15.03,12.96,12.75
16:48:37,DECR,13.38,13.37,15.27,13.38,370,312,1.22,10318.36,507,1881,2,0.1,NaN,NaN,NaN,NaN,NaN,25,5,5,14.98,15.03,12.96,12.75
16:48:38,DECR,13.38,13.37,15.27,13.38,385,323,1.5,10319.86,507,1882,2,0.1,NaN,NaN,NaN,NaN,NaN,25,5,5,14.98,15.03,12.96,12.75
16:48:39,DECR,13.38,13.37,15.28,13.38,413,341,2.77,10322.63,507,1883,2,0.1,NaN,NaN,NaN,NaN,NaN,25,5,5,14.98,15.03,12.96,12.75
16:48:40,DECR,13.38,13.37,15.28,13.38,430,349,1.55,10324.18,507,1884,2,0.1,NaN,NaN,NaN,NaN,NaN,25,5,5,14.98,15.03,12.96,12.75
16:48:41,DECR,13.38,13.37,15.3,13.38,426,349,0.53,10324.71,507,1885,2,0.1,NaN,NaN,NaN,NaN,NaN,25,5,5,14.98,15.03,12.96,12.75
16:48:42,DECR,13.38,13.38,15.32,13.38,434,349,0.61,10325.32,507,1886,2,0.1,NaN,NaN,NaN,NaN,NaN,25,5,5,14.98,15.03,12.96,12.75
16:48:43,DECR,13.38,13.38,15.35,13.38,433,342,0.55,10325.87,507,1887,2,0.1,NaN,NaN,NaN,NaN,NaN,25,5,5,14.98,15.03,12.96,12.75
16:48:44,DECR,13.39,13.38,15.35,13.39,431,343,0.51,10326.38,507,1888,2,0.1,NaN,NaN,NaN,NaN,NaN,25,5,5,14.98,15.03,12.96,12.75
16:48:45,DECR,13.39,13.38,15.36,13.39,421,346,0.75,10327.13,507,1889,2,0.1,NaN,NaN,NaN,NaN,NaN,25,5,5,14.98,15.03,12.96,12.75
16:48:46,DECR,13.39,13.38,15.36,13.39,422,349,0.35,10327.48,507,1890,2,0.1,NaN,NaN,NaN,NaN,NaN,25,5,5,14.98,15.03,12.96,12.75
16:48:47,DECR,13.4,13.38,15.36,13.4,434,348,1,10328.48,507,1891,2,0.1,NaN,NaN,NaN,NaN,NaN,25,5,5,14.98,15.03,12.96,12.75
16:48:48,DECR,13.4,13.38,15.36,13.4,436,358,0.79,10329.28,507,1892,2,0.1,NaN,NaN,NaN,NaN,NaN,25,5,5,14.98,15.03,12.96,12.75
16:48:49,DECR,13.4,13.38,15.37,13.4,439,353,0.52,10329.8,507,1893,2,0.1,NaN,NaN,NaN,NaN,NaN,25,5,5,14.98,15.03,12.96,12.75
16:48:50,DECR,13.39,13.38,15.37,13.39,433,346,0.66,10330.45,507,1894,2,0.1,NaN,NaN,NaN,NaN,NaN,25,5,5,14.98,15.03,12.96,12.75
16:48:51,DECR,13.39,13.38,15.37,13.39,435,344,0.36,10330.81,507,1895,2,0.1,NaN,NaN,NaN,NaN,NaN,25,5,5,14.98,15.03,12.96,12.75
16:48:52,DECR,13.39,13.38,15.38,13.39,426,343,0.8,10331.61,507,1896,2,0.1,NaN,NaN,NaN,NaN,NaN,25,5,5,14.98,15.03,12.96,12.75
16:48:53,DECR,13.4,13.38,15.38,13.4,427,344,0.27,10331.88,507,1897,2,0.1,NaN,NaN,NaN,NaN,NaN,25,5,5,14.98,15.03,12.96,12.75
16:48:54,DECR,13.4,13.38,15.38,13.4,415,336,1.18,10333.07,507,1898,2,0.1,NaN,NaN,NaN,NaN,NaN,25,5,5,14.98,15.03,12.96,12.75
16:48:55,DECR,13.4,13.38,15.39,13.4,409,334,0.62,10333.69,507,1899,2,0.1,NaN,NaN,NaN,NaN,NaN,25,5,5,14.98,15.03,12.96,12.75
16:48:56,DECR,13.39,13.38,15.38,13.39,407,335,0,10333.69,507,1900,2,0.1,NaN,NaN,NaN,NaN,NaN,25,5,5,14.98,15.03,12.96,12.75
16:48:57,DECR,13.39,13.38,15.39,13.39,407,340,0.47,10334.15,507,1901,2,0.1,NaN,NaN,NaN,NaN,NaN,25,5,5,14.98,15.03,12.96,12.75
16:48:58,DECR,13.39,13.38,15.41,13.39,411,340,0.2,10334.35,507,1902,2,0.1,NaN,NaN,NaN,NaN,NaN,25,5,5,14.98,15.03,12.96,12.75
16:48:59,DECR,13.4,13.38,15.44,13.4,404,340,0.35,10334.71,507,1903,2,0.1,NaN,NaN,NaN,NaN,NaN,25,5,5,14.98,15.03,12.96,12.75
16:49:00,DECR,13.4,13.38,15.46,13.4,412,342,0.34,10335.04,507,1904,2,0.1,NaN,NaN,NaN,NaN,NaN,25,5,5,14.98,15.03,12.96,12.75
16:49:01,DECR,13.4,13.38,15.46,13.4,412,339,0.27,10335.31,507,1905,2,0.1,NaN,NaN,NaN,NaN,NaN,25,5,5,14.98,15.03,12.96,12.75
16:49:02,DECR,13.4,13.38,15.47,13.4,429,346,1.42,10336.73,507,1906,2,0.1,NaN,NaN,NaN,NaN,NaN,25,5,5,14.98,15.03,12.96,12.75
16:49:03,DECR,13.4,13.38,15.48,13.4,428,344,0.47,10337.21,507,1907,2,0.1,NaN,NaN,NaN,NaN,NaN,25,5,5,14.98,15.03,12.96,12.75
16:49:04,DECR,13.41,13.38,15.48,13.41,432,348,0.4,10337.61,507,1908,2,0.1,NaN,NaN,NaN,NaN,NaN,25,5,5,14.98,15.03,12.96,12.75
16:49:06,DECR,13.41,13.38,15.48,13.41,431,348,0.19,10337.8,507,1909,2,0.1,NaN,NaN,NaN,NaN,NaN,25,5,5,14.98,15.03,12.96,12.75
16:49:07,DECR,13.41,13.38,15.5,13.41,436,355,0.78,10338.58,507,1910,2,0.1,NaN,NaN,NaN,NaN,NaN,25,5,5,14.98,15.03,12.96,12.75
16:49:08,DECR,13.41,13.38,15.53,13.41,443,356,0.5,10339.08,507,1911,2,0.1,NaN,NaN,NaN,NaN,NaN,25,5,5,14.98,15.03,12.96,12.75
16:49:09,DECR,13.41,13.38,15.55,13.41,437,355,0.59,10339.67,507,1912,2,0.1,NaN,NaN,NaN,NaN,NaN,25,5,5,14.98,15.03,12.96,12.75
16:49:10,DECR,13.41,13.38,15.56,13.41,444,360,0.64,10340.31,507,1913,2,0.1,NaN,NaN,NaN,NaN,NaN,25,5,5,14.98,15.03,12.96,12.75
16:49:11,DECR,13.41,13.38,15.56,13.41,442,361,0.19,10340.5,507,1914,2,0.1,NaN,NaN,NaN,NaN,NaN,25,5,5,14.98,15.03,12.96,12.75
16:49:12,DECR,13.41,13.38,15.57,13.41,453,359,0.83,10341.33,507,1915,2,0.1,NaN,NaN,NaN,NaN,NaN,25,5,5,14.98,15.03,12.96,12.75
16:49:13,DECR,13.41,13.38,15.56,13.41,447,357,0.96,10342.29,507,1916,2,0.1,NaN,NaN,NaN,NaN,NaN,25,5,5,14.98,15.03,12.96,12.75
16:49:14,DECR,13.42,13.38,15.56,13.42,439,352,0.65,10342.94,507,1917,2,0.1,NaN,NaN,NaN,NaN,NaN,25,5,5,14.98,15.03,12.96,12.75
16:49:15,DECR,13.41,13.38,15.56,13.41,441,359,0.35,10343.29,507,1918,2,0.1,NaN,NaN,NaN,NaN,NaN,25,5,5,14.98,15.03,12.96,12.75
16:49:16,DECR,13.41,13.38,15.57,13.41,446,359,0.32,10343.61,507,1919,2,0.1,NaN,NaN,NaN,NaN,NaN,25,5,5,14.98,15.03,12.96,12.75
16:49:17,DECR,13.42,13.38,15.57,13.42,456,354,1.15,10344.76,507,1920,2,0.1,NaN,NaN,NaN,NaN,NaN,25,5,5,14.98,15.03,12.96,12.75
16:49:18,DECR,13.42,13.38,15.58,13.42,448,348,1.05,10345.8,507,1921,2,0.1,NaN,NaN,NaN,NaN,NaN,25,5,5,14.98,15.03,12.96,12.75
16:49:19,DECR,13.42,13.38,15.58,13.42,458,362,1.68,10347.48,507,1922,2,0.1,NaN,NaN,NaN,NaN,NaN,25,5,5,14.98,15.03,12.96,12.75
16:49:20,DECR,13.42,13.38,15.58,13.42,450,344,1.49,10348.97,507,1923,2,0.1,NaN,NaN,NaN,NaN,NaN,25,5,5,14.98,15.03,12.96,12.75
16:49:21,DECR,13.42,13.38,15.58,13.42,450,342,0.61,10349.58,507,1924,2,0.1,NaN,NaN,NaN,NaN,NaN,25,5,5,14.98,15.03,12.96,12.75
16:49:22,DECR,13.42,13.38,15.58,13.42,450,341,0.37,10349.96,507,1925,2,0.1,NaN,NaN,NaN,NaN,NaN,25,5,5,14.98,15.03,12.96,12.75
16:49:23,DECR,13.42,13.38,15.59,13.42,444,343,0.26,10350.22,507,1926,2,0.1,NaN,NaN,NaN,NaN,NaN,25,5,5,14.98,15.03,12.96,12.75
16:49:24,DECR,13.43,13.38,15.59,13.43,441,332,0.74,10350.96,507,1927,2,0.1,NaN,NaN,NaN,NaN,NaN,25,5,5,14.98,15.03,12.96,12.75
16:49:25,DECR,13.43,13.38,15.59,13.43,430,334,0.94,10351.9,507,1928,2,0.1,NaN,NaN,NaN,NaN,NaN,25,5,5,14.98,15.03,12.96,12.75
16:49:26,DECR,13.43,13.38,15.59,13.43,427,336,0.13,10352.02,507,1929,2,0.1,NaN,NaN,NaN,NaN,NaN,25,5,5,14.98,15.03,12.96,12.75
16:49:27,DECR,13.43,13.38,15.59,13.43,416,338,0.72,10352.74,507,1930,2,0.1,NaN,NaN,NaN,NaN,NaN,25,5,5,14.98,15.03,12.96,12.75
16:49:28,DECR,13.43,13.38,15.6,13.43,416,337,0.2,10352.94,507,1931,2,0.1,NaN,NaN,NaN,NaN,NaN,25,5,5,14.98,15.03,12.96,12.75
16:49:29,DECR,13.43,13.38,15.59,13.43,405,329,1.01,10353.94,507,1932,2,0.1,NaN,NaN,NaN,NaN,NaN,25,5,5,14.98,15.03,12.96,12.75
16:49:30,DECR,13.43,13.38,15.59,13.43,404,330,0.38,10354.32,507,1933,2,0.1,NaN,NaN,NaN,NaN,NaN,25,5,5,14.98,15.03,12.96,12.75
16:49:31,DECR,13.43,13.38,15.58,13.43,398,329,0.47,10354.79,507,1934,2,0.1,NaN,NaN,NaN,NaN,NaN,25,5,5,14.98,15.03,12.96,12.75
16:49:32,DECR,13.43,13.38,15.58,13.43,399,336,0.44,10355.23,507,1935,2,0.1,NaN,NaN,NaN,NaN,NaN,25,5,5,14.98,15.03,12.96,12.75
16:49:33,DECR,13.43,13.38,15.59,13.43,406,335,0.51,10355.74,507,1936,2,0.1,NaN,NaN,NaN,NaN,NaN,25,5,5,14.98,15.03,12.96,12.75
16:49:34,DECR,13.44,13.38,15.59,13.44,408,334,0.14,10355.89,507,1937,2,0.1,NaN,NaN,NaN,NaN,NaN,25,5,5,14.98,15.03,12.96,12.75
16:49:35,DECR,13.43,13.38,15.58,13.43,415,341,0.66,10356.55,507,1938,2,0.1,NaN,NaN,NaN,NaN,NaN,25,5,5,14.98,15.03,12.96,12.75
16:49:36,DECR,13.43,13.38,15.55,13.43,415,346,0.37,10356.92,507,1939,2,0.1,NaN,NaN,NaN,NaN,NaN,25,5,5,14.98,15.03,12.96,12.75
16:49:37,DECR,13.43,13.38,15.52,13.43,423,344,0.74,10357.66,507,1940,2,0.1,NaN,NaN,NaN,NaN,NaN,25,5,5,14.98,15.03,12.96,12.75
16:49:38,DECR,13.43,13.38,15.49,13.43,423,341,0.59,10358.25,507,1941,2,0.1,NaN,NaN,NaN,NaN,NaN,25,5,5,14.98,15.03,12.96,12.75
16:49:39,DECR,13.43,13.38,15.49,13.43,428,342,0.59,10358.84,507,1942,2,0.1,NaN,NaN,NaN,NaN,NaN,25,5,5,14.98,15.03,12.96,12.75
16:49:40,DECR,13.43,13.38,15.49,13.43,430,341,0.66,10359.5,507,1943,2,0.1,NaN,NaN,NaN,NaN,NaN,25,5,5,14.98,15.03,12.96,12.75
16:49:41,DECR,13.43,13.39,15.48,13.43,429,347,0.44,10359.94,507,1944,2,0.1,NaN,NaN,NaN,NaN,NaN,25,5,5,14.98,15.03,12.96,12.75
16:49:42,DECR,13.44,13.39,15.46,13.44,441,352,1.02,10360.96,507,1945,2,0.1,NaN,NaN,NaN,NaN,NaN,25,5,5,14.98,15.03,12.96,12.75
16:49:43,DECR,13.44,13.39,15.43,13.44,440,351,0.18,10361.14,507,1946,2,0.1,NaN,NaN,NaN,NaN,NaN,25,5,5,14.98,15.03,12.96,12.75
16:49:44,DECR,13.43,13.39,15.41,13.43,443,349,0.32,10361.46,507,1947,2,0.1,NaN,NaN,NaN,NaN,NaN,25,5,5,14.98,15.03,12.96,12.75
16:49:45,DECR,13.43,13.39,15.38,13.43,432,339,1.14,10362.6,507,1948,2,0.1,NaN,NaN,NaN,NaN,NaN,25,5,5,14.98,15.03,12.96,12.75
16:49:46,DECR,13.43,13.39,15.35,13.43,429,330,0.41,10363.02,507,1949,2,0.1,NaN,NaN,NaN,NaN,NaN,25,5,5,14.98,15.03,12.96,12.75
16:49:47,DECR,13.43,13.39,15.33,13.43,416,314,1.7,10364.72,507,1950,2,0.1,NaN,NaN,NaN,NaN,NaN,25,5,5,14.98,15.03,12.96,12.75
16:49:48,DECR,13.43,13.39,15.32,13.43,389,302,2.35,10367.07,507,1951,2,0.1,NaN,NaN,NaN,NaN,NaN,25,5,5,14.98,15.03,12.96,12.75
16:49:49,DECR,13.44,13.39,15.33,13.44,371,302,1.2,10368.27,507,1952,2,0.1,NaN,NaN,NaN,NaN,NaN,25,5,5,14.98,15.03,12.96,12.75
16:49:50,DECR,13.43,13.39,15.32,13.43,346,295,2,10370.28,507,1953,2,0.1,NaN,NaN,NaN,NaN,NaN,25,5,5,14.98,15.03,12.96,12.75
16:49:51,DECR,13.43,13.39,15.32,13.43,337,284,1.59,10371.86,507,1954,2,0.1,NaN,NaN,NaN,NaN,NaN,25,5,5,14.98,15.03,12.96,12.75
16:49:52,DECR,13.43,13.39,15.31,13.43,329,295,1.09,10372.96,507,1955,2,0.1,NaN,NaN,NaN,NaN,NaN,25,5,5,14.98,15.03,12.96,12.75
16:49:53,DECR,13.43,13.39,15.3,13.43,320,301,0.73,10373.69,507,1956,2,0.1,NaN,NaN,NaN,NaN,NaN,25,5,5,14.98,15.03,12.96,12.75
16:49:54,DECR,13.43,13.39,15.28,13.43,305,303,1.08,10374.76,507,1957,2,0.1,NaN,NaN,NaN,NaN,NaN,25,5,5,14.98,15.03,12.96,12.75
16:49:55,DECR,13.43,13.39,15.25,13.43,304,308,0.26,10375.02,507,1958,2,0.1,NaN,NaN,NaN,NaN,NaN,25,5,5,14.98,15.03,12.96,12.75
16:49:56,DECR,13.43,13.39,15.25,13.43,304,308,0,10375.02,507,1959,2,0.1,NaN,NaN,NaN,NaN,NaN,25,5,5,14.98,15.03,12.96,12.75
16:49:57,DECR,13.43,13.39,15.24,13.43,290,316,1.77,10376.79,507,1960,2,0.1,NaN,NaN,NaN,NaN,NaN,25,5,5,14.98,15.03,12.96,12.75
16:49:58,DECR,13.43,13.39,15.24,13.43,288,321,0.32,10377.11,507,1961,2,0.1,NaN,NaN,NaN,NaN,NaN,25,5,5,14.98,15.03,12.96,12.75
16:49:59,DECR,13.43,13.39,15.23,13.43,294,325,0.42,10377.53,507,1962,2,0.1,NaN,NaN,NaN,NaN,NaN,25,5,5,14.98,15.03,12.96,12.75
16:50:00,DECR,13.43,13.39,15.23,13.43,306,330,0.92,10378.45,507,1963,2,0.1,NaN,NaN,NaN,NaN,NaN,25,5,5,14.98,15.03,12.96,12.75
16:50:01,DECR,13.43,13.39,15.23,13.43,311,337,0.57,10379.02,507,1964,2,0.1,NaN,NaN,NaN,NaN,NaN,25,5,5,14.98,15.03,12.96,12.75
16:50:02,DECR,13.43,13.39,15.22,13.43,314,339,0.27,10379.28,507,1965,2,0.1,NaN,NaN,NaN,NaN,NaN,25,5,5,14.98,15.03,12.96,12.75
16:50:03,DECR,13.42,13.39,15.22,13.42,310,340,0.42,10379.7,507,1966,2,0.1,NaN,NaN,NaN,NaN,NaN,25,5,5,14.98,15.03,12.96,12.75
16:50:04,DECR,13.42,13.39,15.22,13.42,310,340,0.78,10380.48,507,1967,2,0.1,NaN,NaN,NaN,NaN,NaN,25,5,5,14.98,15.03,12.96,12.75
16:50:05,DECR,13.42,13.39,15.23,13.42,323,360,1.9,10382.38,507,1968,2,0.1,NaN,NaN,NaN,NaN,NaN,25,5,5,14.98,15.03,12.96,12.75
16:50:06,DECR,13.42,13.39,15.23,13.42,348,369,2.12,10384.51,507,1969,2,0.1,NaN,NaN,NaN,NaN,NaN,25,5,5,14.98,15.03,12.96,12.75
16:50:07,DECR,13.42,13.39,15.23,13.42,377,369,2.22,10386.72,507,1970,2,0.1,NaN,NaN,NaN,NaN,NaN,25,5,5,14.98,15.03,12.96,12.75
16:50:08,DECR,13.42,13.39,15.22,13.42,401,370,1.77,10388.49,507,1971,2,0.1,NaN,NaN,NaN,NaN,NaN,25,5,5,14.98,15.03,12.96,12.75
16:50:09,DECR,13.42,13.39,15.22,13.42,420,359,1.77,10390.26,507,1972,2,0.1,NaN,NaN,NaN,NaN,NaN,25,5,5,14.98,15.03,12.96,12.75
16:50:10,DECR,13.42,13.39,15.22,13.42,424,353,0.56,10390.83,507,1973,2,0.1,NaN,NaN,NaN,NaN,NaN,25,5,5,14.98,15.03,12.96,12.75
16:50:12,DECR,13.41,13.39,15.22,13.41,431,351,0.51,10391.34,507,1974,2,0.1,NaN,NaN,NaN,NaN,NaN,25,5,5,14.98,15.03,12.96,12.75
16:50:13,DECR,13.41,13.39,15.23,13.41,421,344,0.96,10392.3,507,1975,2,0.1,NaN,NaN,NaN,NaN,NaN,25,5,5,14.98,15.03,12.96,12.75
16:50:14,DECR,13.41,13.39,15.23,13.41,427,340,0.46,10392.76,507,1976,2,0.1,NaN,NaN,NaN,NaN,NaN,25,5,5,14.98,15.03,12.96,12.75
16:50:15,DECR,13.41,13.39,15.23,13.41,417,329,0.96,10393.72,507,1977,2,0.1,NaN,NaN,NaN,NaN,NaN,25,5,5,14.98,15.03,12.96,12.75
16:50:16,DECR,13.41,13.39,15.23,13.41,419,331,0.4,10394.12,507,1978,2,0.1,NaN,NaN,NaN,NaN,NaN,25,5,5,14.98,15.03,12.96,12.75
16:50:17,DECR,13.4,13.39,15.23,13.4,419,337,0.79,10394.91,507,1979,2,0.1,NaN,NaN,NaN,NaN,NaN,25,5,5,14.98,15.03,12.96,12.75
16:50:18,DECR,13.4,13.39,15.23,13.4,427,357,1.94,10396.85,507,1980,2,0.1,NaN,NaN,NaN,NaN,NaN,25,5,5,14.98,15.03,12.96,12.75
16:50:19,DECR,13.4,13.39,15.23,13.4,446,353,1.57,10398.42,507,1981,2,0.1,NaN,NaN,NaN,NaN,NaN,25,5,5,14.98,15.03,12.96,12.75
16:50:20,DECR,13.39,13.39,15.22,13.39,442,349,0.46,10398.88,507,1982,2,0.1,NaN,NaN,NaN,NaN,NaN,25,5,5,14.98,15.03,12.96,12.75
16:50:21,DECR,13.39,13.39,15.22,13.39,445,349,0.4,10399.28,507,1983,2,0.1,NaN,NaN,NaN,NaN,NaN,25,5,5,14.98,15.03,12.96,12.75
16:50:22,DECR,13.39,13.39,15.23,13.39,443,346,0.31,10399.6,507,1984,2,0.1,NaN,NaN,NaN,NaN,NaN,25,5,5,14.98,15.03,12.96,12.75
16:50:23,DECR,13.39,13.39,15.23,13.39,444,349,0.1,10399.7,507,1985,2,0.1,NaN,NaN,NaN,NaN,NaN,25,5,5,14.98,15.03,12.96,12.75
16:50:24,DECR,13.39,13.39,15.24,13.39,442,352,0.57,10400.27,507,1986,2,0.1,NaN,NaN,NaN,NaN,NaN,25,5,5,14.98,15.03,12.96,12.75
16:50:25,DECR,13.38,13.39,15.24,13.38,447,357,0.15,10400.43,507,1987,2,0.1,NaN,NaN,NaN,NaN,NaN,25,5,5,14.98,15.03,12.96,12.75
16:50:26,DECR,13.38,13.39,15.24,13.38,447,353,0.29,10400.72,507,1988,2,0.1,NaN,NaN,NaN,NaN,NaN,25,5,5,14.98,15.03,12.96,12.75
16:50:27,DECR,13.38,13.39,15.24,13.38,439,347,0.51,10401.23,507,1989,2,0.1,NaN,NaN,NaN,NaN,NaN,25,5,5,14.98,15.03,12.96,12.75
16:50:28,DECR,13.38,13.39,15.25,13.38,431,336,1.1,10402.33,507,1990,2,0.1,NaN,NaN,NaN,NaN,NaN,25,5,5,14.98,15.03,12.96,12.75
16:50:29,DECR,13.38,13.39,15.26,13.38,407,322,2.27,10404.6,507,1991,2,0.1,NaN,NaN,NaN,NaN,NaN,25,5,5,14.98,15.03,12.96,12.75
16:50:30,DECR,13.38,13.39,15.26,13.38,397,319,0.86,10405.46,507,1992,2,0.1,NaN,NaN,NaN,NaN,NaN,25,5,5,14.98,15.03,12.96,12.75
16:50:31,DECR,13.38,13.39,15.29,13.38,384,327,1.38,10406.84,507,1993,2,0.1,NaN,NaN,NaN,NaN,NaN,25,5,5,14.98,15.03,12.96,12.75
16:50:32,DECR,13.38,13.39,15.32,13.38,394,335,1.08,10407.92,507,1994,2,0.1,NaN,NaN,NaN,NaN,NaN,25,5,5,14.98,15.03,12.96,12.75
16:50:33,DECR,13.38,13.39,15.34,13.38,405,340,0.83,10408.74,507,1995,2,0.1,NaN,NaN,NaN,NaN,NaN,25,5,5,14.98,15.03,12.96,12.75
16:50:34,DECR,13.38,13.39,15.34,13.38,413,343,0.66,10409.4,507,1996,2,0.1,NaN,NaN,NaN,NaN,NaN,25,5,5,14.98,15.03,12.96,12.75
16:50:35,DECR,13.38,13.39,15.35,13.38,416,342,0.41,10409.82,507,1997,2,0.1,NaN,NaN,NaN,NaN,NaN,25,5,5,14.98,15.03,12.96,12.75
16:50:36,DECR,13.37,13.39,15.38,13.37,407,343,0.71,10410.53,507,1998,2,0.1,NaN,NaN,NaN,NaN,NaN,25,5,5,14.98,15.03,12.96,12.75
16:50:37,DECR,13.38,13.39,15.4,13.38,407,341,0,10410.53,507,1999,2,0.1,NaN,NaN,NaN,NaN,NaN,25,5,5,14.98,15.03,12.96,12.75
16:50:38,DECR,13.38,13.39,15.41,13.38,399,334,0.58,10411.11,507,2000,2,0.1,NaN,NaN,NaN,NaN,NaN,25,5,5,14.98,15.03,12.96,12.75
16:50:39,DECR,13.38,13.39,15.41,13.38,403,333,0.29,10411.4,507,2001,2,0.1,NaN,NaN,NaN,NaN,NaN,25,5,5,14.98,15.03,12.96,12.75
16:50:40,DECR,13.38,13.39,15.41,13.38,400,336,0.37,10411.77,507,2002,2,0.1,NaN,NaN,NaN,NaN,NaN,25,5,5,14.98,15.03,12.96,12.75
16:50:41,DECR,13.38,13.39,15.42,13.38,407,339,0.74,10412.51,507,2003,2,0.1,NaN,NaN,NaN,NaN,NaN,25,5,5,14.98,15.03,12.96,12.75
16:50:42,DECR,13.38,13.39,15.42,13.38,412,339,0.47,10412.98,507,2004,2,0.1,NaN,NaN,NaN,NaN,NaN,25,5,5,14.98,15.03,12.96,12.75
16:50:43,DECR,13.38,13.39,15.42,13.38,423,343,0.83,10413.81,507,2005,2,0.1,NaN,NaN,NaN,NaN,NaN,25,5,5,14.98,15.03,12.96,12.75
16:50:44,DECR,13.39,13.39,15.42,13.39,422,341,0.56,10414.37,507,2006,2,0.1,NaN,NaN,NaN,NaN,NaN,25,5,5,14.98,15.03,12.96,12.75
16:50:45,DECR,13.39,13.39,15.43,13.39,414,339,0.78,10415.15,507,2007,2,0.1,NaN,NaN,NaN,NaN,NaN,25,5,5,14.98,15.03,12.96,12.75
16:50:46,DECR,13.39,13.39,15.43,13.39,413,339,0.34,10415.49,507,2008,2,0.1,NaN,NaN,NaN,NaN,NaN,25,5,5,14.98,15.03,12.96,12.75
16:50:47,DECR,13.39,13.39,15.44,13.39,400,340,1.05,10416.53,507,2009,2,0.1,NaN,NaN,NaN,NaN,NaN,25,5,5,14.98,15.03,12.96,12.75
16:50:48,DECR,13.39,13.39,15.44,13.39,408,337,0.49,10417.03,507,2010,2,0.1,NaN,NaN,NaN,NaN,NaN,25,5,5,14.98,15.03,12.96,12.75
16:50:49,DECR,13.4,13.39,15.44,13.4,400,339,0.58,10417.6,507,2011,2,0.1,NaN,NaN,NaN,NaN,NaN,25,5,5,14.98,15.03,12.96,12.75
16:50:50,DECR,13.4,13.39,15.45,13.4,398,339,0.37,10417.97,507,2012,2,0.1,NaN,NaN,NaN,NaN,NaN,25,5,5,14.98,15.03,12.96,12.75
16:50:51,DECR,13.4,13.39,15.46,13.4,391,337,0.62,10418.59,507,2013,2,0.1,NaN,NaN,NaN,NaN,NaN,25,5,5,14.98,15.03,12.96,12.75
16:50:52,DECR,13.41,13.39,15.49,13.41,388,337,0.53,10419.12,507,2014,2,0.1,NaN,NaN,NaN,NaN,NaN,25,5,5,14.98,15.03,12.96,12.75
16:50:53,DECR,13.4,13.39,15.5,13.4,396,344,0.8,10419.92,507,2015,2,0.1,NaN,NaN,NaN,NaN,NaN,25,5,5,14.98,15.03,12.96,12.75
16:50:54,DECR,13.4,13.39,15.51,13.4,404,345,0.81,10420.73,507,2016,2,0.1,NaN,NaN,NaN,NaN,NaN,25,5,5,14.98,15.03,12.96,12.75
16:50:55,DECR,13.4,13.39,15.51,13.4,416,342,1.15,10421.88,507,2017,2,0.1,NaN,NaN,NaN,NaN,NaN,25,5,5,14.98,15.03,12.96,12.75
16:50:56,DECR,13.4,13.39,15.51,13.4,421,341,0.31,10422.18,507,2018,2,0.1,NaN,NaN,NaN,NaN,NaN,25,5,5,14.98,15.03,12.96,12.75
16:50:57,DECR,13.41,13.39,15.52,13.41,432,346,0.83,10423.02,507,2019,2,0.1,NaN,NaN,NaN,NaN,NaN,25,5,5,14.98,15.03,12.96,12.75
16:50:58,DECR,13.41,13.39,15.52,13.41,428,345,0.18,10423.19,507,2020,2,0.1,NaN,NaN,NaN,NaN,NaN,25,5,5,14.98,15.03,12.96,12.75
16:50:59,DECR,13.4,13.39,15.52,13.4,444,353,1.42,10424.61,507,2021,2,0.1,NaN,NaN,NaN,NaN,NaN,25,5,5,14.98,15.03,12.96,12.75
16:51:00,DECR,13.41,13.39,15.52,13.41,446,357,0.6,10425.21,507,2022,2,0.1,NaN,NaN,NaN,NaN,NaN,25,5,5,14.98,15.03,12.96,12.75
16:51:01,DECR,13.41,13.39,15.53,13.41,453,361,0.74,10425.96,507,2023,2,0.1,NaN,NaN,NaN,NaN,NaN,25,5,5,14.98,15.03,12.96,12.75
16:51:02,DECR,13.41,13.39,15.53,13.41,455,377,1.52,10427.48,507,2024,2,0.1,NaN,NaN,NaN,NaN,NaN,25,5,5,14.98,15.03,12.96,12.75
16:51:04,DECR,13.41,13.39,15.53,13.41,458,378,1.15,10428.62,507,2025,2,0.1,NaN,NaN,NaN,NaN,NaN,25,5,5,14.98,15.03,12.96,12.75
16:51:05,DECR,13.41,13.39,15.53,13.41,465,377,0.86,10429.48,507,2026,2,0.1,NaN,NaN,NaN,NaN,NaN,25,5,5,14.98,15.03,12.96,12.75
16:51:06,DECR,13.41,13.39,15.53,13.41,444,375,1.76,10431.24,507,2027,2,0.1,NaN,NaN,NaN,NaN,NaN,25,5,5,14.98,15.03,12.96,12.75
16:51:07,DECR,13.4,13.39,15.53,13.4,451,356,1.71,10432.95,507,2028,2,0.1,NaN,NaN,NaN,NaN,NaN,25,5,5,14.98,15.03,12.96,12.75
16:51:08,DECR,13.4,13.39,15.53,13.4,438,345,1.41,10434.36,507,2029,2,0.1,NaN,NaN,NaN,NaN,NaN,25,5,5,14.98,15.03,12.96,12.75
16:51:09,DECR,13.4,13.39,15.54,13.4,432,344,0.47,10434.84,507,2030,2,0.1,NaN,NaN,NaN,NaN,NaN,25,5,5,14.98,15.03,12.96,12.75
16:51:10,DECR,13.4,13.39,15.54,13.4,419,341,0.86,10435.69,507,2031,2,0.1,NaN,NaN,NaN,NaN,NaN,25,5,5,14.98,15.03,12.96,12.75
16:51:11,DECR,13.4,13.39,15.54,13.4,411,339,0.7,10436.39,507,2032,2,0.1,NaN,NaN,NaN,NaN,NaN,25,5,5,14.98,15.03,12.96,12.75
16:51:12,DECR,13.41,13.39,15.54,13.41,406,334,0.43,10436.82,507,2033,2,0.1,NaN,NaN,NaN,NaN,NaN,25,5,5,14.98,15.03,12.96,12.75
16:51:13,DECR,13.41,13.39,15.54,13.41,395,331,0.94,10437.76,507,2034,2,0.1,NaN,NaN,NaN,NaN,NaN,25,5,5,14.98,15.03,12.96,12.75
16:51:14,DECR,13.41,13.39,15.53,13.41,397,333,0.47,10438.22,507,2035,2,0.1,NaN,NaN,NaN,NaN,NaN,25,5,5,14.98,15.03,12.96,12.75
16:51:15,DECR,13.41,13.39,15.53,13.41,407,339,0.82,10439.04,507,2036,2,0.1,NaN,NaN,NaN,NaN,NaN,25,5,5,14.98,15.03,12.96,12.75
16:51:16,DECR,13.41,13.39,15.53,13.41,428,343,1.72,10440.76,507,2037,2,0.1,NaN,NaN,NaN,NaN,NaN,25,5,5,14.98,15.03,12.96,12.75
16:51:17,DECR,13.4,13.39,15.53,13.4,439,352,1.05,10441.81,507,2038,2,0.1,NaN,NaN,NaN,NaN,NaN,25,5,5,14.98,15.03,12.96,12.75
16:51:18,DECR,13.4,13.39,15.5,13.4,466,366,2.69,10444.5,507,2039,2,0.1,NaN,NaN,NaN,NaN,NaN,25,5,5,14.98,15.03,12.96,12.75
16:51:19,DECR,13.4,13.39,15.46,13.4,445,354,1.93,10446.43,507,2040,2,0.1,NaN,NaN,NaN,NaN,NaN,25,5,5,14.98,15.03,12.96,12.75
16:51:20,DECR,13.41,13.39,15.42,13.41,450,356,1.63,10448.06,507,2041,2,0.1,NaN,NaN,NaN,NaN,NaN,25,5,5,14.98,15.03,12.96,12.75
16:51:21,DECR,13.41,13.39,15.4,13.41,455,360,0.82,10448.89,507,2042,2,0.1,NaN,NaN,NaN,NaN,NaN,25,5,5,14.98,15.03,12.96,12.75
16:51:22,DECR,13.41,13.39,15.41,13.41,446,357,0.76,10449.65,507,2043,2,0.1,NaN,NaN,NaN,NaN,NaN,25,5,5,14.98,15.03,12.96,12.75
16:51:23,DECR,13.41,13.39,15.4,13.41,445,352,0.38,10450.03,507,2044,2,0.1,NaN,NaN,NaN,NaN,NaN,25,5,5,14.98,15.03,12.96,12.75
16:51:24,DECR,13.41,13.39,15.4,13.41,446,356,0.1,10450.13,507,2045,2,0.1,NaN,NaN,NaN,NaN,NaN,25,5,5,14.98,15.03,12.96,12.75
16:51:25,DECR,13.41,13.39,15.38,13.41,457,367,1.64,10451.77,507,2046,2,0.1,NaN,NaN,NaN,NaN,NaN,25,5,5,14.98,15.03,12.96,12.75
16:51:26,DECR,13.41,13.39,15.35,13.41,456,369,0.72,10452.49,507,2047,2,0.1,NaN,NaN,NaN,NaN,NaN,25,5,5,14.98,15.03,12.96,12.75
16:51:27,DECR,13.41,13.39,15.33,13.41,450,352,1.17,10453.66,507,2048,2,0.1,NaN,NaN,NaN,NaN,NaN,25,5,5,14.98,15.03,12.96,12.75
16:51:28,DECR,13.42,13.39,15.32,13.42,445,346,0.64,10454.3,507,2049,2,0.1,NaN,NaN,NaN,NaN,NaN,25,5,5,14.98,15.03,12.96,12.75
16:51:29,DECR,13.42,13.39,15.31,13.42,438,344,0.81,10455.11,507,2050,2,0.1,NaN,NaN,NaN,NaN,NaN,25,5,5,14.98,15.03,12.96,12.75
16:51:30,DECR,13.42,13.39,15.31,13.42,428,339,0.99,10456.11,507,2051,2,0.1,NaN,NaN,NaN,NaN,NaN,25,5,5,14.98,15.03,12.96,12.75
16:51:31,DECR,13.42,13.39,15.31,13.42,413,335,1.2,10457.31,507,2052,2,0.1,NaN,NaN,NaN,NaN,NaN,25,5,5,14.98,15.03,12.96,12.75
16:51:32,DECR,13.41,13.39,15.3,13.41,404,329,0.66,10457.97,507,2053,2,0.1,NaN,NaN,NaN,NaN,NaN,25,5,5,14.98,15.03,12.96,12.75
16:51:33,DECR,13.41,13.39,15.3,13.41,390,323,1.11,10459.07,507,2054,2,0.1,NaN,NaN,NaN,NaN,NaN,25,5,5,14.98,15.03,12.96,12.75
16:51:34,DECR,13.41,13.39,15.27,13.41,387,322,0.65,10459.72,507,2055,2,0.1,NaN,NaN,NaN,NaN,NaN,25,5,5,14.98,15.03,12.96,12.75
16:51:35,DECR,13.41,13.39,15.24,13.41,363,312,2.59,10462.31,507,2056,2,0.1,NaN,NaN,NaN,NaN,NaN,25,5,5,14.98,15.03,12.96,12.75
16:51:36,DECR,13.41,13.39,15.22,13.41,331,413,7.78,10470.09,507,2057,2,0.1,NaN,NaN,NaN,NaN,NaN,25,5,5,14.98,15.03,12.96,12.75
16:51:37,DECR,13.41,13.39,15.22,13.41,370,481,6.51,10476.61,507,2058,2,0.1,NaN,NaN,NaN,NaN,NaN,25,5,5,14.98,15.03,12.96,12.75
16:51:38,DECR,13.41,13.39,15.22,13.41,345,520,4.22,10480.83,507,2059,2,0.1,NaN,NaN,NaN,NaN,NaN,25,5,5,14.98,15.03,12.96,12.75
16:51:39,DECR,13.4,13.39,15.21,13.4,300,528,3.74,10484.56,507,2060,2,0.1,NaN,NaN,NaN,NaN,NaN,25,5,5,14.98,15.03,12.96,12.75
16:51:40,DECR,13.4,13.39,15.21,13.4,256,517,3.59,10488.15,507,2061,2,0.1,NaN,NaN,NaN,NaN,NaN,25,5,5,14.98,15.03,12.96,12.75
16:51:41,DECR,13.41,13.39,15.21,13.41,229,503,2.43,10490.59,507,2062,2,0.1,NaN,NaN,NaN,NaN,NaN,25,5,5,14.98,15.03,12.96,12.75
16:51:42,DECR,13.41,13.39,15.21,13.41,195,476,3.45,10494.04,507,2063,2,0.1,NaN,NaN,NaN,NaN,NaN,25,5,5,14.98,15.03,12.96,12.75
16:51:43,DECR,13.41,13.39,15.21,13.41,181,458,1.62,10495.66,507,2064,2,0.1,NaN,NaN,NaN,NaN,NaN,25,5,5,14.98,15.03,12.96,12.75
16:51:44,DECR,13.41,13.39,15.21,13.41,174,447,0.46,10496.12,507,2065,2,0.1,NaN,NaN,NaN,NaN,NaN,25,5,5,14.98,15.03,12.96,12.75
16:51:45,DECR,13.41,13.39,15.21,13.41,173,437,0.5,10496.62,507,2066,2,0.1,NaN,NaN,NaN,NaN,NaN,25,5,5,14.98,15.03,12.96,12.75
16:51:46,DECR,13.41,13.39,15.21,13.41,174,399,2.99,10499.61,507,2067,2,0.1,NaN,NaN,NaN,NaN,NaN,25,5,5,14.98,15.03,12.96,12.75
16:51:47,DECR,13.41,13.39,15.21,13.41,190,335,5.3,10504.91,507,2068,2,0.1,NaN,NaN,NaN,NaN,NaN,25,5,5,14.98,15.03,12.96,12.75
16:51:48,DECR,13.41,13.39,15.21,13.41,210,303,3.04,10507.95,507,2069,2,0.1,NaN,NaN,NaN,NaN,NaN,25,5,5,14.98,15.03,12.96,12.75
16:51:49,DECR,13.4,13.39,15.2,13.4,268,277,5.23,10513.18,507,2070,2,0.1,NaN,NaN,NaN,NaN,NaN,25,5,5,14.98,15.03,12.96,12.75
16:51:50,DECR,13.4,13.39,15.2,13.4,333,278,5.08,10518.25,507,2071,2,0.1,NaN,NaN,NaN,NaN,NaN,25,5,5,14.98,15.03,12.96,12.75
16:51:51,DECR,13.4,13.39,15.21,13.4,370,304,3.73,10521.98,507,2072,2,0.1,NaN,NaN,NaN,NaN,NaN,25,5,5,14.98,15.03,12.96,12.75
16:51:52,DECR,13.4,13.39,15.21,13.4,403,324,3.1,10525.08,507,2073,2,0.1,NaN,NaN,NaN,NaN,NaN,25,5,5,14.98,15.03,12.96,12.75
16:51:53,DECR,13.4,13.39,15.21,13.4,416,338,1.39,10526.47,507,2074,2,0.1,NaN,NaN,NaN,NaN,NaN,25,5,5,14.98,15.03,12.96,12.75
16:51:54,DECR,13.39,13.39,15.21,13.39,438,350,2.02,10528.49,507,2075,2,0.1,NaN,NaN,NaN,NaN,NaN,25,5,5,14.98,15.03,12.96,12.75
16:51:56,DECR,13.39,13.39,15.21,13.39,443,341,0.99,10529.48,507,2076,2,0.1,NaN,NaN,NaN,NaN,NaN,25,5,5,14.98,15.03,12.96,12.75
16:51:57,DECR,13.4,13.39,15.21,13.4,447,345,0.46,10529.94,507,2077,2,0.1,NaN,NaN,NaN,NaN,NaN,25,5,5,14.98,15.03,12.96,12.75
16:51:58,DECR,13.4,13.39,15.22,13.4,438,342,0.56,10530.5,507,2078,2,0.1,NaN,NaN,NaN,NaN,NaN,25,5,5,14.98,15.03,12.96,12.75
16:51:59,DECR,13.39,13.39,15.22,13.39,435,341,0.19,10530.69,507,2079,2,0.1,NaN,NaN,NaN,NaN,NaN,25,5,5,14.98,15.03,12.96,12.75
16:52:00,DECR,13.39,13.39,15.22,13.39,433,344,0.23,10530.93,507,2080,2,0.1,NaN,NaN,NaN,NaN,NaN,25,5,5,14.98,15.03,12.96,12.75
16:52:01,DECR,13.39,13.39,15.22,13.39,425,340,0.6,10531.53,507,2081,2,0.1,NaN,NaN,NaN,NaN,NaN,25,5,5,14.98,15.03,12.96,12.75
16:52:02,DECR,13.38,13.39,15.23,13.38,425,336,0.21,10531.74,507,2082,2,0.1,NaN,NaN,NaN,NaN,NaN,25,5,5,14.98,15.03,12.96,12.75
16:52:03,DECR,13.39,13.39,15.23,13.39,413,332,0.89,10532.63,507,2083,2,0.1,NaN,NaN,NaN,NaN,NaN,25,5,5,14.98,15.03,12.96,12.75
16:52:04,DECR,13.38,13.39,15.23,13.38,409,333,0.31,10532.95,507,2084,2,0.1,NaN,NaN,NaN,NaN,NaN,25,5,5,14.98,15.03,12.96,12.75
16:52:05,DECR,13.38,13.39,15.25,13.38,395,332,0.84,10533.78,507,2085,2,0.1,NaN,NaN,NaN,NaN,NaN,25,5,5,14.98,15.03,12.96,12.75
16:52:06,DECR,13.38,13.39,15.28,13.38,392,332,0.12,10533.91,507,2086,2,0.1,NaN,NaN,NaN,NaN,NaN,25,5,5,14.98,15.03,12.96,12.75
16:52:07,DECR,13.38,13.39,15.31,13.38,389,330,0.09,10533.99,507,2087,2,0.1,NaN,NaN,NaN,NaN,NaN,25,5,5,14.98,15.03,12.96,12.75
16:52:08,DECR,13.38,13.39,15.31,13.38,385,331,0.25,10534.25,507,2088,2,0.1,NaN,NaN,NaN,NaN,NaN,25,5,5,14.98,15.03,12.96,12.75
16:52:09,DECR,13.38,13.39,15.31,13.38,390,339,0.63,10534.88,507,2089,2,0.1,NaN,NaN,NaN,NaN,NaN,25,5,5,14.98,15.03,12.96,12.75
16:52:10,DECR,13.38,13.39,15.32,13.38,396,345,0.51,10535.39,507,2090,2,0.1,NaN,NaN,NaN,NaN,NaN,25,5,5,14.98,15.03,12.96,12.75
16:52:11,DECR,13.38,13.39,15.32,13.38,404,343,0.71,10536.1,507,2091,2,0.1,NaN,NaN,NaN,NaN,NaN,25,5,5,14.98,15.03,12.96,12.75
16:52:12,DECR,13.37,13.39,15.32,13.37,397,343,0.44,10536.54,507,2092,2,0.1,NaN,NaN,NaN,NaN,NaN,25,5,5,14.98,15.03,12.96,12.75
16:52:13,DECR,13.37,13.39,15.32,13.37,404,343,0.56,10537.1,507,2093,2,0.1,NaN,NaN,NaN,NaN,NaN,25,5,5,14.98,15.03,12.96,12.75
16:52:14,DECR,13.37,13.39,15.32,13.37,402,338,0.38,10537.48,507,2094,2,0.1,NaN,NaN,NaN,NaN,NaN,25,5,5,14.98,15.03,12.96,12.75
16:52:15,DECR,13.37,13.39,15.32,13.37,403,339,0.28,10537.76,507,2095,2,0.1,NaN,NaN,NaN,NaN,NaN,25,5,5,14.98,15.03,12.96,12.75
16:52:16,DECR,13.37,13.39,15.33,13.37,399,341,0.24,10538,507,2096,2,0.1,NaN,NaN,NaN,NaN,NaN,25,5,5,14.98,15.03,12.96,12.75
16:52:17,DECR,13.37,13.39,15.33,13.37,399,341,0.12,10538.13,507,2097,2,0.1,NaN,NaN,NaN,NaN,NaN,25,5,5,14.98,15.03,12.96,12.75
16:52:18,DECR,13.37,13.39,15.34,13.37,397,339,0.48,10538.6,507,2098,2,0.1,NaN,NaN,NaN,NaN,NaN,25,5,5,14.98,15.03,12.96,12.75
16:52:19,DECR,13.37,13.39,15.37,13.37,398,343,0.63,10539.23,507,2099,2,0.1,NaN,NaN,NaN,NaN,NaN,25,5,5,14.98,15.03,12.96,12.75
16:52:20,DECR,13.37,13.39,15.4,13.37,408,344,0.96,10540.19,507,2100,2,0.1,NaN,NaN,NaN,NaN,NaN,25,5,5,14.98,15.03,12.96,12.75
16:52:21,DECR,13.37,13.39,15.42,13.37,409,343,0.29,10540.47,507,2101,2,0.1,NaN,NaN,NaN,NaN,NaN,25,5,5,14.98,15.03,12.96,12.75
16:52:22,DECR,13.37,13.39,15.42,13.37,413,339,0.37,10540.84,507,2102,2,0.1,NaN,NaN,NaN,NaN,NaN,25,5,5,14.98,15.03,12.96,12.75
16:52:23,DECR,13.37,13.39,15.43,13.37,407,339,0.36,10541.2,507,2103,2,0.1,NaN,NaN,NaN,NaN,NaN,25,5,5,14.98,15.03,12.96,12.75
16:52:24,DECR,13.37,13.39,15.43,13.37,408,341,0.19,10541.39,507,2104,2,0.1,NaN,NaN,NaN,NaN,NaN,25,5,5,14.98,15.03,12.96,12.75
16:52:25,DECR,13.36,13.39,15.43,13.36,408,342,0.23,10541.62,507,2105,2,0.1,NaN,NaN,NaN,NaN,NaN,25,5,5,14.98,15.03,12.96,12.75
16:52:26,DECR,13.36,13.39,15.43,13.36,415,340,0.49,10542.11,507,2106,2,0.1,NaN,NaN,NaN,NaN,NaN,25,5,5,14.98,15.03,12.96,12.75
16:52:27,DECR,13.36,13.39,15.44,13.36,420,342,0.4,10542.5,507,2107,2,0.1,NaN,NaN,NaN,NaN,NaN,25,5,5,14.98,15.03,12.96,12.75
16:52:28,DECR,13.36,13.39,15.44,13.36,421,347,0.55,10543.05,507,2108,2,0.1,NaN,NaN,NaN,NaN,NaN,25,5,5,14.98,15.03,12.96,12.75
16:52:29,DECR,13.37,13.39,15.45,13.37,423,362,1.19,10544.24,507,2109,2,0.1,NaN,NaN,NaN,NaN,NaN,25,5,5,14.98,15.03,12.96,12.75
16:52:30,DECR,13.37,13.39,15.47,13.37,431,374,1.2,10545.44,507,2110,2,0.1,NaN,NaN,NaN,NaN,NaN,25,5,5,14.98,15.03,12.96,12.75
16:52:31,DECR,13.37,13.39,15.5,13.37,448,362,1.72,10547.16,507,2111,2,0.1,NaN,NaN,NaN,NaN,NaN,25,5,5,14.98,15.03,12.96,12.75
16:52:32,DECR,13.37,13.39,15.52,13.37,440,353,0.85,10548.01,507,2112,2,0.1,NaN,NaN,NaN,NaN,NaN,25,5,5,14.98,15.03,12.96,12.75
16:52:33,DECR,13.37,13.39,15.53,13.37,445,354,0.46,10548.47,507,2113,2,0.1,NaN,NaN,NaN,NaN,NaN,25,5,5,14.98,15.03,12.96,12.75
16:52:34,DECR,13.37,13.39,15.53,13.37,442,357,0.26,10548.73,507,2114,2,0.1,NaN,NaN,NaN,NaN,NaN,25,5,5,14.98,15.03,12.96,12.75
16:52:35,DECR,13.37,13.39,15.53,13.37,446,364,0.59,10549.32,507,2115,2,0.1,NaN,NaN,NaN,NaN,NaN,25,5,5,14.98,15.03,12.96,12.75
16:52:36,DECR,13.37,13.39,15.53,13.37,451,361,0.9,10550.22,507,2116,2,0.1,NaN,NaN,NaN,NaN,NaN,25,5,5,14.98,15.03,12.96,12.75
16:52:37,DECR,13.37,13.39,15.53,13.37,441,360,0.75,10550.98,507,2117,2,0.1,NaN,NaN,NaN,NaN,NaN,25,5,5,14.98,15.03,12.96,12.75
16:52:39,DECR,13.37,13.39,15.53,13.37,436,367,0,10550.98,507,2118,2,0.1,NaN,NaN,NaN,NaN,NaN,25,5,5,14.98,15.03,12.96,12.75
16:52:40,DECR,13.37,13.39,15.53,13.37,444,377,0.92,10551.9,507,2119,2,0.1,NaN,NaN,NaN,NaN,NaN,25,5,5,14.98,15.03,12.96,12.75
16:52:41,DECR,13.37,13.39,15.53,13.37,438,383,0.95,10552.85,507,2120,2,0.1,NaN,NaN,NaN,NaN,NaN,25,5,5,14.98,15.03,12.96,12.75
16:52:42,DECR,13.38,13.39,15.55,13.38,439,380,0.93,10553.78,507,2121,2,0.1,NaN,NaN,NaN,NaN,NaN,25,5,5,14.98,15.03,12.96,12.75
16:52:43,DECR,13.38,13.39,15.55,13.38,441,364,1.25,10555.03,507,2122,2,0.1,NaN,NaN,NaN,NaN,NaN,25,5,5,14.98,15.03,12.96,12.75
16:52:44,DECR,13.38,13.39,15.54,13.38,430,350,1.46,10556.49,507,2123,2,0.1,NaN,NaN,NaN,NaN,NaN,25,5,5,14.98,15.03,12.96,12.75
16:52:45,DECR,13.38,13.39,15.54,13.38,447,387,3.3,10559.8,507,2124,2,0.1,NaN,NaN,NaN,NaN,NaN,25,5,5,14.98,15.03,12.96,12.75
16:52:46,DECR,13.38,13.39,15.55,13.38,440,384,1.21,10561.01,507,2125,2,0.1,NaN,NaN,NaN,NaN,NaN,25,5,5,14.98,15.03,12.96,12.75
16:52:47,DECR,13.38,13.39,15.55,13.38,441,370,1.15,10562.16,507,2126,2,0.1,NaN,NaN,NaN,NaN,NaN,25,5,5,14.98,15.03,12.96,12.75
16:52:48,DECR,13.39,13.39,15.55,13.39,440,355,1.13,10563.29,507,2127,2,0.1,NaN,NaN,NaN,NaN,NaN,25,5,5,14.98,15.03,12.96,12.75
16:52:49,DECR,13.39,13.39,15.55,13.39,438,348,0.33,10563.61,507,2128,2,0.1,NaN,NaN,NaN,NaN,NaN,25,5,5,14.98,15.03,12.96,12.75
16:52:50,DECR,13.39,13.39,15.55,13.39,435,343,0.22,10563.83,507,2129,2,0.1,NaN,NaN,NaN,NaN,NaN,25,5,5,14.98,15.03,12.96,12.75
16:52:51,DECR,13.39,13.39,15.55,13.39,426,342,0.74,10564.57,507,2130,2,0.1,NaN,NaN,NaN,NaN,NaN,25,5,5,14.98,15.03,12.96,12.75
16:52:52,DECR,13.39,13.39,15.55,13.39,421,337,0.46,10565.02,507,2131,2,0.1,NaN,NaN,NaN,NaN,NaN,25,5,5,14.98,15.03,12.96,12.75
16:52:53,DECR,13.4,13.39,15.55,13.4,412,341,0.75,10565.77,507,2132,2,0.1,NaN,NaN,NaN,NaN,NaN,25,5,5,14.98,15.03,12.96,12.75
16:52:54,DECR,13.39,13.39,15.54,13.39,414,341,0.28,10566.05,507,2133,2,0.1,NaN,NaN,NaN,NaN,NaN,25,5,5,14.98,15.03,12.96,12.75
16:52:55,DECR,13.39,13.39,15.54,13.39,401,336,0.93,10566.98,507,2134,2,0.1,NaN,NaN,NaN,NaN,NaN,25,5,5,14.98,15.03,12.96,12.75
16:52:56,DECR,13.39,13.39,15.53,13.39,401,336,0.11,10567.1,507,2135,2,0.1,NaN,NaN,NaN,NaN,NaN,25,5,5,14.98,15.03,12.96,12.75
16:52:57,DECR,13.39,13.39,15.5,13.39,397,335,0.25,10567.34,507,2136,2,0.1,NaN,NaN,NaN,NaN,NaN,25,5,5,14.98,15.03,12.96,12.75
16:52:58,DECR,13.39,13.39,15.47,13.39,394,341,0.42,10567.76,507,2137,2,0.1,NaN,NaN,NaN,NaN,NaN,25,5,5,14.98,15.03,12.96,12.75
16:52:59,DECR,13.39,13.39,15.45,13.39,400,354,1.21,10568.97,507,2138,2,0.1,NaN,NaN,NaN,NaN,NaN,25,5,5,14.98,15.03,12.96,12.75
16:53:00,DECR,13.39,13.39,15.45,13.39,419,358,1.58,10570.56,507,2139,2,0.1,NaN,NaN,NaN,NaN,NaN,25,5,5,14.98,15.03,12.96,12.75
16:53:01,DECR,13.39,13.39,15.44,13.39,427,351,0.98,10571.53,507,2140,2,0.1,NaN,NaN,NaN,NaN,NaN,25,5,5,14.98,15.03,12.96,12.75
16:53:02,DECR,13.39,13.39,15.44,13.39,427,350,0.08,10571.61,507,2141,2,0.1,NaN,NaN,NaN,NaN,NaN,25,5,5,14.98,15.03,12.96,12.75
16:53:03,DECR,13.39,13.39,15.44,13.39,434,347,0.56,10572.17,507,2142,2,0.1,NaN,NaN,NaN,NaN,NaN,25,5,5,14.98,15.03,12.96,12.75
16:53:04,DECR,13.39,13.39,15.44,13.39,430,346,0.22,10572.39,507,2143,2,0.1,NaN,NaN,NaN,NaN,NaN,25,5,5,14.98,15.03,12.96,12.75
16:53:05,DECR,13.39,13.39,15.41,13.39,430,347,0.18,10572.57,507,2144,2,0.1,NaN,NaN,NaN,NaN,NaN,25,5,5,14.98,15.03,12.96,12.75
16:53:06,DECR,13.38,13.39,15.38,13.38,422,350,0.54,10573.1,507,2145,2,0.1,NaN,NaN,NaN,NaN,NaN,25,5,5,14.98,15.03,12.96,12.75
16:53:07,DECR,13.39,13.39,15.35,13.39,428,356,0.94,10574.04,507,2146,2,0.1,NaN,NaN,NaN,NaN,NaN,25,5,5,14.98,15.03,12.96,12.75
16:53:08,DECR,13.38,13.39,15.34,13.38,428,350,0.5,10574.55,507,2147,2,0.1,NaN,NaN,NaN,NaN,NaN,25,5,5,14.98,15.03,12.96,12.75
16:53:09,DECR,13.38,13.39,15.31,13.38,427,343,0.54,10575.09,507,2148,2,0.1,NaN,NaN,NaN,NaN,NaN,25,5,5,14.98,15.03,12.96,12.75
16:53:11,DECR,13.38,13.39,15.28,13.38,425,346,0.11,10575.2,507,2149,2,0.1,NaN,NaN,NaN,NaN,NaN,25,5,5,14.98,15.03,12.96,12.75
16:53:12,DECR,13.38,13.39,15.26,13.38,423,360,1.32,10576.52,507,2150,2,0.1,NaN,NaN,NaN,NaN,NaN,25,5,5,14.98,15.03,12.96,12.75
16:53:13,DECR,13.38,13.39,15.26,13.38,434,361,0.88,10577.4,507,2151,2,0.1,NaN,NaN,NaN,NaN,NaN,25,5,5,14.98,15.03,12.96,12.75
16:53:14,DECR,13.38,13.39,15.24,13.38,433,361,0.33,10577.73,507,2152,2,0.1,NaN,NaN,NaN,NaN,NaN,25,5,5,14.98,15.03,12.96,12.75
16:53:15,DECR,13.38,13.39,15.22,13.38,438,363,0.48,10578.21,507,2153,2,0.1,NaN,NaN,NaN,NaN,NaN,25,5,5,14.98,15.03,12.96,12.75
16:53:16,DECR,13.37,13.39,15.19,13.37,431,353,0.94,10579.15,507,2154,2,0.1,NaN,NaN,NaN,NaN,NaN,25,5,5,14.98,15.03,12.96,12.75
16:53:17,DECR,13.37,13.39,15.18,13.37,426,346,0.91,10580.06,507,2155,2,0.1,NaN,NaN,NaN,NaN,NaN,25,5,5,14.98,15.03,12.96,12.75
16:53:18,DECR,13.36,13.39,15.18,13.36,414,340,0.69,10580.74,507,2156,2,0.1,NaN,NaN,NaN,NaN,NaN,25,5,5,14.98,15.03,12.96,12.75
16:53:19,DECR,13.37,13.39,15.17,13.37,408,337,0.48,10581.22,507,2157,2,0.1,NaN,NaN,NaN,NaN,NaN,25,5,5,14.98,15.03,12.96,12.75
16:53:20,DECR,13.37,13.39,15.17,13.37,401,335,0.47,10581.69,507,2158,2,0.1,NaN,NaN,NaN,NaN,NaN,25,5,5,14.98,15.03,12.96,12.75
16:53:21,DECR,13.37,13.39,15.17,13.37,398,338,0.31,10582,507,2159,2,0.1,NaN,NaN,NaN,NaN,NaN,25,5,5,14.98,15.03,12.96,12.75
16:53:22,DECR,13.37,13.39,15.17,13.37,400,339,0.11,10582.11,507,2160,2,0.1,NaN,NaN,NaN,NaN,NaN,25,5,5,14.98,15.03,12.96,12.75
16:53:23,DECR,13.36,13.39,15.17,13.36,391,337,0.59,10582.7,507,2161,2,0.1,NaN,NaN,NaN,NaN,NaN,25,5,5,14.98,15.03,12.96,12.75
16:53:24,DECR,13.36,13.39,15.16,13.36,395,338,0.25,10582.96,507,2162,2,0.1,NaN,NaN,NaN,NaN,NaN,25,5,5,14.98,15.03,12.96,12.75
16:53:25,DECR,13.36,13.39,15.16,13.36,386,329,1.04,10584,507,2163,2,0.1,NaN,NaN,NaN,NaN,NaN,25,5,5,14.98,15.03,12.96,12.75
16:53:26,DECR,13.36,13.39,15.16,13.36,384,328,0.15,10584.15,507,2164,2,0.1,NaN,NaN,NaN,NaN,NaN,25,5,5,14.98,15.03,12.96,12.75
16:53:27,DECR,13.36,13.39,15.15,13.36,374,319,1.01,10585.16,507,2165,2,0.1,NaN,NaN,NaN,NaN,NaN,25,5,5,14.98,15.03,12.96,12.75
16:53:28,DECR,13.35,13.39,15.15,13.35,360,315,0.97,10586.12,507,2166,2,0.1,NaN,NaN,NaN,NaN,NaN,25,5,5,14.98,15.03,12.96,12.75
16:53:29,DECR,13.35,13.39,15.15,13.35,347,292,1.65,10587.77,507,2167,2,0.1,NaN,NaN,NaN,NaN,NaN,25,5,5,14.98,15.03,12.96,12.75
16:53:30,DECR,13.35,13.39,15.16,13.35,329,284,1.71,10589.49,507,2168,2,0.1,NaN,NaN,NaN,NaN,NaN,25,5,5,14.98,15.03,12.96,12.75
16:53:31,DECR,13.35,13.39,15.15,13.35,310,282,1.55,10591.03,507,2169,2,0.1,NaN,NaN,NaN,NaN,NaN,25,5,5,14.98,15.03,12.96,12.75
16:53:32,DECR,13.35,13.39,15.15,13.35,274,285,2.55,10593.58,507,2170,2,0.1,NaN,NaN,NaN,NaN,NaN,25,5,5,14.98,15.03,12.96,12.75
16:53:33,DECR,13.35,13.39,15.16,13.35,256,294,1.34,10594.92,507,2171,2,0.1,NaN,NaN,NaN,NaN,NaN,25,5,5,14.98,15.03,12.96,12.75
16:53:34,DECR,13.35,13.39,15.16,13.35,238,305,1.72,10596.64,507,2172,2,0.1,NaN,NaN,NaN,NaN,NaN,25,5,5,14.98,15.03,12.96,12.75
16:53:35,DECR,13.35,13.39,15.16,13.35,225,317,1.42,10598.05,507,2173,2,0.1,NaN,NaN,NaN,NaN,NaN,25,5,5,14.98,15.03,12.96,12.75
16:53:36,DECR,13.35,13.39,15.15,13.35,215,323,0.75,10598.8,507,2174,2,0.1,NaN,NaN,NaN,NaN,NaN,25,5,5,14.98,15.03,12.96,12.75
16:53:37,DECR,13.35,13.39,15.15,13.35,207,332,1.11,10599.91,507,2175,2,0.1,NaN,NaN,NaN,NaN,NaN,25,5,5,14.98,15.03,12.96,12.75
16:53:38,DECR,13.35,13.39,15.15,13.35,201,336,0.99,10600.9,507,2176,2,0.1,NaN,NaN,NaN,NaN,NaN,25,5,5,14.98,15.03,12.96,12.75
16:53:39,DECR,13.35,13.39,15.15,13.35,193,350,1.38,10602.29,507,2177,2,0.1,NaN,NaN,NaN,NaN,NaN,25,5,5,14.98,15.03,12.96,12.75
16:53:40,DECR,13.35,13.39,15.15,13.35,195,358,0.87,10603.15,507,2178,2,0.1,NaN,NaN,NaN,NaN,NaN,25,5,5,14.98,15.03,12.96,12.75
16:53:41,DECR,13.35,13.39,15.15,13.35,194,368,0.41,10603.57,507,2179,2,0.1,NaN,NaN,NaN,NaN,NaN,25,5,5,14.98,15.03,12.96,12.75
16:53:42,DECR,13.35,13.39,15.15,13.35,191,373,0.22,10603.79,507,2180,2,0.1,NaN,NaN,NaN,NaN,NaN,25,5,5,14.98,15.03,12.96,12.75
16:53:43,DECR,13.35,13.39,15.15,13.35,186,382,0.65,10604.44,507,2181,2,0.1,NaN,NaN,NaN,NaN,NaN,25,5,5,14.98,15.03,12.96,12.75
16:53:44,DECR,13.35,13.39,15.15,13.35,186,394,0.67,10605.11,507,2182,2,0.1,NaN,NaN,NaN,NaN,NaN,25,5,5,14.98,15.03,12.96,12.75
16:53:45,DECR,13.35,13.39,15.16,13.35,185,400,0.37,10605.48,507,2183,2,0.1,NaN,NaN,NaN,NaN,NaN,25,5,5,14.98,15.03,12.96,12.75
16:53:46,DECR,13.36,13.39,15.16,13.36,186,407,0.69,10606.16,507,2184,2,0.1,NaN,NaN,NaN,NaN,NaN,25,5,5,14.98,15.03,12.96,12.75
16:53:47,DECR,13.36,13.39,15.16,13.36,186,413,0.18,10606.34,507,2185,2,0.1,NaN,NaN,NaN,NaN,NaN,25,5,5,14.98,15.03,12.96,12.75
16:53:48,DECR,13.36,13.39,15.17,13.36,183,419,0.74,10607.08,507,2186,2,0.1,NaN,NaN,NaN,NaN,NaN,25,5,5,14.98,15.03,12.96,12.75
16:53:49,DECR,13.35,13.39,15.17,13.35,182,425,0.83,10607.91,507,2187,2,0.1,NaN,NaN,NaN,NaN,NaN,25,5,5,14.98,15.03,12.96,12.75
16:53:50,DECR,13.35,13.39,15.19,13.35,181,436,1.21,10609.12,507,2188,2,0.1,NaN,NaN,NaN,NaN,NaN,25,5,5,14.98,15.03,12.96,12.75
16:53:51,DECR,13.35,13.39,15.21,13.35,184,419,1.48,10610.6,507,2189,2,0.1,NaN,NaN,NaN,NaN,NaN,25,5,5,14.98,15.03,12.96,12.75
16:53:52,DECR,13.35,13.39,15.24,13.35,185,391,2.06,10612.66,507,2190,2,0.1,NaN,NaN,NaN,NaN,NaN,25,5,5,14.98,15.03,12.96,12.75
16:53:53,DECR,13.35,13.39,15.24,13.35,187,361,2.7,10615.36,507,2191,2,0.1,NaN,NaN,NaN,NaN,NaN,25,5,5,14.98,15.03,12.96,12.75
16:53:54,DECR,13.35,13.39,15.24,13.35,201,330,2.76,10618.12,507,2192,2,0.1,NaN,NaN,NaN,NaN,NaN,25,5,5,14.98,15.03,12.96,12.75
16:53:55,DECR,13.35,13.39,15.24,13.35,274,285,5.88,10624,507,2193,2,0.1,NaN,NaN,NaN,NaN,NaN,25,5,5,14.98,15.03,12.96,12.75
16:53:56,DECR,13.36,13.39,15.25,13.36,327,279,4.37,10628.37,507,2194,2,0.1,NaN,NaN,NaN,NaN,NaN,25,5,5,14.98,15.03,12.96,12.75
16:53:57,DECR,13.36,13.39,15.25,13.36,381,316,5.44,10633.81,507,2195,2,0.1,NaN,NaN,NaN,NaN,NaN,25,5,5,14.98,15.03,12.96,12.75
16:53:58,DECR,13.36,13.39,15.26,13.36,411,341,3.2,10637.02,507,2196,2,0.1,NaN,NaN,NaN,NaN,NaN,25,5,5,14.98,15.03,12.96,12.75
16:53:59,DECR,13.36,13.39,15.26,13.36,424,346,0.94,10637.96,507,2197,2,0.1,NaN,NaN,NaN,NaN,NaN,25,5,5,14.98,15.03,12.96,12.75
16:54:00,DECR,13.36,13.39,15.26,13.36,434,349,0.86,10638.81,507,2198,2,0.1,NaN,NaN,NaN,NaN,NaN,25,5,5,14.98,15.03,12.96,12.75
16:54:01,DECR,13.35,13.39,15.26,13.35,436,350,0.4,10639.21,507,2199,2,0.1,NaN,NaN,NaN,NaN,NaN,25,5,5,14.98,15.03,12.96,12.75
16:54:02,DECR,13.36,13.39,15.26,13.36,442,356,0.5,10639.71,507,2200,2,0.1,NaN,NaN,NaN,NaN,NaN,25,5,5,14.98,15.03,12.96,12.75
16:54:03,DECR,13.35,13.39,15.26,13.35,438,356,0.38,10640.09,507,2201,2,0.1,NaN,NaN,NaN,NaN,NaN,25,5,5,14.98,15.03,12.96,12.75
16:54:04,DECR,13.35,13.39,15.27,13.35,433,351,0.68,10640.77,507,2202,2,0.1,NaN,NaN,NaN,NaN,NaN,25,5,5,14.98,15.03,12.96,12.75
16:54:05,DECR,13.35,13.39,15.3,13.35,424,339,1.22,10641.99,507,2203,2,0.1,NaN,NaN,NaN,NaN,NaN,25,5,5,14.98,15.03,12.96,12.75
16:54:06,DECR,13.35,13.39,15.33,13.35,410,335,1.09,10643.08,507,2204,2,0.1,NaN,NaN,NaN,NaN,NaN,25,5,5,14.98,15.03,12.96,12.75
16:54:07,DECR,13.35,13.39,15.35,13.35,402,332,0.75,10643.83,507,2205,2,0.1,NaN,NaN,NaN,NaN,NaN,25,5,5,14.98,15.03,12.96,12.75
16:54:09,DECR,13.35,13.39,15.35,13.35,371,330,2.73,10646.56,507,2206,2,0.1,NaN,NaN,NaN,NaN,NaN,25,5,5,14.98,15.03,12.96,12.75
16:54:10,DECR,13.36,13.39,15.36,13.36,364,369,2.43,10648.98,507,2207,2,0.1,NaN,NaN,NaN,NaN,NaN,25,5,5,14.98,15.03,12.96,12.75
16:54:11,DECR,13.36,13.39,15.37,13.36,384,399,3.21,10652.19,507,2208,2,0.1,NaN,NaN,NaN,NaN,NaN,25,5,5,14.98,15.03,12.96,12.75
16:54:12,DECR,13.36,13.39,15.37,13.36,405,394,1.68,10653.87,507,2209,2,0.1,NaN,NaN,NaN,NaN,NaN,25,5,5,14.98,15.03,12.96,12.75
16:54:13,DECR,13.35,13.39,15.37,13.35,416,384,1.47,10655.34,507,2210,2,0.1,NaN,NaN,NaN,NaN,NaN,25,5,5,14.98,15.03,12.96,12.75
16:54:14,DECR,13.35,13.39,15.37,13.35,425,372,1.28,10656.62,507,2211,2,0.1,NaN,NaN,NaN,NaN,NaN,25,5,5,14.98,15.03,12.96,12.75
16:54:15,DECR,13.35,13.39,15.37,13.35,431,353,1.74,10658.36,507,2212,2,0.1,NaN,NaN,NaN,NaN,NaN,25,5,5,14.98,15.03,12.96,12.75
16:54:16,DECR,13.35,13.39,15.37,13.35,421,344,0.92,10659.28,507,2213,2,0.1,NaN,NaN,NaN,NaN,NaN,25,5,5,14.98,15.03,12.96,12.75
16:54:17,DECR,13.35,13.39,15.37,13.35,418,337,0.68,10659.96,507,2214,2,0.1,NaN,NaN,NaN,NaN,NaN,25,5,5,14.98,15.03,12.96,12.75
16:54:18,DECR,13.35,13.39,15.38,13.35,400,330,1.49,10661.45,507,2215,2,0.1,NaN,NaN,NaN,NaN,NaN,25,5,5,14.98,15.03,12.96,12.75
16:54:19,DECR,13.35,13.39,15.38,13.35,394,326,0.33,10661.78,507,2216,2,0.1,NaN,NaN,NaN,NaN,NaN,25,5,5,14.98,15.03,12.96,12.75
16:54:20,DECR,13.34,13.39,15.39,13.34,380,325,1.19,10662.97,507,2217,2,0.1,NaN,NaN,NaN,NaN,NaN,25,5,5,14.98,15.03,12.96,12.75
16:54:21,DECR,13.34,13.39,15.4,13.34,368,335,1.24,10664.22,507,2218,2,0.1,NaN,NaN,NaN,NaN,NaN,25,5,5,14.98,15.03,12.96,12.75
16:54:22,DECR,13.35,13.39,15.43,13.35,248,490,17.8,10682.02,507,2219,2,0.1,NaN,NaN,NaN,NaN,NaN,25,5,5,14.98,15.03,12.96,12.75
16:54:23,DECR,13.35,13.39,15.45,13.35,183,448,7.23,10689.24,507,2220,2,0.1,NaN,NaN,NaN,NaN,NaN,25,5,5,14.98,15.03,12.96,12.75
16:54:24,DECR,13.35,13.39,15.46,13.35,176,374,6.05,10695.29,507,2221,2,0.1,NaN,NaN,NaN,NaN,NaN,25,5,5,14.98,15.03,12.96,12.75
16:54:25,DECR,13.34,13.38,15.46,13.34,216,308,6.41,10701.7,507,2222,2,0.1,NaN,NaN,NaN,NaN,NaN,25,5,5,14.98,15.03,12.96,12.75
16:54:26,DECR,13.34,13.38,15.46,13.34,264,283,4.4,10706.1,507,2223,2,0.1,NaN,NaN,NaN,NaN,NaN,25,5,5,14.98,15.03,12.96,12.75
16:54:27,DECR,13.34,13.38,15.46,13.34,302,277,3.07,10709.18,507,2224,2,0.1,NaN,NaN,NaN,NaN,NaN,25,5,5,14.98,15.03,12.96,12.75
16:54:28,DECR,13.34,13.38,15.46,13.34,334,290,2.58,10711.76,507,2225,2,0.1,NaN,NaN,NaN,NaN,NaN,25,5,5,14.98,15.03,12.96,12.75
16:54:29,DECR,13.34,13.38,15.46,13.34,348,309,1.95,10713.71,507,2226,2,0.1,NaN,NaN,NaN,NaN,NaN,25,5,5,14.98,15.03,12.96,12.75
16:54:30,DECR,13.34,13.38,15.47,13.34,375,331,2.72,10716.43,507,2227,2,0.1,NaN,NaN,NaN,NaN,NaN,25,5,5,14.98,15.03,12.96,12.75
16:54:31,DECR,13.34,13.38,15.47,13.34,409,343,2.82,10719.25,507,2228,2,0.1,NaN,NaN,NaN,NaN,NaN,25,5,5,14.98,15.03,12.96,12.75
16:54:32,DECR,13.34,13.38,15.47,13.34,427,354,1.68,10720.93,507,2229,2,0.1,NaN,NaN,NaN,NaN,NaN,25,5,5,14.98,15.03,12.96,12.75
16:54:33,DECR,13.34,13.38,15.47,13.34,439,354,1.12,10722.05,507,2230,2,0.1,NaN,NaN,NaN,NaN,NaN,25,5,5,14.98,15.03,12.96,12.75
16:54:34,DECR,13.34,13.38,15.47,13.34,431,350,0.43,10722.49,507,2231,2,0.1,NaN,NaN,NaN,NaN,NaN,25,5,5,14.98,15.03,12.96,12.75
16:54:35,DECR,13.34,13.38,15.48,13.34,430,348,0.16,10722.65,507,2232,2,0.1,NaN,NaN,NaN,NaN,NaN,25,5,5,14.98,15.03,12.96,12.75
16:54:36,DECR,13.34,13.38,15.48,13.34,421,343,0.6,10723.24,507,2233,2,0.1,NaN,NaN,NaN,NaN,NaN,25,5,5,14.98,15.03,12.96,12.75
16:54:37,DECR,13.34,13.38,15.48,13.34,419,339,0.32,10723.56,507,2234,2,0.1,NaN,NaN,NaN,NaN,NaN,25,5,5,14.98,15.03,12.96,12.75
16:54:38,DECR,13.34,13.38,15.48,13.34,406,341,0.95,10724.51,507,2235,2,0.1,NaN,NaN,NaN,NaN,NaN,25,5,5,14.98,15.03,12.96,12.75
16:54:39,DECR,13.35,13.38,15.48,13.35,405,341,0.18,10724.69,507,2236,2,0.1,NaN,NaN,NaN,NaN,NaN,25,5,5,14.98,15.03,12.96,12.75
16:54:40,DECR,13.35,13.38,15.49,13.35,397,338,0.65,10725.34,507,2237,2,0.1,NaN,NaN,NaN,NaN,NaN,25,5,5,14.98,15.03,12.96,12.75
16:54:41,DECR,13.35,13.38,15.48,13.35,397,344,0.77,10726.11,507,2238,2,0.1,NaN,NaN,NaN,NaN,NaN,25,5,5,14.98,15.03,12.96,12.75
16:54:42,DECR,13.35,13.38,15.48,13.35,400,342,0.21,10726.32,507,2239,2,0.1,NaN,NaN,NaN,NaN,NaN,25,5,5,14.98,15.03,12.96,12.75
16:54:43,DECR,13.35,13.38,15.47,13.35,391,337,0.81,10727.13,507,2240,2,0.1,NaN,NaN,NaN,NaN,NaN,25,5,5,14.98,15.03,12.96,12.75
16:54:44,DECR,13.35,13.38,15.48,13.35,387,339,0.23,10727.36,507,2241,2,0.1,NaN,NaN,NaN,NaN,NaN,25,5,5,14.98,15.03,12.96,12.75
16:54:45,DECR,13.36,13.38,15.48,13.36,401,348,1.06,10728.41,507,2242,2,0.1,NaN,NaN,NaN,NaN,NaN,25,5,5,14.98,15.03,12.96,12.75
16:54:46,DECR,13.36,13.38,15.48,13.36,416,346,1.2,10729.62,507,2243,2,0.1,NaN,NaN,NaN,NaN,NaN,25,5,5,14.98,15.03,12.96,12.75
16:54:47,DECR,13.35,13.38,15.47,13.35,409,346,0.33,10729.94,507,2244,2,0.1,NaN,NaN,NaN,NaN,NaN,25,5,5,14.98,15.03,12.96,12.75
16:54:48,DECR,13.35,13.38,15.47,13.35,410,350,0.64,10730.58,507,2245,2,0.1,NaN,NaN,NaN,NaN,NaN,25,5,5,14.98,15.03,12.96,12.75
16:54:49,DECR,13.35,13.38,15.46,13.35,400,344,0.89,10731.47,507,2246,2,0.1,NaN,NaN,NaN,NaN,NaN,25,5,5,14.98,15.03,12.96,12.75
16:54:50,DECR,13.36,13.38,15.44,13.36,395,344,0.77,10732.24,507,2247,2,0.1,NaN,NaN,NaN,NaN,NaN,25,5,5,14.98,15.03,12.96,12.75
16:54:52,DECR,13.36,13.38,15.42,13.36,439,380,4.55,10736.79,507,2248,2,0.1,NaN,NaN,NaN,NaN,NaN,25,5,5,14.98,15.03,12.96,12.75
16:54:53,DECR,13.36,13.38,15.4,13.36,453,377,2.22,10739.01,507,2249,2,0.1,NaN,NaN,NaN,NaN,NaN,25,5,5,14.98,15.03,12.96,12.75
16:54:54,DECR,13.36,13.38,15.38,13.36,449,351,2.2,10741.21,507,2250,2,0.1,NaN,NaN,NaN,NaN,NaN,25,5,5,14.98,15.03,12.96,12.75
16:54:55,DECR,13.37,13.38,15.36,13.37,415,337,2.78,10744,507,2251,2,0.1,NaN,NaN,NaN,NaN,NaN,25,5,5,14.98,15.03,12.96,12.75
16:54:56,DECR,13.37,13.38,15.34,13.37,402,332,0.87,10744.87,507,2252,2,0.1,NaN,NaN,NaN,NaN,NaN,25,5,5,14.98,15.03,12.96,12.75
16:54:57,DECR,13.37,13.38,15.32,13.37,386,333,1.06,10745.93,507,2253,2,0.1,NaN,NaN,NaN,NaN,NaN,25,5,5,14.98,15.03,12.96,12.75
16:54:58,DECR,13.37,13.38,15.32,13.37,367,339,1.63,10747.56,507,2254,2,0.1,NaN,NaN,NaN,NaN,NaN,25,5,5,14.98,15.03,12.96,12.75
16:54:59,DECR,13.37,13.38,15.31,13.37,353,361,2.17,10749.73,507,2255,2,0.1,NaN,NaN,NaN,NaN,NaN,25,5,5,14.98,15.03,12.96,12.75
16:55:00,DECR,13.37,13.38,15.3,13.37,365,374,1.52,10751.25,507,2256,2,0.1,NaN,NaN,NaN,NaN,NaN,25,5,5,14.98,15.03,12.96,12.75
16:55:01,DECR,13.37,13.38,15.28,13.37,362,374,0.28,10751.53,507,2257,2,0.1,NaN,NaN,NaN,NaN,NaN,25,5,5,14.98,15.03,12.96,12.75
16:55:02,DECR,13.37,13.38,15.25,13.37,356,383,2.07,10753.6,507,2258,2,0.1,NaN,NaN,NaN,NaN,NaN,25,5,5,14.98,15.03,12.96,12.75
16:55:03,DECR,13.37,13.38,15.23,13.37,355,402,1.64,10755.24,507,2259,2,0.1,NaN,NaN,NaN,NaN,NaN,25,5,5,14.98,15.03,12.96,12.75
16:55:04,DECR,13.37,13.38,15.23,13.37,372,412,1.79,10757.03,507,2260,2,0.1,NaN,NaN,NaN,NaN,NaN,25,5,5,14.98,15.03,12.96,12.75
16:55:05,DECR,13.37,13.38,15.21,13.37,389,398,2.02,10759.05,507,2261,2,0.1,NaN,NaN,NaN,NaN,NaN,25,5,5,14.98,15.03,12.96,12.75
16:55:06,DECR,13.38,13.38,15.19,13.38,385,388,0.84,10759.89,507,2262,2,0.1,NaN,NaN,NaN,NaN,NaN,25,5,5,14.98,15.03,12.96,12.75
16:55:07,DECR,13.38,13.38,15.16,13.38,386,378,0.85,10760.74,507,2263,2,0.1,NaN,NaN,NaN,NaN,NaN,25,5,5,14.98,15.03,12.96,12.75
16:55:08,DECR,13.37,13.38,15.15,13.37,382,366,0.95,10761.69,507,2264,2,0.1,NaN,NaN,NaN,NaN,NaN,25,5,5,14.98,15.03,12.96,12.75
16:55:09,DECR,13.37,13.38,15.15,13.37,403,356,2.65,10764.34,507,2265,2,0.1,NaN,NaN,NaN,NaN,NaN,25,5,5,14.98,15.03,12.96,12.75
16:55:10,DECR,13.37,13.38,15.15,13.37,390,317,4.32,10768.66,507,2266,2,0.1,NaN,NaN,NaN,NaN,NaN,25,5,5,14.98,15.03,12.96,12.75
16:55:11,DECR,13.38,13.38,15.15,13.38,363,311,2.29,10770.96,507,2267,2,0.1,NaN,NaN,NaN,NaN,NaN,25,5,5,14.98,15.03,12.96,12.75
16:55:12,DECR,13.38,13.38,15.15,13.38,341,307,1.82,10772.77,507,2268,2,0.1,NaN,NaN,NaN,NaN,NaN,25,5,5,14.98,15.03,12.96,12.75
16:55:13,DECR,13.38,13.38,15.15,13.38,309,317,3.07,10775.85,507,2269,2,0.1,NaN,NaN,NaN,NaN,NaN,25,5,5,14.98,15.03,12.96,12.75
16:55:14,DECR,13.38,13.38,15.14,13.38,303,325,0.59,10776.44,507,2270,2,0.1,NaN,NaN,NaN,NaN,NaN,25,5,5,14.98,15.03,12.96,12.75
16:55:15,DECR,13.38,13.38,15.14,13.38,286,332,1.33,10777.77,507,2271,2,0.1,NaN,NaN,NaN,NaN,NaN,25,5,5,14.98,15.03,12.96,12.75
16:55:16,DECR,13.38,13.38,15.14,13.38,284,341,0.81,10778.58,507,2272,2,0.1,NaN,NaN,NaN,NaN,NaN,25,5,5,14.98,15.03,12.96,12.75
16:55:17,DECR,13.38,13.38,15.14,13.38,274,350,0.94,10779.52,507,2273,2,0.1,NaN,NaN,NaN,NaN,NaN,25,5,5,14.98,15.03,12.96,12.75
16:55:18,DECR,13.37,13.38,15.14,13.37,267,358,0.74,10780.26,507,2274,2,0.1,NaN,NaN,NaN,NaN,NaN,25,5,5,14.98,15.03,12.96,12.75
16:55:19,DECR,13.37,13.38,15.14,13.37,266,356,0.22,10780.47,507,2275,2,0.1,NaN,NaN,NaN,NaN,NaN,25,5,5,14.98,15.03,12.96,12.75
16:55:20,DECR,13.37,13.38,15.13,13.37,258,350,0.75,10781.22,507,2276,2,0.1,NaN,NaN,NaN,NaN,NaN,25,5,5,14.98,15.03,12.96,12.75
16:55:21,DECR,13.38,13.38,15.14,13.38,263,332,2.02,10783.24,507,2277,2,0.1,NaN,NaN,NaN,NaN,NaN,25,5,5,14.98,15.03,12.96,12.75
16:55:22,DECR,13.37,13.38,15.13,13.37,288,323,2.37,10785.61,507,2278,2,0.1,NaN,NaN,NaN,NaN,NaN,25,5,5,14.98,15.03,12.96,12.75
16:55:23,DECR,13.37,13.38,15.13,13.37,336,325,3.94,10789.55,507,2279,2,0.1,NaN,NaN,NaN,NaN,NaN,25,5,5,14.98,15.03,12.96,12.75
16:55:24,DECR,13.37,13.38,15.13,13.37,359,340,2,10791.55,507,2280,2,0.1,NaN,NaN,NaN,NaN,NaN,25,5,5,14.98,15.03,12.96,12.75
16:55:25,DECR,13.37,13.38,15.13,13.37,382,350,1.99,10793.54,507,2281,2,0.1,NaN,NaN,NaN,NaN,NaN,25,5,5,14.98,15.03,12.96,12.75
16:55:26,DECR,13.37,13.38,15.13,13.37,395,351,0.95,10794.49,507,2282,2,0.1,NaN,NaN,NaN,NaN,NaN,25,5,5,14.98,15.03,12.96,12.75
16:55:27,DECR,13.37,13.38,15.13,13.37,417,354,1.85,10796.34,507,2283,2,0.1,NaN,NaN,NaN,NaN,NaN,25,5,5,14.98,15.03,12.96,12.75
16:55:28,DECR,13.37,13.38,15.13,13.37,419,349,0.51,10796.85,507,2284,2,0.1,NaN,NaN,NaN,NaN,NaN,25,5,5,14.98,15.03,12.96,12.75
16:55:29,DECR,13.37,13.38,15.14,13.37,419,349,0.35,10797.2,507,2285,2,0.1,NaN,NaN,NaN,NaN,NaN,25,5,5,14.98,15.03,12.96,12.75
16:55:30,DECR,13.37,13.38,15.14,13.37,412,342,0.59,10797.79,507,2286,2,0.1,NaN,NaN,NaN,NaN,NaN,25,5,5,14.98,15.03,12.96,12.75
16:55:31,DECR,13.37,13.38,15.14,13.37,402,340,0.64,10798.43,507,2287,2,0.1,NaN,NaN,NaN,NaN,NaN,25,5,5,14.98,15.03,12.96,12.75
16:55:32,DECR,13.37,13.38,15.14,13.37,403,337,0.08,10798.51,507,2288,2,0.1,NaN,NaN,NaN,NaN,NaN,25,5,5,14.98,15.03,12.96,12.75
16:55:33,DECR,13.37,13.38,15.14,13.37,395,339,0.65,10799.16,507,2289,2,0.1,NaN,NaN,NaN,NaN,NaN,25,5,5,14.98,15.03,12.96,12.75
16:55:34,DECR,13.37,13.38,15.14,13.37,406,347,1.09,10800.24,507,2290,2,0.1,NaN,NaN,NaN,NaN,NaN,25,5,5,14.98,15.03,12.96,12.75
16:55:35,DECR,13.37,13.38,15.15,13.37,397,344,0.58,10800.83,507,2291,2,0.1,NaN,NaN,NaN,NaN,NaN,25,5,5,14.98,15.03,12.96,12.75
16:55:36,DECR,13.37,13.38,15.14,13.37,394,344,0.17,10801,507,2292,2,0.1,NaN,NaN,NaN,NaN,NaN,25,5,5,14.98,15.03,12.96,12.75
16:55:37,DECR,13.36,13.38,15.15,13.36,389,344,0.44,10801.43,507,2293,2,0.1,NaN,NaN,NaN,NaN,NaN,25,5,5,14.98,15.03,12.96,12.75
16:55:38,DECR,13.36,13.38,15.15,13.36,389,346,0.44,10801.88,507,2294,2,0.1,NaN,NaN,NaN,NaN,NaN,25,5,5,14.98,15.03,12.96,12.75
16:55:39,DECR,13.36,13.38,15.15,13.36,385,342,0.42,10802.3,507,2295,2,0.1,NaN,NaN,NaN,NaN,NaN,25,5,5,14.98,15.03,12.96,12.75
16:55:40,DECR,13.37,13.38,15.15,13.37,401,352,0.82,10803.12,507,2296,2,0.1,NaN,NaN,NaN,NaN,NaN,25,5,5,14.98,15.03,12.96,12.75
16:55:41,DECR,13.36,13.38,15.15,13.36,413,348,1.17,10804.29,507,2297,2,0.1,NaN,NaN,NaN,NaN,NaN,25,5,5,14.98,15.03,12.96,12.75
16:55:42,DECR,13.37,13.38,15.16,13.37,410,342,0.68,10804.97,507,2298,2,0.1,NaN,NaN,NaN,NaN,NaN,25,5,5,14.98,15.03,12.96,12.75
16:55:44,DECR,13.37,13.38,15.16,13.37,418,345,0.5,10805.47,507,2299,2,0.1,NaN,NaN,NaN,NaN,NaN,25,5,5,14.98,15.03,12.96,12.75
16:55:45,DECR,13.37,13.38,15.16,13.37,414,343,0.4,10805.87,507,2300,2,0.1,NaN,NaN,NaN,NaN,NaN,25,5,5,14.98,15.03,12.96,12.75
16:55:46,DECR,13.37,13.38,15.19,13.37,419,344,0.33,10806.19,507,2301,2,0.1,NaN,NaN,NaN,NaN,NaN,25,5,5,14.98,15.03,12.96,12.75
16:55:47,DECR,13.37,13.38,15.21,13.37,414,344,0.35,10806.54,507,2302,2,0.1,NaN,NaN,NaN,NaN,NaN,25,5,5,14.98,15.03,12.96,12.75
16:55:48,DECR,13.37,13.38,15.24,13.37,410,350,0.72,10807.26,507,2303,2,0.1,NaN,NaN,NaN,NaN,NaN,25,5,5,14.98,15.03,12.96,12.75
16:55:49,DECR,13.37,13.38,15.24,13.37,409,350,0.13,10807.39,507,2304,2,0.1,NaN,NaN,NaN,NaN,NaN,25,5,5,14.98,15.03,12.96,12.75
16:55:50,DECR,13.37,13.38,15.24,13.37,404,354,0.79,10808.18,507,2305,2,0.1,NaN,NaN,NaN,NaN,NaN,25,5,5,14.98,15.03,12.96,12.75
16:55:51,DECR,13.37,13.38,15.24,13.37,413,354,0.56,10808.74,507,2306,2,0.1,NaN,NaN,NaN,NaN,NaN,25,5,5,14.98,15.03,12.96,12.75
16:55:52,DECR,13.37,13.38,15.25,13.37,406,352,0.48,10809.21,507,2307,2,0.1,NaN,NaN,NaN,NaN,NaN,25,5,5,14.98,15.03,12.96,12.75
16:55:53,DECR,13.37,13.38,15.25,13.37,411,348,0.32,10809.54,507,2308,2,0.1,NaN,NaN,NaN,NaN,NaN,25,5,5,14.98,15.03,12.96,12.75
16:55:54,DECR,13.37,13.38,15.25,13.37,409,346,0.23,10809.77,507,2309,2,0.1,NaN,NaN,NaN,NaN,NaN,25,5,5,14.98,15.03,12.96,12.75
16:55:55,DECR,13.37,13.38,15.26,13.37,416,347,0.35,10810.13,507,2310,2,0.1,NaN,NaN,NaN,NaN,NaN,25,5,5,14.98,15.03,12.96,12.75
16:55:56,DECR,13.37,13.38,15.29,13.37,412,340,0.45,10810.58,507,2311,2,0.1,NaN,NaN,NaN,NaN,NaN,25,5,5,14.98,15.03,12.96,12.75
16:55:57,DECR,13.37,13.38,15.32,13.37,412,341,0.08,10810.66,507,2312,2,0.1,NaN,NaN,NaN,NaN,NaN,25,5,5,14.98,15.03,12.96,12.75
16:55:58,DECR,13.37,13.38,15.34,13.37,415,345,0.54,10811.2,507,2313,2,0.1,NaN,NaN,NaN,NaN,NaN,25,5,5,14.98,15.03,12.96,12.75
16:55:59,DECR,13.36,13.38,15.35,13.36,411,342,0.47,10811.67,507,2314,2,0.1,NaN,NaN,NaN,NaN,NaN,25,5,5,14.98,15.03,12.96,12.75
16:56:00,DECR,13.37,13.38,15.35,13.37,413,342,0.26,10811.93,507,2315,2,0.1,NaN,NaN,NaN,NaN,NaN,25,5,5,14.98,15.03,12.96,12.75
16:56:01,DECR,13.37,13.38,15.36,13.37,407,339,0.49,10812.42,507,2316,2,0.1,NaN,NaN,NaN,NaN,NaN,25,5,5,14.98,15.03,12.96,12.75
16:56:02,DECR,13.37,13.38,15.36,13.37,412,339,0.47,10812.89,507,2317,2,0.1,NaN,NaN,NaN,NaN,NaN,25,5,5,14.98,15.03,12.96,12.75
16:56:03,DECR,13.37,13.38,15.36,13.37,406,338,0.46,10813.35,507,2318,2,0.1,NaN,NaN,NaN,NaN,NaN,25,5,5,14.98,15.03,12.96,12.75
16:56:04,DECR,13.37,13.38,15.36,13.37,408,346,0.73,10814.07,507,2319,2,0.1,NaN,NaN,NaN,NaN,NaN,25,5,5,14.98,15.03,12.96,12.75
16:56:05,DECR,13.36,13.38,15.36,13.36,403,347,0.39,10814.46,507,2320,2,0.1,NaN,NaN,NaN,NaN,NaN,25,5,5,14.98,15.03,12.96,12.75
16:56:06,DECR,13.36,13.38,15.36,13.36,403,350,0.12,10814.58,507,2321,2,0.1,NaN,NaN,NaN,NaN,NaN,25,5,5,14.98,15.03,12.96,12.75
16:56:07,DECR,13.36,13.38,15.37,13.36,407,347,0.63,10815.2,507,2322,2,0.1,NaN,NaN,NaN,NaN,NaN,25,5,5,14.98,15.03,12.96,12.75
16:56:08,DECR,13.37,13.38,15.37,13.37,406,342,0.51,10815.72,507,2323,2,0.1,NaN,NaN,NaN,NaN,NaN,25,5,5,14.98,15.03,12.96,12.75
16:56:09,DECR,13.37,13.38,15.37,13.37,412,338,0.49,10816.21,507,2324,2,0.1,NaN,NaN,NaN,NaN,NaN,25,5,5,14.98,15.03,12.96,12.75
16:56:10,DECR,13.37,13.38,15.38,13.37,405,332,0.55,10816.75,507,2325,2,0.1,NaN,NaN,NaN,NaN,NaN,25,5,5,14.98,15.03,12.96,12.75
16:56:11,DECR,13.36,13.38,15.38,13.36,405,329,0.35,10817.1,507,2326,2,0.1,NaN,NaN,NaN,NaN,NaN,25,5,5,14.98,15.03,12.96,12.75
16:56:12,DECR,13.37,13.38,15.39,13.37,397,332,0.86,10817.97,507,2327,2,0.1,NaN,NaN,NaN,NaN,NaN,25,5,5,14.98,15.03,12.96,12.75
16:56:13,DECR,13.37,13.38,15.41,13.37,396,339,0.57,10818.53,507,2328,2,0.1,NaN,NaN,NaN,NaN,NaN,25,5,5,14.98,15.03,12.96,12.75
16:56:14,DECR,13.37,13.38,15.44,13.37,395,340,0.37,10818.9,507,2329,2,0.1,NaN,NaN,NaN,NaN,NaN,25,5,5,14.98,15.03,12.96,12.75
16:56:15,DECR,13.37,13.38,15.46,13.37,394,341,0.49,10819.39,507,2330,2,0.1,NaN,NaN,NaN,NaN,NaN,25,5,5,14.98,15.03,12.96,12.75
16:56:16,DECR,13.38,13.38,15.47,13.38,400,342,0.44,10819.83,507,2331,2,0.1,NaN,NaN,NaN,NaN,NaN,25,5,5,14.98,15.03,12.96,12.75
16:56:17,DECR,13.38,13.38,15.47,13.38,396,339,0.48,10820.31,507,2332,2,0.1,NaN,NaN,NaN,NaN,NaN,25,5,5,14.98,15.03,12.96,12.75
16:56:18,DECR,13.37,13.38,15.49,13.37,399,334,0.73,10821.05,507,2333,2,0.1,NaN,NaN,NaN,NaN,NaN,25,5,5,14.98,15.03,12.96,12.75
16:56:19,DECR,13.37,13.38,15.51,13.37,384,322,1.53,10822.58,507,2334,2,0.1,NaN,NaN,NaN,NaN,NaN,25,5,5,14.98,15.03,12.96,12.75
16:56:20,DECR,13.37,13.38,15.53,13.37,378,316,0.43,10823,507,2335,2,0.1,NaN,NaN,NaN,NaN,NaN,25,5,5,14.98,15.03,12.96,12.75
16:56:21,DECR,13.38,13.38,15.53,13.38,361,311,1.46,10824.46,507,2336,2,0.1,NaN,NaN,NaN,NaN,NaN,25,5,5,14.98,15.03,12.96,12.75
16:56:22,DECR,13.38,13.38,15.53,13.38,336,301,2.24,10826.7,507,2337,2,0.1,NaN,NaN,NaN,NaN,NaN,25,5,5,14.98,15.03,12.96,12.75
16:56:23,DECR,13.39,13.38,15.53,13.39,311,292,1.66,10828.36,507,2338,2,0.1,NaN,NaN,NaN,NaN,NaN,25,5,5,14.98,15.03,12.96,12.75
16:56:24,DECR,13.39,13.38,15.53,13.39,289,286,1.94,10830.3,507,2339,2,0.1,NaN,NaN,NaN,NaN,NaN,25,5,5,14.98,15.03,12.96,12.75
16:56:25,DECR,13.39,13.38,15.53,13.39,268,289,1.55,10831.86,507,2340,2,0.1,NaN,NaN,NaN,NaN,NaN,25,5,5,14.98,15.03,12.96,12.75
16:56:26,DECR,13.39,13.38,15.53,13.39,250,306,1.95,10833.81,507,2341,2,0.1,NaN,NaN,NaN,NaN,NaN,25,5,5,14.98,15.03,12.96,12.75
16:56:27,DECR,13.39,13.38,15.54,13.39,237,318,1.39,10835.2,507,2342,2,0.1,NaN,NaN,NaN,NaN,NaN,25,5,5,14.98,15.03,12.96,12.75
16:56:28,DECR,13.39,13.38,15.54,13.39,230,314,0.83,10836.04,507,2343,2,0.1,NaN,NaN,NaN,NaN,NaN,25,5,5,14.98,15.03,12.96,12.75
16:56:29,DECR,13.39,13.38,15.54,13.39,262,299,2.22,10838.26,507,2344,2,0.1,NaN,NaN,NaN,NaN,NaN,25,5,5,14.98,15.03,12.96,12.75
16:56:30,DECR,13.39,13.38,15.54,13.39,291,301,2.35,10840.6,507,2345,2,0.1,NaN,NaN,NaN,NaN,NaN,25,5,5,14.98,15.03,12.96,12.75
16:56:31,DECR,13.4,13.38,15.54,13.4,334,305,3.52,10844.12,507,2346,2,0.1,NaN,NaN,NaN,NaN,NaN,25,5,5,14.98,15.03,12.96,12.75
16:56:32,DECR,13.4,13.38,15.54,13.4,366,320,2.69,10846.82,507,2347,2,0.1,NaN,NaN,NaN,NaN,NaN,25,5,5,14.98,15.03,12.96,12.75
16:56:34,DECR,13.4,13.38,15.54,13.4,410,346,3.67,10850.49,507,2348,2,0.1,NaN,NaN,NaN,NaN,NaN,25,5,5,14.98,15.03,12.96,12.75
16:56:35,DECR,13.4,13.38,15.54,13.4,427,351,1.29,10851.78,507,2349,2,0.1,NaN,NaN,NaN,NaN,NaN,25,5,5,14.98,15.03,12.96,12.75
16:56:36,DECR,13.4,13.38,15.54,13.4,428,352,0.14,10851.92,507,2350,2,0.1,NaN,NaN,NaN,NaN,NaN,25,5,5,14.98,15.03,12.96,12.75
16:56:37,DECR,13.4,13.38,15.54,13.4,432,346,0.72,10852.65,507,2351,2,0.1,NaN,NaN,NaN,NaN,NaN,25,5,5,14.98,15.03,12.96,12.75
16:56:38,DECR,13.39,13.38,15.54,13.39,429,343,0.53,10853.18,507,2352,2,0.1,NaN,NaN,NaN,NaN,NaN,25,5,5,14.98,15.03,12.96,12.75
16:56:39,DECR,13.39,13.38,15.53,13.39,437,346,0.67,10853.85,507,2353,2,0.1,NaN,NaN,NaN,NaN,NaN,25,5,5,14.98,15.03,12.96,12.75
16:56:40,DECR,13.4,13.38,15.53,13.4,432,351,0.42,10854.27,507,2354,2,0.1,NaN,NaN,NaN,NaN,NaN,25,5,5,14.98,15.03,12.96,12.75
16:56:41,DECR,13.4,13.38,15.53,13.4,443,361,1.12,10855.39,507,2355,2,0.1,NaN,NaN,NaN,NaN,NaN,25,5,5,14.98,15.03,12.96,12.75
16:56:42,DECR,13.4,13.38,15.53,13.4,439,352,0.91,10856.31,507,2356,2,0.1,NaN,NaN,NaN,NaN,NaN,25,5,5,14.98,15.03,12.96,12.75
16:56:43,DECR,13.4,13.38,15.53,13.4,430,350,0.75,10857.06,507,2357,2,0.1,NaN,NaN,NaN,NaN,NaN,25,5,5,14.98,15.03,12.96,12.75
16:56:44,DECR,13.4,13.38,15.52,13.4,427,351,0.33,10857.39,507,2358,2,0.1,NaN,NaN,NaN,NaN,NaN,25,5,5,14.98,15.03,12.96,12.75
16:56:45,DECR,13.41,13.38,15.5,13.41,419,351,0.61,10858,507,2359,2,0.1,NaN,NaN,NaN,NaN,NaN,25,5,5,14.98,15.03,12.96,12.75
16:56:46,DECR,13.41,13.38,15.47,13.41,420,352,0.19,10858.19,507,2360,2,0.1,NaN,NaN,NaN,NaN,NaN,25,5,5,14.98,15.03,12.96,12.75
16:56:47,DECR,13.4,13.38,15.44,13.4,410,358,0.94,10859.13,507,2361,2,0.1,NaN,NaN,NaN,NaN,NaN,25,5,5,14.98,15.03,12.96,12.75
16:56:48,DECR,13.41,13.38,15.44,13.41,423,352,1.23,10860.36,507,2362,2,0.1,NaN,NaN,NaN,NaN,NaN,25,5,5,14.98,15.03,12.96,12.75
16:56:49,DECR,13.41,13.38,15.44,13.41,419,345,0.53,10860.89,507,2363,2,0.1,NaN,NaN,NaN,NaN,NaN,25,5,5,14.98,15.03,12.96,12.75
16:56:50,DECR,13.41,13.38,15.43,13.41,418,336,0.65,10861.54,507,2364,2,0.1,NaN,NaN,NaN,NaN,NaN,25,5,5,14.98,15.03,12.96,12.75
16:56:51,DECR,13.4,13.38,15.43,13.4,406,330,1.09,10862.63,507,2365,2,0.1,NaN,NaN,NaN,NaN,NaN,25,5,5,14.98,15.03,12.96,12.75
16:56:52,DECR,13.4,13.38,15.42,13.4,394,334,1.1,10863.73,507,2366,2,0.1,NaN,NaN,NaN,NaN,NaN,25,5,5,14.98,15.03,12.96,12.75
16:56:53,DECR,13.39,13.38,15.4,13.39,385,337,0.55,10864.29,507,2367,2,0.1,NaN,NaN,NaN,NaN,NaN,25,5,5,14.98,15.03,12.96,12.75
16:56:54,DECR,13.39,13.38,15.37,13.39,374,340,0.46,10864.75,507,2368,2,0.1,NaN,NaN,NaN,NaN,NaN,25,5,5,14.98,15.03,12.96,12.75
16:56:55,DECR,13.39,13.38,15.34,13.39,367,346,0.73,10865.47,507,2369,2,0.1,NaN,NaN,NaN,NaN,NaN,25,5,5,14.98,15.03,12.96,12.75
16:56:56,DECR,13.39,13.38,15.32,13.39,344,342,2.15,10867.63,507,2370,2,0.1,NaN,NaN,NaN,NaN,NaN,25,5,5,14.98,15.03,12.96,12.75
16:56:57,DECR,13.39,13.38,15.29,13.39,326,339,2.07,10869.7,507,2371,2,0.1,NaN,NaN,NaN,NaN,NaN,25,5,5,14.98,15.03,12.96,12.75
16:56:58,DECR,13.39,13.38,15.26,13.39,315,406,4.99,10874.69,507,2372,2,0.1,NaN,NaN,NaN,NaN,NaN,25,5,5,14.98,15.03,12.96,12.75
16:56:59,DECR,13.39,13.38,15.25,13.39,447,451,11.82,10886.5,507,2373,2,0.1,NaN,NaN,NaN,NaN,NaN,25,5,5,14.98,15.03,12.96,12.75
16:57:00,DECR,13.39,13.38,15.25,13.39,422,487,4.21,10890.71,507,2374,2,0.1,NaN,NaN,NaN,NaN,NaN,25,5,5,14.98,15.03,12.96,12.75
16:57:01,DECR,13.38,13.38,15.24,13.38,388,514,3.04,10893.75,507,2375,2,0.1,NaN,NaN,NaN,NaN,NaN,25,5,5,14.98,15.03,12.96,12.75
16:57:02,DECR,13.38,13.38,15.24,13.38,361,524,2.35,10896.1,507,2376,2,0.1,NaN,NaN,NaN,NaN,NaN,25,5,5,14.98,15.03,12.96,12.75
16:57:03,DECR,13.38,13.38,15.24,13.38,327,524,2.79,10898.89,507,2377,2,0.1,NaN,NaN,NaN,NaN,NaN,25,5,5,14.98,15.03,12.96,12.75
16:57:04,DECR,13.38,13.38,15.21,13.38,289,515,3.2,10902.09,507,2378,2,0.1,NaN,NaN,NaN,NaN,NaN,25,5,5,14.98,15.03,12.96,12.75
16:57:05,DECR,13.37,13.38,15.16,13.37,242,497,4.08,10906.16,507,2379,2,0.1,NaN,NaN,NaN,NaN,NaN,25,5,5,14.98,15.03,12.96,12.75
16:57:06,DECR,13.36,13.38,15.12,13.36,190,470,4.83,10910.99,507,2380,2,0.1,NaN,NaN,NaN,NaN,NaN,25,5,5,14.98,15.03,12.96,12.75
16:57:07,DECR,13.36,13.38,15.1,13.36,168,434,3.57,10914.56,507,2381,2,0.1,NaN,NaN,NaN,NaN,NaN,25,5,5,14.98,15.03,12.96,12.75
16:57:08,DECR,13.36,13.38,15.1,13.36,170,407,0.33,10914.89,507,2382,2,0.1,NaN,NaN,NaN,NaN,NaN,25,5,5,14.98,15.03,12.96,12.75
16:57:09,DECR,13.36,13.38,15.1,13.36,179,367,3.36,10918.25,507,2383,2,0.1,NaN,NaN,NaN,NaN,NaN,25,5,5,14.98,15.03,12.96,12.75
16:57:10,DECR,13.36,13.38,15.1,13.36,203,329,3.67,10921.91,507,2384,2,0.1,NaN,NaN,NaN,NaN,NaN,25,5,5,14.98,15.03,12.96,12.75
16:57:11,DECR,13.36,13.38,15.1,13.36,230,294,3.6,10925.52,507,2385,2,0.1,NaN,NaN,NaN,NaN,NaN,25,5,5,14.98,15.03,12.96,12.75
16:57:12,DECR,13.36,13.38,15.1,13.36,269,281,3.32,10928.83,507,2386,2,0.1,NaN,NaN,NaN,NaN,NaN,25,5,5,14.98,15.03,12.96,12.75
16:57:13,DECR,13.35,13.38,15.1,13.35,299,275,2.5,10931.33,507,2387,2,0.1,NaN,NaN,NaN,NaN,NaN,25,5,5,14.98,15.03,12.96,12.75
16:57:14,DECR,13.35,13.38,15.09,13.35,358,312,5.69,10937.03,507,2388,2,0.1,NaN,NaN,NaN,NaN,NaN,25,5,5,14.98,15.03,12.96,12.75
16:57:15,DECR,13.35,13.38,15.1,13.35,402,334,4.01,10941.04,507,2389,2,0.1,NaN,NaN,NaN,NaN,NaN,25,5,5,14.98,15.03,12.96,12.75
16:57:16,DECR,13.35,13.38,15.1,13.35,419,345,1.24,10942.28,507,2390,2,0.1,NaN,NaN,NaN,NaN,NaN,25,5,5,14.98,15.03,12.96,12.75
16:57:17,DECR,13.35,13.38,15.1,13.35,428,344,0.74,10943.02,507,2391,2,0.1,NaN,NaN,NaN,NaN,NaN,25,5,5,14.98,15.03,12.96,12.75
16:57:18,DECR,13.35,13.38,15.1,13.35,422,336,0.61,10943.63,507,2392,2,0.1,NaN,NaN,NaN,NaN,NaN,25,5,5,14.98,15.03,12.96,12.75
16:57:19,DECR,13.34,13.38,15.1,13.34,420,334,0.23,10943.86,507,2393,2,0.1,NaN,NaN,NaN,NaN,NaN,25,5,5,14.98,15.03,12.96,12.75
16:57:20,DECR,13.34,13.38,15.1,13.34,410,334,0.73,10944.59,507,2394,2,0.1,NaN,NaN,NaN,NaN,NaN,25,5,5,14.98,15.03,12.96,12.75
16:57:21,DECR,13.34,13.38,15.1,13.34,402,336,0.76,10945.35,507,2395,2,0.1,NaN,NaN,NaN,NaN,NaN,25,5,5,14.98,15.03,12.96,12.75
16:57:22,DECR,13.34,13.38,15.1,13.34,401,336,0.17,10945.52,507,2396,2,0.1,NaN,NaN,NaN,NaN,NaN,25,5,5,14.98,15.03,12.96,12.75
16:57:23,DECR,13.34,13.38,15.11,13.34,398,337,0.63,10946.15,507,2397,2,0.1,NaN,NaN,NaN,NaN,NaN,25,5,5,14.98,15.03,12.96,12.75
16:57:24,DECR,13.34,13.38,15.11,13.34,403,340,0.3,10946.46,507,2398,2,0.1,NaN,NaN,NaN,NaN,NaN,25,5,5,14.98,15.03,12.96,12.75
16:57:25,DECR,13.35,13.38,15.11,13.35,401,340,0.08,10946.54,507,2399,2,0.1,NaN,NaN,NaN,NaN,NaN,25,5,5,14.98,15.03,12.96,12.75
16:57:27,DECR,13.34,13.38,15.12,13.34,409,343,0.75,10947.29,507,2400,2,0.1,NaN,NaN,NaN,NaN,NaN,25,5,5,14.98,15.03,12.96,12.75
16:57:28,DECR,13.34,13.38,15.12,13.34,405,336,0.7,10947.99,507,2401,2,0.1,NaN,NaN,NaN,NaN,NaN,25,5,5,14.98,15.03,12.96,12.75
16:57:29,DECR,13.34,13.38,15.12,13.34,416,342,1.09,10949.09,507,2402,2,0.1,NaN,NaN,NaN,NaN,NaN,25,5,5,14.98,15.03,12.96,12.75
16:57:30,DECR,13.34,13.38,15.12,13.34,421,338,0.39,10949.48,507,2403,2,0.1,NaN,NaN,NaN,NaN,NaN,25,5,5,14.98,15.03,12.96,12.75
16:57:31,DECR,13.34,13.38,15.13,13.34,416,332,0.59,10950.07,507,2404,2,0.1,NaN,NaN,NaN,NaN,NaN,25,5,5,14.98,15.03,12.96,12.75
16:57:32,DECR,13.34,13.38,15.14,13.34,410,331,0.41,10950.48,507,2405,2,0.1,NaN,NaN,NaN,NaN,NaN,25,5,5,14.98,15.03,12.96,12.75
16:57:33,DECR,13.34,13.38,15.16,13.34,396,331,0.98,10951.46,507,2406,2,0.1,NaN,NaN,NaN,NaN,NaN,25,5,5,14.98,15.03,12.96,12.75
16:57:34,DECR,13.34,13.38,15.19,13.34,396,337,0.46,10951.92,507,2407,2,0.1,NaN,NaN,NaN,NaN,NaN,25,5,5,14.98,15.03,12.96,12.75
16:57:35,DECR,13.33,13.38,15.2,13.33,393,342,0.26,10952.18,507,2408,2,0.1,NaN,NaN,NaN,NaN,NaN,25,5,5,14.98,15.03,12.96,12.75
16:57:36,DECR,13.34,13.38,15.21,13.34,401,346,0.57,10952.75,507,2409,2,0.1,NaN,NaN,NaN,NaN,NaN,25,5,5,14.98,15.03,12.96,12.75
16:57:37,DECR,13.33,13.38,15.21,13.33,402,338,0.69,10953.44,507,2410,2,0.1,NaN,NaN,NaN,NaN,NaN,25,5,5,14.98,15.03,12.96,12.75
16:57:38,DECR,13.33,13.38,15.21,13.33,402,331,0.55,10953.99,507,2411,2,0.1,NaN,NaN,NaN,NaN,NaN,25,5,5,14.98,15.03,12.96,12.75
16:57:39,DECR,13.32,13.38,15.22,13.32,400,326,0.65,10954.64,507,2412,2,0.1,NaN,NaN,NaN,NaN,NaN,25,5,5,14.98,15.03,12.96,12.75
16:57:40,DECR,13.33,13.38,15.22,13.33,389,324,0.94,10955.58,507,2413,2,0.1,NaN,NaN,NaN,NaN,NaN,25,5,5,14.98,15.03,12.96,12.75
16:57:41,DECR,13.33,13.38,15.25,13.33,384,326,0.45,10956.04,507,2414,2,0.1,NaN,NaN,NaN,NaN,NaN,25,5,5,14.98,15.03,12.96,12.75
16:57:42,DECR,13.33,13.38,15.27,13.33,383,343,0.38,10956.41,507,2415,2,0.1,NaN,NaN,NaN,NaN,NaN,25,5,5,14.98,15.03,12.96,12.75
16:57:43,DECR,13.33,13.38,15.3,13.33,400,358,1.97,10958.38,507,2416,2,0.1,NaN,NaN,NaN,NaN,NaN,25,5,5,14.98,15.03,12.96,12.75
16:57:44,DECR,13.33,13.38,15.3,13.33,410,350,1.1,10959.48,507,2417,2,0.1,NaN,NaN,NaN,NaN,NaN,25,5,5,14.98,15.03,12.96,12.75
16:57:45,DECR,13.33,13.38,15.3,13.33,417,343,0.52,10960.01,507,2418,2,0.1,NaN,NaN,NaN,NaN,NaN,25,5,5,14.98,15.03,12.96,12.75
16:57:46,DECR,13.32,13.38,15.3,13.32,411,337,0.67,10960.68,507,2419,2,0.1,NaN,NaN,NaN,NaN,NaN,25,5,5,14.98,15.03,12.96,12.75
16:57:47,DECR,13.32,13.38,15.31,13.32,411,341,0.53,10961.2,507,2420,2,0.1,NaN,NaN,NaN,NaN,NaN,25,5,5,14.98,15.03,12.96,12.75
16:57:48,DECR,13.32,13.38,15.31,13.32,410,337,0.49,10961.69,507,2421,2,0.1,NaN,NaN,NaN,NaN,NaN,25,5,5,14.98,15.03,12.96,12.75
16:57:49,DECR,13.32,13.38,15.32,13.32,413,340,0.18,10961.88,507,2422,2,0.1,NaN,NaN,NaN,NaN,NaN,25,5,5,14.98,15.03,12.96,12.75
16:57:50,DECR,13.32,13.38,15.33,13.32,413,340,0.12,10961.99,507,2423,2,0.1,NaN,NaN,NaN,NaN,NaN,25,5,5,14.98,15.03,12.96,12.75
16:57:51,DECR,13.32,13.38,15.36,13.32,410,343,0.28,10962.27,507,2424,2,0.1,NaN,NaN,NaN,NaN,NaN,25,5,5,14.98,15.03,12.96,12.75
16:57:52,DECR,13.32,13.38,15.39,13.32,412,335,0.51,10962.79,507,2425,2,0.1,NaN,NaN,NaN,NaN,NaN,25,5,5,14.98,15.03,12.96,12.75
16:57:53,DECR,13.32,13.38,15.4,13.32,406,338,0.35,10963.14,507,2426,2,0.1,NaN,NaN,NaN,NaN,NaN,25,5,5,14.98,15.03,12.96,12.75
16:57:54,DECR,13.32,13.38,15.4,13.32,408,336,0,10963.14,507,2427,2,0.1,NaN,NaN,NaN,NaN,NaN,25,5,5,14.98,15.03,12.96,12.75
16:57:55,DECR,13.32,13.38,15.4,13.32,399,333,0.56,10963.7,507,2428,2,0.1,NaN,NaN,NaN,NaN,NaN,25,5,5,14.98,15.03,12.96,12.75
16:57:56,DECR,13.32,13.38,15.41,13.32,398,329,0.22,10963.92,507,2429,2,0.1,NaN,NaN,NaN,NaN,NaN,25,5,5,14.98,15.03,12.96,12.75
16:57:57,DECR,13.32,13.38,15.41,13.32,393,317,1.08,10964.99,507,2430,2,0.1,NaN,NaN,NaN,NaN,NaN,25,5,5,14.98,15.03,12.96,12.75
16:57:58,DECR,13.32,13.38,15.42,13.32,361,303,2.43,10967.42,507,2431,2,0.1,NaN,NaN,NaN,NaN,NaN,25,5,5,14.98,15.03,12.96,12.75
16:57:59,DECR,13.32,13.38,15.42,13.32,343,288,1.7,10969.12,507,2432,2,0.1,NaN,NaN,NaN,NaN,NaN,25,5,5,14.98,15.03,12.96,12.75
16:58:00,DECR,13.32,13.38,15.42,13.32,335,285,0.69,10969.81,507,2433,2,0.1,NaN,NaN,NaN,NaN,NaN,25,5,5,14.98,15.03,12.96,12.75
16:58:01,DECR,13.32,13.38,15.42,13.32,288,274,4.09,10973.9,507,2434,2,0.1,NaN,NaN,NaN,NaN,NaN,25,5,5,14.98,15.03,12.96,12.75
16:58:02,DECR,13.32,13.38,15.43,13.32,243,294,4.03,10977.94,507,2435,2,0.1,NaN,NaN,NaN,NaN,NaN,25,5,5,14.98,15.03,12.96,12.75
16:58:03,DECR,13.32,13.38,15.43,13.32,225,308,1.81,10979.74,507,2436,2,0.1,NaN,NaN,NaN,NaN,NaN,25,5,5,14.98,15.03,12.96,12.75
16:58:04,DECR,13.32,13.38,15.43,13.32,215,316,0.97,10980.72,507,2437,2,0.1,NaN,NaN,NaN,NaN,NaN,25,5,5,14.98,15.03,12.96,12.75
16:58:05,DECR,13.32,13.38,15.43,13.32,200,331,1.78,10982.5,507,2438,2,0.1,NaN,NaN,NaN,NaN,NaN,25,5,5,14.98,15.03,12.96,12.75
16:58:06,DECR,13.33,13.38,15.44,13.33,191,345,1.05,10983.54,507,2439,2,0.1,NaN,NaN,NaN,NaN,NaN,25,5,5,14.98,15.03,12.96,12.75
16:58:07,DECR,13.33,13.38,15.45,13.33,186,355,0.78,10984.33,507,2440,2,0.1,NaN,NaN,NaN,NaN,NaN,25,5,5,14.98,15.03,12.96,12.75
16:58:08,DECR,13.33,13.38,15.45,13.33,184,367,0.7,10985.03,507,2441,2,0.1,NaN,NaN,NaN,NaN,NaN,25,5,5,14.98,15.03,12.96,12.75
16:58:09,DECR,13.33,13.38,15.45,13.33,184,381,0.94,10985.97,507,2442,2,0.1,NaN,NaN,NaN,NaN,NaN,25,5,5,14.98,15.03,12.96,12.75
16:58:10,DECR,13.33,13.38,15.46,13.33,184,389,0.48,10986.44,507,2443,2,0.1,NaN,NaN,NaN,NaN,NaN,25,5,5,14.98,15.03,12.96,12.75
16:58:11,DECR,13.34,13.38,15.46,13.34,180,395,0.42,10986.87,507,2444,2,0.1,NaN,NaN,NaN,NaN,NaN,25,5,5,14.98,15.03,12.96,12.75
16:58:12,DECR,13.34,13.38,15.46,13.34,176,402,0.94,10987.8,507,2445,2,0.1,NaN,NaN,NaN,NaN,NaN,25,5,5,14.98,15.03,12.96,12.75
16:58:13,DECR,13.33,13.38,15.46,13.33,173,411,0.66,10988.46,507,2446,2,0.1,NaN,NaN,NaN,NaN,NaN,25,5,5,14.98,15.03,12.96,12.75
16:58:14,DECR,13.34,13.38,15.47,13.34,177,416,0.66,10989.12,507,2447,2,0.1,NaN,NaN,NaN,NaN,NaN,25,5,5,14.98,15.03,12.96,12.75
16:58:15,DECR,13.33,13.38,15.47,13.33,177,412,0.88,10990,507,2448,2,0.1,NaN,NaN,NaN,NaN,NaN,25,5,5,14.98,15.03,12.96,12.75
16:58:16,DECR,13.34,13.38,15.47,13.34,175,419,0.45,10990.45,507,2449,2,0.1,NaN,NaN,NaN,NaN,NaN,25,5,5,14.98,15.03,12.96,12.75
16:58:17,DECR,13.34,13.38,15.47,13.34,171,393,2.41,10992.86,507,2450,2,0.1,NaN,NaN,NaN,NaN,NaN,25,5,5,14.98,15.03,12.96,12.75
16:58:19,DECR,13.34,13.38,15.48,13.34,192,341,4.6,10997.45,507,2451,2,0.1,NaN,NaN,NaN,NaN,NaN,25,5,5,14.98,15.03,12.96,12.75
16:58:20,DECR,13.34,13.38,15.47,13.34,236,288,5.67,11003.12,507,2452,2,0.1,NaN,NaN,NaN,NaN,NaN,25,5,5,14.98,15.03,12.96,12.75
16:58:21,DECR,13.34,13.38,15.47,13.34,285,273,4.2,11007.32,507,2453,2,0.1,NaN,NaN,NaN,NaN,NaN,25,5,5,14.98,15.03,12.96,12.75
16:58:22,DECR,13.34,13.38,15.47,13.34,341,296,4.6,11011.93,507,2454,2,0.1,NaN,NaN,NaN,NaN,NaN,25,5,5,14.98,15.03,12.96,12.75
16:58:23,DECR,13.34,13.38,15.47,13.34,382,324,4.06,11015.99,507,2455,2,0.1,NaN,NaN,NaN,NaN,NaN,25,5,5,14.98,15.03,12.96,12.75
16:58:24,DECR,13.34,13.38,15.47,13.34,422,344,3.44,11019.42,507,2456,2,0.1,NaN,NaN,NaN,NaN,NaN,25,5,5,14.98,15.03,12.96,12.75
16:58:25,DECR,13.34,13.38,15.47,13.34,429,345,0.67,11020.09,507,2457,2,0.1,NaN,NaN,NaN,NaN,NaN,25,5,5,14.98,15.03,12.96,12.75
16:58:26,DECR,13.34,13.38,15.47,13.34,431,345,0.5,11020.59,507,2458,2,0.1,NaN,NaN,NaN,NaN,NaN,25,5,5,14.98,15.03,12.96,12.75
16:58:27,DECR,13.34,13.38,15.46,13.34,434,346,0.24,11020.83,507,2459,2,0.1,NaN,NaN,NaN,NaN,NaN,25,5,5,14.98,15.03,12.96,12.75
16:58:28,DECR,13.34,13.38,15.46,13.34,424,346,0.59,11021.42,507,2460,2,0.1,NaN,NaN,NaN,NaN,NaN,25,5,5,14.98,15.03,12.96,12.75
16:58:29,DECR,13.34,13.38,15.46,13.34,428,342,0.35,11021.77,507,2461,2,0.1,NaN,NaN,NaN,NaN,NaN,25,5,5,14.98,15.03,12.96,12.75
16:58:30,DECR,13.34,13.38,15.45,13.34,419,340,0.55,11022.32,507,2462,2,0.1,NaN,NaN,NaN,NaN,NaN,25,5,5,14.98,15.03,12.96,12.75
16:58:31,DECR,13.34,13.38,15.45,13.34,417,338,0.09,11022.42,507,2463,2,0.1,NaN,NaN,NaN,NaN,NaN,25,5,5,14.98,15.03,12.96,12.75
16:58:32,DECR,13.34,13.38,15.45,13.34,402,326,1.48,11023.9,507,2464,2,0.1,NaN,NaN,NaN,NaN,NaN,25,5,5,14.98,15.03,12.96,12.75
16:58:33,DECR,13.34,13.38,15.44,13.34,392,326,0.9,11024.8,507,2465,2,0.1,NaN,NaN,NaN,NaN,NaN,25,5,5,14.98,15.03,12.96,12.75
16:58:34,DECR,13.34,13.38,15.44,13.34,386,334,0.81,11025.61,507,2466,2,0.1,NaN,NaN,NaN,NaN,NaN,25,5,5,14.98,15.03,12.96,12.75
16:58:35,DECR,13.34,13.38,15.43,13.34,384,342,1.01,11026.63,507,2467,2,0.1,NaN,NaN,NaN,NaN,NaN,25,5,5,14.98,15.03,12.96,12.75
16:58:36,DECR,13.35,13.38,15.4,13.35,399,349,1.19,11027.82,507,2468,2,0.1,NaN,NaN,NaN,NaN,NaN,25,5,5,14.98,15.03,12.96,12.75
16:58:37,DECR,13.34,13.38,15.35,13.34,407,351,0.65,11028.47,507,2469,2,0.1,NaN,NaN,NaN,NaN,NaN,25,5,5,14.98,15.03,12.96,12.75
16:58:38,DECR,13.34,13.38,15.31,13.34,421,349,1.05,11029.51,507,2470,2,0.1,NaN,NaN,NaN,NaN,NaN,25,5,5,14.98,15.03,12.96,12.75
16:58:39,DECR,13.34,13.37,15.29,13.34,416,343,0.53,11030.05,507,2471,2,0.1,NaN,NaN,NaN,NaN,NaN,25,5,5,14.98,15.03,12.96,12.75
16:58:40,DECR,13.34,13.37,15.29,13.34,419,342,0.27,11030.32,507,2472,2,0.1,NaN,NaN,NaN,NaN,NaN,25,5,5,14.98,15.03,12.96,12.75
16:58:41,DECR,13.34,13.37,15.28,13.34,410,345,0.62,11030.94,507,2473,2,0.1,NaN,NaN,NaN,NaN,NaN,25,5,5,14.98,15.03,12.96,12.75
16:58:42,DECR,13.33,13.37,15.28,13.33,417,348,0.34,11031.28,507,2474,2,0.1,NaN,NaN,NaN,NaN,NaN,25,5,5,14.98,15.03,12.96,12.75
16:58:43,DECR,13.33,13.37,15.28,13.33,420,342,0.61,11031.9,507,2475,2,0.1,NaN,NaN,NaN,NaN,NaN,25,5,5,14.98,15.03,12.96,12.75
16:58:44,DECR,13.33,13.37,15.26,13.33,418,341,0.38,11032.28,507,2476,2,0.1,NaN,NaN,NaN,NaN,NaN,25,5,5,14.98,15.03,12.96,12.75
16:58:45,DECR,13.33,13.37,15.23,13.33,420,329,1.03,11033.3,507,2477,2,0.1,NaN,NaN,NaN,NaN,NaN,25,5,5,14.98,15.03,12.96,12.75
16:58:46,DECR,13.34,13.37,15.2,13.34,405,324,1.25,11034.55,507,2478,2,0.1,NaN,NaN,NaN,NaN,NaN,25,5,5,14.98,15.03,12.96,12.75
16:58:47,DECR,13.34,13.37,15.2,13.34,400,328,0.57,11035.12,507,2479,2,0.1,NaN,NaN,NaN,NaN,NaN,25,5,5,14.98,15.03,12.96,12.75
16:58:48,DECR,13.34,13.37,15.2,13.34,392,340,0.92,11036.04,507,2480,2,0.1,NaN,NaN,NaN,NaN,NaN,25,5,5,14.98,15.03,12.96,12.75
16:58:49,DECR,13.33,13.37,15.18,13.33,401,352,1.03,11037.07,507,2481,2,0.1,NaN,NaN,NaN,NaN,NaN,25,5,5,14.98,15.03,12.96,12.75
16:58:50,DECR,13.34,13.37,15.15,13.34,403,349,0.44,11037.52,507,2482,2,0.1,NaN,NaN,NaN,NaN,NaN,25,5,5,14.98,15.03,12.96,12.75
16:58:51,DECR,13.33,13.37,15.12,13.33,410,345,0.52,11038.03,507,2483,2,0.1,NaN,NaN,NaN,NaN,NaN,25,5,5,14.98,15.03,12.96,12.75
16:58:52,DECR,13.33,13.37,15.11,13.33,414,345,0.41,11038.45,507,2484,2,0.1,NaN,NaN,NaN,NaN,NaN,25,5,5,14.98,15.03,12.96,12.75
16:58:53,DECR,13.33,13.37,15.1,13.33,415,347,0.43,11038.88,507,2485,2,0.1,NaN,NaN,NaN,NaN,NaN,25,5,5,14.98,15.03,12.96,12.75
16:58:54,DECR,13.33,13.37,15.1,13.33,419,343,0.55,11039.43,507,2486,2,0.1,NaN,NaN,NaN,NaN,NaN,25,5,5,14.98,15.03,12.96,12.75
16:58:55,DECR,13.33,13.37,15.1,13.33,412,342,1.03,11040.45,507,2487,2,0.1,NaN,NaN,NaN,NaN,NaN,25,5,5,14.98,15.03,12.96,12.75
16:58:56,DECR,13.33,13.37,15.1,13.33,418,341,0.6,11041.05,507,2488,2,0.1,NaN,NaN,NaN,NaN,NaN,25,5,5,14.98,15.03,12.96,12.75
16:58:57,DECR,13.33,13.37,15.09,13.33,415,339,0.34,11041.39,507,2489,2,0.1,NaN,NaN,NaN,NaN,NaN,25,5,5,14.98,15.03,12.96,12.75
16:58:58,DECR,13.33,13.37,15.1,13.33,422,345,0.79,11042.17,507,2490,2,0.1,NaN,NaN,NaN,NaN,NaN,25,5,5,14.98,15.03,12.96,12.75
16:58:59,DECR,13.33,13.37,15.09,13.33,419,345,0,11042.17,507,2491,2,0.1,NaN,NaN,NaN,NaN,NaN,25,5,5,14.98,15.03,12.96,12.75
16:59:00,DECR,13.33,13.37,15.09,13.33,419,346,0.21,11042.39,507,2492,2,0.1,NaN,NaN,NaN,NaN,NaN,25,5,5,14.98,15.03,12.96,12.75
16:59:01,DECR,13.33,13.37,15.09,13.33,413,340,0.54,11042.93,507,2493,2,0.1,NaN,NaN,NaN,NaN,NaN,25,5,5,14.98,15.03,12.96,12.75
16:59:02,DECR,13.33,13.37,15.09,13.33,412,341,0.63,11043.56,507,2494,2,0.1,NaN,NaN,NaN,NaN,NaN,25,5,5,14.98,15.03,12.96,12.75
16:59:03,DECR,13.33,13.37,15.09,13.33,417,342,0.4,11043.96,507,2495,2,0.1,NaN,NaN,NaN,NaN,NaN,25,5,5,14.98,15.03,12.96,12.75
16:59:04,DECR,13.33,13.37,15.09,13.33,415,340,0.19,11044.15,507,2496,2,0.1,NaN,NaN,NaN,NaN,NaN,25,5,5,14.98,15.03,12.96,12.75
16:59:05,DECR,13.33,13.37,15.09,13.33,424,347,0.94,11045.09,507,2497,2,0.1,NaN,NaN,NaN,NaN,NaN,25,5,5,14.98,15.03,12.96,12.75
16:59:06,DECR,13.32,13.37,15.09,13.32,423,363,1,11046.09,507,2498,2,0.1,NaN,NaN,NaN,NaN,NaN,25,5,5,14.98,15.03,12.96,12.75
16:59:07,DECR,13.32,13.37,15.09,13.32,436,370,1.26,11047.35,507,2499,2,0.1,NaN,NaN,NaN,NaN,NaN,25,5,5,14.98,15.03,12.96,12.75
16:59:09,DECR,13.32,13.37,15.1,13.32,443,377,0.88,11048.23,507,2500,2,0.1,NaN,NaN,NaN,NaN,NaN,25,5,5,14.98,15.03,12.96,12.75
16:59:10,DECR,13.32,13.37,15.09,13.32,449,389,1.36,11049.59,507,2501,2,0.1,NaN,NaN,NaN,NaN,NaN,25,5,5,14.98,15.03,12.96,12.75
16:59:11,DECR,13.31,13.37,15.09,13.31,450,365,2.48,11052.07,507,2502,2,0.1,NaN,NaN,NaN,NaN,NaN,25,5,5,14.98,15.03,12.96,12.75
16:59:12,DECR,13.31,13.37,15.1,13.31,433,355,1.58,11053.65,507,2503,2,0.1,NaN,NaN,NaN,NaN,NaN,25,5,5,14.98,15.03,12.96,12.75
16:59:13,DECR,13.32,13.37,15.1,13.32,432,349,0.47,11054.12,507,2504,2,0.1,NaN,NaN,NaN,NaN,NaN,25,5,5,14.98,15.03,12.96,12.75
16:59:14,DECR,13.32,13.37,15.1,13.32,421,342,1.05,11055.16,507,2505,2,0.1,NaN,NaN,NaN,NaN,NaN,25,5,5,14.98,15.03,12.96,12.75
16:59:15,DECR,13.32,13.37,15.1,13.32,417,335,0.33,11055.49,507,2506,2,0.1,NaN,NaN,NaN,NaN,NaN,25,5,5,14.98,15.03,12.96,12.75
16:59:16,DECR,13.32,13.37,15.11,13.32,404,329,1.05,11056.55,507,2507,2,0.1,NaN,NaN,NaN,NaN,NaN,25,5,5,14.98,15.03,12.96,12.75
16:59:17,DECR,13.32,13.37,15.11,13.32,403,333,0.2,11056.75,507,2508,2,0.1,NaN,NaN,NaN,NaN,NaN,25,5,5,14.98,15.03,12.96,12.75
16:59:18,DECR,13.32,13.37,15.12,13.32,394,336,0.72,11057.46,507,2509,2,0.1,NaN,NaN,NaN,NaN,NaN,25,5,5,14.98,15.03,12.96,12.75
16:59:19,DECR,13.32,13.37,15.12,13.32,391,337,0.34,11057.8,507,2510,2,0.1,NaN,NaN,NaN,NaN,NaN,25,5,5,14.98,15.03,12.96,12.75
16:59:20,DECR,13.32,13.37,15.11,13.32,385,332,0.75,11058.55,507,2511,2,0.1,NaN,NaN,NaN,NaN,NaN,25,5,5,14.98,15.03,12.96,12.75
16:59:21,DECR,13.32,13.37,15.12,13.32,379,332,0.59,11059.13,507,2512,2,0.1,NaN,NaN,NaN,NaN,NaN,25,5,5,14.98,15.03,12.96,12.75
16:59:22,DECR,13.32,13.37,15.13,13.32,382,338,0.46,11059.6,507,2513,2,0.1,NaN,NaN,NaN,NaN,NaN,25,5,5,14.98,15.03,12.96,12.75
16:59:23,DECR,13.32,13.37,15.13,13.32,379,347,0.66,11060.25,507,2514,2,0.1,NaN,NaN,NaN,NaN,NaN,25,5,5,14.98,15.03,12.96,12.75
16:59:24,DECR,13.31,13.37,15.14,13.31,374,349,0.22,11060.47,507,2515,2,0.1,NaN,NaN,NaN,NaN,NaN,25,5,5,14.98,15.03,12.96,12.75
16:59:25,DECR,13.31,13.37,15.16,13.31,358,354,1.38,11061.85,507,2516,2,0.1,NaN,NaN,NaN,NaN,NaN,25,5,5,14.98,15.03,12.96,12.75
16:59:26,DECR,13.31,13.37,15.19,13.31,340,372,2.39,11064.24,507,2517,2,0.1,NaN,NaN,NaN,NaN,NaN,25,5,5,14.98,15.03,12.96,12.75
16:59:27,DECR,13.32,13.37,15.21,13.32,324,375,1.74,11065.98,507,2518,2,0.1,NaN,NaN,NaN,NaN,NaN,25,5,5,14.98,15.03,12.96,12.75
16:59:28,DECR,13.32,13.37,15.21,13.32,292,419,4.15,11070.13,507,2519,2,0.1,NaN,NaN,NaN,NaN,NaN,25,5,5,14.98,15.03,12.96,12.75
16:59:29,DECR,13.32,13.37,15.22,13.32,246,462,3.86,11073.99,507,2520,2,0.1,NaN,NaN,NaN,NaN,NaN,25,5,5,14.98,15.03,12.96,12.75
16:59:30,DECR,13.33,13.37,15.22,13.33,189,469,4.9,11078.89,507,2521,2,0.1,NaN,NaN,NaN,NaN,NaN,25,5,5,14.98,15.03,12.96,12.75
16:59:31,DECR,13.33,13.37,15.22,13.33,172,445,2.45,11081.34,507,2522,2,0.1,NaN,NaN,NaN,NaN,NaN,25,5,5,14.98,15.03,12.96,12.75
16:59:32,DECR,13.33,13.37,15.23,13.33,171,397,3.95,11085.29,507,2523,2,0.1,NaN,NaN,NaN,NaN,NaN,25,5,5,14.98,15.03,12.96,12.75
16:59:33,DECR,13.32,13.37,15.22,13.32,181,339,4.29,11089.58,507,2524,2,0.1,NaN,NaN,NaN,NaN,NaN,25,5,5,14.98,15.03,12.96,12.75
16:59:34,DECR,13.32,13.37,15.22,13.32,218,296,4.73,11094.31,507,2525,2,0.1,NaN,NaN,NaN,NaN,NaN,25,5,5,14.98,15.03,12.96,12.75
16:59:35,DECR,13.33,13.37,15.24,13.33,290,269,5.94,11100.25,507,2526,2,0.1,NaN,NaN,NaN,NaN,NaN,25,5,5,14.98,15.03,12.96,12.75
16:59:36,DECR,13.33,13.37,15.27,13.33,326,266,2.83,11103.09,507,2527,2,0.1,NaN,NaN,NaN,NaN,NaN,25,5,5,14.98,15.03,12.96,12.75
16:59:37,DECR,13.33,13.37,15.29,13.33,341,275,1.54,11104.62,507,2528,2,0.1,NaN,NaN,NaN,NaN,NaN,25,5,5,14.98,15.03,12.96,12.75
16:59:38,DECR,13.33,13.37,15.31,13.33,349,290,1.34,11105.96,507,2529,2,0.1,NaN,NaN,NaN,NaN,NaN,25,5,5,14.98,15.03,12.96,12.75
16:59:39,DECR,13.34,13.37,15.31,13.34,356,303,1.21,11107.17,507,2530,2,0.1,NaN,NaN,NaN,NaN,NaN,25,5,5,14.98,15.03,12.96,12.75
16:59:40,DECR,13.34,13.37,15.31,13.34,368,317,1.3,11108.47,507,2531,2,0.1,NaN,NaN,NaN,NaN,NaN,25,5,5,14.98,15.03,12.96,12.75
16:59:41,DECR,13.34,13.37,15.32,13.34,377,328,1.09,11109.56,507,2532,2,0.1,NaN,NaN,NaN,NaN,NaN,25,5,5,14.98,15.03,12.96,12.75
16:59:42,DECR,13.34,13.37,15.32,13.34,395,338,1.69,11111.24,507,2533,2,0.1,NaN,NaN,NaN,NaN,NaN,25,5,5,14.98,15.03,12.96,12.75
16:59:43,DECR,13.34,13.37,15.32,13.34,406,342,0.88,11112.13,507,2534,2,0.1,NaN,NaN,NaN,NaN,NaN,25,5,5,14.98,15.03,12.96,12.75
16:59:44,DECR,13.34,13.37,15.32,13.34,416,341,0.97,11113.09,507,2535,2,0.1,NaN,NaN,NaN,NaN,NaN,25,5,5,14.98,15.03,12.96,12.75
16:59:45,DECR,13.34,13.37,15.33,13.34,410,336,0.43,11113.53,507,2536,2,0.1,NaN,NaN,NaN,NaN,NaN,25,5,5,14.98,15.03,12.96,12.75
16:59:46,DECR,13.34,13.37,15.33,13.34,411,336,0.43,11113.96,507,2537,2,0.1,NaN,NaN,NaN,NaN,NaN,25,5,5,14.98,15.03,12.96,12.75
16:59:47,DECR,13.34,13.37,15.33,13.34,406,332,0.44,11114.4,507,2538,2,0.1,NaN,NaN,NaN,NaN,NaN,25,5,5,14.98,15.03,12.96,12.75
16:59:48,DECR,13.34,13.37,15.34,13.34,398,335,0.63,11115.02,507,2539,2,0.1,NaN,NaN,NaN,NaN,NaN,25,5,5,14.98,15.03,12.96,12.75
16:59:49,DECR,13.34,13.37,15.34,13.34,398,340,0.58,11115.6,507,2540,2,0.1,NaN,NaN,NaN,NaN,NaN,25,5,5,14.98,15.03,12.96,12.75
16:59:50,DECR,13.34,13.37,15.37,13.34,392,344,0.64,11116.24,507,2541,2,0.1,NaN,NaN,NaN,NaN,NaN,25,5,5,14.98,15.03,12.96,12.75
16:59:51,DECR,13.34,13.37,15.39,13.34,395,343,0.19,11116.43,507,2542,2,0.1,NaN,NaN,NaN,NaN,NaN,25,5,5,14.98,15.03,12.96,12.75
16:59:52,DECR,13.34,13.37,15.42,13.34,388,335,0.72,11117.15,507,2543,2,0.1,NaN,NaN,NaN,NaN,NaN,25,5,5,14.98,15.03,12.96,12.75
16:59:53,DECR,13.34,13.37,15.42,13.34,394,338,0.46,11117.61,507,2544,2,0.1,NaN,NaN,NaN,NaN,NaN,25,5,5,14.98,15.03,12.96,12.75
16:59:54,DECR,13.34,13.37,15.42,13.34,393,337,0.15,11117.76,507,2545,2,0.1,NaN,NaN,NaN,NaN,NaN,25,5,5,14.98,15.03,12.96,12.75
16:59:55,DECR,13.34,13.37,15.43,13.34,396,341,0.39,11118.15,507,2546,2,0.1,NaN,NaN,NaN,NaN,NaN,25,5,5,14.98,15.03,12.96,12.75
16:59:56,DECR,13.34,13.37,15.43,13.34,404,330,1.31,11119.46,507,2547,2,0.1,NaN,NaN,NaN,NaN,NaN,25,5,5,14.98,15.03,12.96,12.75
16:59:57,DECR,13.34,13.37,15.43,13.34,405,320,0.65,11120.1,507,2548,2,0.1,NaN,NaN,NaN,NaN,NaN,25,5,5,14.98,15.03,12.96,12.75
16:59:58,DECR,13.34,13.37,15.43,13.34,406,315,0.93,11121.04,507,2549,2,0.1,NaN,NaN,NaN,NaN,NaN,25,5,5,14.98,15.03,12.96,12.75
16:59:59,DECR,13.34,13.37,15.43,13.34,393,320,1.01,11122.05,507,2550,2,0.1,NaN,NaN,NaN,NaN,NaN,25,5,5,14.98,15.03,12.96,12.75
17:00:00,DECR,13.35,13.37,15.44,13.35,398,332,1.01,11123.06,507,2551,2,0.1,NaN,NaN,NaN,NaN,NaN,25,5,5,14.98,15.03,12.96,12.75
17:00:01,DECR,13.35,13.37,15.44,13.35,398,335,0.14,11123.2,507,2552,2,0.1,NaN,NaN,NaN,NaN,NaN,25,5,5,14.98,15.03,12.96,12.75
17:00:02,DECR,13.35,13.37,15.45,13.35,410,337,1.03,11124.23,507,2553,2,0.1,NaN,NaN,NaN,NaN,NaN,25,5,5,14.98,15.03,12.96,12.75
17:00:03,DECR,13.35,13.37,15.45,13.35,406,333,0.67,11124.9,507,2554,2,0.1,NaN,NaN,NaN,NaN,NaN,25,5,5,14.98,15.03,12.96,12.75
17:00:05,DECR,13.35,13.37,15.46,13.35,404,338,0.36,11125.26,507,2555,2,0.1,NaN,NaN,NaN,NaN,NaN,25,5,5,14.98,15.03,12.96,12.75
17:00:06,DECR,13.35,13.37,15.46,13.35,400,335,0.3,11125.56,507,2556,2,0.1,NaN,NaN,NaN,NaN,NaN,25,5,5,14.98,15.03,12.96,12.75
17:00:07,DECR,13.35,13.37,15.48,13.35,397,334,0.1,11125.65,507,2557,2,0.1,NaN,NaN,NaN,NaN,NaN,25,5,5,14.98,15.03,12.96,12.75
17:00:08,DECR,13.35,13.37,15.51,13.35,393,327,0.4,11126.05,507,2558,2,0.1,NaN,NaN,NaN,NaN,NaN,25,5,5,14.98,15.03,12.96,12.75
17:00:09,DECR,13.35,13.37,15.54,13.35,383,327,0.73,11126.78,507,2559,2,0.1,NaN,NaN,NaN,NaN,NaN,25,5,5,14.98,15.03,12.96,12.75
17:00:10,DECR,13.36,13.37,15.54,13.36,378,327,0.14,11126.92,507,2560,2,0.1,NaN,NaN,NaN,NaN,NaN,25,5,5,14.98,15.03,12.96,12.75
17:00:11,DECR,13.35,13.37,15.55,13.35,359,312,1.99,11128.92,507,2561,2,0.1,NaN,NaN,NaN,NaN,NaN,25,5,5,14.98,15.03,12.96,12.75
17:00:12,DECR,13.36,13.37,15.55,13.36,346,306,1.25,11130.17,507,2562,2,0.1,NaN,NaN,NaN,NaN,NaN,25,5,5,14.98,15.03,12.96,12.75
17:00:13,DECR,13.36,13.37,15.55,13.36,331,286,2.23,11132.4,507,2563,2,0.1,NaN,NaN,NaN,NaN,NaN,25,5,5,14.98,15.03,12.96,12.75
17:00:14,DECR,13.36,13.37,15.54,13.36,299,273,2.76,11135.16,507,2564,2,0.1,NaN,NaN,NaN,NaN,NaN,25,5,5,14.98,15.03,12.96,12.75
17:00:15,DECR,13.36,13.37,15.55,13.36,278,271,1.84,11137,507,2565,2,0.1,NaN,NaN,NaN,NaN,NaN,25,5,5,14.98,15.03,12.96,12.75
17:00:16,DECR,13.36,13.37,15.55,13.36,250,285,2.66,11139.66,507,2566,2,0.1,NaN,NaN,NaN,NaN,NaN,25,5,5,14.98,15.03,12.96,12.75
17:00:17,DECR,13.35,13.37,15.55,13.35,310,309,5.29,11144.95,507,2567,2,0.1,NaN,NaN,NaN,NaN,NaN,25,5,5,14.98,15.03,12.96,12.75
17:00:18,DECR,13.35,13.37,15.55,13.35,362,329,4.52,11149.47,507,2568,2,0.1,NaN,NaN,NaN,NaN,NaN,25,5,5,14.98,15.03,12.96,12.75
17:00:19,DECR,13.36,13.37,15.56,13.36,412,344,4.26,11153.74,507,2569,2,0.1,NaN,NaN,NaN,NaN,NaN,25,5,5,14.98,15.03,12.96,12.75
17:00:20,DECR,13.36,13.37,15.56,13.36,421,347,0.7,11154.44,507,2570,2,0.1,NaN,NaN,NaN,NaN,NaN,25,5,5,14.98,15.03,12.96,12.75
17:00:21,DECR,13.37,13.37,15.56,13.37,433,347,0.89,11155.33,507,2571,2,0.1,NaN,NaN,NaN,NaN,NaN,25,5,5,14.98,15.03,12.96,12.75
17:00:22,DECR,13.37,13.37,15.56,13.37,423,340,0.57,11155.9,507,2572,2,0.1,NaN,NaN,NaN,NaN,NaN,25,5,5,14.98,15.03,12.96,12.75
17:00:23,DECR,13.37,13.37,15.56,13.37,426,342,0.46,11156.37,507,2573,2,0.1,NaN,NaN,NaN,NaN,NaN,25,5,5,14.98,15.03,12.96,12.75
17:00:24,DECR,13.37,13.37,15.56,13.37,425,337,0.41,11156.78,507,2574,2,0.1,NaN,NaN,NaN,NaN,NaN,25,5,5,14.98,15.03,12.96,12.75
17:00:25,DECR,13.37,13.37,15.56,13.37,418,334,0.35,11157.12,507,2575,2,0.1,NaN,NaN,NaN,NaN,NaN,25,5,5,14.98,15.03,12.96,12.75
17:00:26,DECR,13.37,13.37,15.56,13.37,418,336,0.24,11157.36,507,2576,2,0.1,NaN,NaN,NaN,NaN,NaN,25,5,5,14.98,15.03,12.96,12.75
17:00:27,DECR,13.38,13.37,15.56,13.38,411,337,0.43,11157.79,507,2577,2,0.1,NaN,NaN,NaN,NaN,NaN,25,5,5,14.98,15.03,12.96,12.75
17:00:28,DECR,13.37,13.37,15.55,13.37,412,340,0.19,11157.98,507,2578,2,0.1,NaN,NaN,NaN,NaN,NaN,25,5,5,14.98,15.03,12.96,12.75
17:00:29,DECR,13.37,13.37,15.56,13.37,404,340,0.53,11158.52,507,2579,2,0.1,NaN,NaN,NaN,NaN,NaN,25,5,5,14.98,15.03,12.96,12.75
17:00:30,DECR,13.37,13.37,15.55,13.37,411,339,0.46,11158.98,507,2580,2,0.1,NaN,NaN,NaN,NaN,NaN,25,5,5,14.98,15.03,12.96,12.75
17:00:31,DECR,13.37,13.37,15.55,13.37,405,331,0.67,11159.64,507,2581,2,0.1,NaN,NaN,NaN,NaN,NaN,25,5,5,14.98,15.03,12.96,12.75
17:00:32,DECR,13.37,13.37,15.54,13.37,400,324,0.6,11160.24,507,2582,2,0.1,NaN,NaN,NaN,NaN,NaN,25,5,5,14.98,15.03,12.96,12.75
17:00:33,DECR,13.37,13.37,15.51,13.37,386,316,1.38,11161.62,507,2583,2,0.1,NaN,NaN,NaN,NaN,NaN,25,5,5,14.98,15.03,12.96,12.75
17:00:34,DECR,13.38,13.37,15.49,13.38,374,323,1.08,11162.71,507,2584,2,0.1,NaN,NaN,NaN,NaN,NaN,25,5,5,14.98,15.03,12.96,12.75
17:00:35,DECR,13.38,13.37,15.47,13.38,362,327,0.73,11163.43,507,2585,2,0.1,NaN,NaN,NaN,NaN,NaN,25,5,5,14.98,15.03,12.96,12.75
17:00:36,DECR,13.38,13.37,15.45,13.38,347,331,1.19,11164.63,507,2586,2,0.1,NaN,NaN,NaN,NaN,NaN,25,5,5,14.98,15.03,12.96,12.75
17:00:37,DECR,13.38,13.37,15.45,13.38,325,325,0,11164.63,507,2587,2,0.1,NaN,NaN,NaN,NaN,NaN,25,5,5,14.98,15.03,12.96,12.75
17:00:38,DECR,13.38,13.37,15.45,13.38,314,341,3.18,11167.8,507,2588,2,0.1,NaN,NaN,NaN,NaN,NaN,25,5,5,14.98,15.03,12.96,12.75
17:00:39,DECR,13.38,13.37,15.45,13.38,371,325,4.83,11172.63,507,2589,2,0.1,NaN,NaN,NaN,NaN,NaN,25,5,5,14.98,15.03,12.96,12.75
17:00:40,DECR,13.38,13.37,15.38,13.38,375,320,0.36,11172.99,507,2590,2,0.1,NaN,NaN,NaN,NaN,NaN,25,5,5,14.98,15.03,12.96,12.75
17:00:41,DECR,13.38,13.37,15.37,13.38,391,332,1.7,11174.69,507,2591,2,0.1,NaN,NaN,NaN,NaN,NaN,25,5,5,14.98,15.03,12.96,12.75
17:00:42,DECR,13.38,13.37,15.36,13.38,409,340,1.54,11176.23,507,2592,2,0.1,NaN,NaN,NaN,NaN,NaN,25,5,5,14.98,15.03,12.96,12.75
17:00:43,DECR,13.38,13.37,15.34,13.38,415,346,0.7,11176.93,507,2593,2,0.1,NaN,NaN,NaN,NaN,NaN,25,5,5,14.98,15.03,12.96,12.75
17:00:44,DECR,13.38,13.37,15.31,13.38,422,341,0.72,11177.65,507,2594,2,0.1,NaN,NaN,NaN,NaN,NaN,25,5,5,14.98,15.03,12.96,12.75
17:00:45,DECR,13.38,13.37,15.29,13.38,414,339,0.76,11178.41,507,2595,2,0.1,NaN,NaN,NaN,NaN,NaN,25,5,5,14.98,15.03,12.96,12.75
17:00:46,DECR,13.38,13.37,15.27,13.38,415,343,0.25,11178.66,507,2596,2,0.1,NaN,NaN,NaN,NaN,NaN,25,5,5,14.98,15.03,12.96,12.75
17:00:47,DECR,13.38,13.37,15.24,13.38,409,341,0.38,11179.04,507,2597,2,0.1,NaN,NaN,NaN,NaN,NaN,25,5,5,14.98,15.03,12.96,12.75
17:00:48,DECR,13.38,13.37,15.22,13.38,412,340,0.12,11179.15,507,2598,2,0.1,NaN,NaN,NaN,NaN,NaN,25,5,5,14.98,15.03,12.96,12.75
17:00:49,DECR,13.38,13.37,15.19,13.38,409,334,0.45,11179.6,507,2599,2,0.1,NaN,NaN,NaN,NaN,NaN,25,5,5,14.98,15.03,12.96,12.75
17:00:50,DECR,13.38,13.37,15.16,13.38,403,335,0.74,11180.34,507,2600,2,0.1,NaN,NaN,NaN,NaN,NaN,25,5,5,14.98,15.03,12.96,12.75
17:00:51,DECR,13.37,13.37,15.14,13.37,400,335,0.39,11180.72,507,2601,2,0.1,NaN,NaN,NaN,NaN,NaN,25,5,5,14.98,15.03,12.96,12.75
17:00:52,DECR,13.37,13.37,15.14,13.37,402,345,0.98,11181.7,507,2602,2,0.1,NaN,NaN,NaN,NaN,NaN,25,5,5,14.98,15.03,12.96,12.75
17:00:53,DECR,13.37,13.37,15.15,13.37,410,343,0.65,11182.35,507,2603,2,0.1,NaN,NaN,NaN,NaN,NaN,25,5,5,14.98,15.03,12.96,12.75
17:00:54,DECR,13.37,13.37,15.15,13.37,410,342,0.21,11182.56,507,2604,2,0.1,NaN,NaN,NaN,NaN,NaN,25,5,5,14.98,15.03,12.96,12.75
17:00:55,DECR,13.37,13.37,15.14,13.37,415,337,0.68,11183.25,507,2605,2,0.1,NaN,NaN,NaN,NaN,NaN,25,5,5,14.98,15.03,12.96,12.75
17:00:57,DECR,13.37,13.37,15.14,13.37,409,334,0.58,11183.82,507,2606,2,0.1,NaN,NaN,NaN,NaN,NaN,25,5,5,14.98,15.03,12.96,12.75
17:00:58,DECR,13.36,13.37,15.13,13.36,415,338,0.38,11184.2,507,2607,2,0.1,NaN,NaN,NaN,NaN,NaN,25,5,5,14.98,15.03,12.96,12.75
17:00:59,DECR,13.36,13.37,15.13,13.36,408,333,0.54,11184.74,507,2608,2,0.1,NaN,NaN,NaN,NaN,NaN,25,5,5,14.98,15.03,12.96,12.75
17:01:00,DECR,13.36,13.37,15.13,13.36,406,336,0.73,11185.47,507,2609,2,0.1,NaN,NaN,NaN,NaN,NaN,25,5,5,14.98,15.03,12.96,12.75
17:01:01,DECR,13.36,13.37,15.13,13.36,415,340,0.86,11186.33,507,2610,2,0.1,NaN,NaN,NaN,NaN,NaN,25,5,5,14.98,15.03,12.96,12.75
17:01:02,DECR,13.36,13.37,15.14,13.36,420,341,0.5,11186.83,507,2611,2,0.1,NaN,NaN,NaN,NaN,NaN,25,5,5,14.98,15.03,12.96,12.75
17:01:03,DECR,13.36,13.37,15.13,13.36,425,339,0.63,11187.46,507,2612,2,0.1,NaN,NaN,NaN,NaN,NaN,25,5,5,14.98,15.03,12.96,12.75
17:01:04,DECR,13.36,13.37,15.14,13.36,417,333,0.66,11188.12,507,2613,2,0.1,NaN,NaN,NaN,NaN,NaN,25,5,5,14.98,15.03,12.96,12.75
17:01:05,DECR,13.35,13.37,15.14,13.35,417,333,0,11188.12,507,2614,2,0.1,NaN,NaN,NaN,NaN,NaN,25,5,5,14.98,15.03,12.96,12.75
17:01:06,DECR,13.35,13.37,15.13,13.35,395,321,2.03,11190.16,507,2615,2,0.1,NaN,NaN,NaN,NaN,NaN,25,5,5,14.98,15.03,12.96,12.75
17:01:07,DECR,13.35,13.37,15.13,13.35,387,317,0.53,11190.68,507,2616,2,0.1,NaN,NaN,NaN,NaN,NaN,25,5,5,14.98,15.03,12.96,12.75
17:01:08,DECR,13.34,13.37,15.13,13.34,376,316,0.9,11191.58,507,2617,2,0.1,NaN,NaN,NaN,NaN,NaN,25,5,5,14.98,15.03,12.96,12.75
17:01:09,DECR,13.34,13.37,15.13,13.34,365,316,0.69,11192.27,507,2618,2,0.1,NaN,NaN,NaN,NaN,NaN,25,5,5,14.98,15.03,12.96,12.75
17:01:10,DECR,13.34,13.37,15.13,13.34,349,312,1.08,11193.35,507,2619,2,0.1,NaN,NaN,NaN,NaN,NaN,25,5,5,14.98,15.03,12.96,12.75
17:01:11,DECR,13.34,13.37,15.13,13.34,336,313,1.15,11194.5,507,2620,2,0.1,NaN,NaN,NaN,NaN,NaN,25,5,5,14.98,15.03,12.96,12.75
17:01:12,DECR,13.34,13.37,15.13,13.34,327,313,0.69,11195.18,507,2621,2,0.1,NaN,NaN,NaN,NaN,NaN,25,5,5,14.98,15.03,12.96,12.75
17:01:13,DECR,13.34,13.37,15.14,13.34,310,316,1.34,11196.52,507,2622,2,0.1,NaN,NaN,NaN,NaN,NaN,25,5,5,14.98,15.03,12.96,12.75
17:01:14,DECR,13.34,13.37,15.14,13.34,304,314,0.24,11196.77,507,2623,2,0.1,NaN,NaN,NaN,NaN,NaN,25,5,5,14.98,15.03,12.96,12.75
17:01:15,DECR,13.33,13.37,15.14,13.33,293,308,0.86,11197.63,507,2624,2,0.1,NaN,NaN,NaN,NaN,NaN,25,5,5,14.98,15.03,12.96,12.75
17:01:16,DECR,13.33,13.37,15.14,13.33,282,303,0.92,11198.54,507,2625,2,0.1,NaN,NaN,NaN,NaN,NaN,25,5,5,14.98,15.03,12.96,12.75
17:01:17,DECR,13.33,13.37,15.15,13.33,285,305,0.65,11199.19,507,2626,2,0.1,NaN,NaN,NaN,NaN,NaN,25,5,5,14.98,15.03,12.96,12.75
17:01:18,DECR,13.33,13.37,15.16,13.33,292,316,1.04,11200.23,507,2627,2,0.1,NaN,NaN,NaN,NaN,NaN,25,5,5,14.98,15.03,12.96,12.75
17:01:19,DECR,13.33,13.37,15.18,13.33,305,330,1.32,11201.55,507,2628,2,0.1,NaN,NaN,NaN,NaN,NaN,25,5,5,14.98,15.03,12.96,12.75
17:01:20,DECR,13.33,13.37,15.2,13.33,316,342,1.22,11202.77,507,2629,2,0.1,NaN,NaN,NaN,NaN,NaN,25,5,5,14.98,15.03,12.96,12.75
17:01:21,DECR,13.33,13.37,15.21,13.33,344,360,2.68,11205.45,507,2630,2,0.1,NaN,NaN,NaN,NaN,NaN,25,5,5,14.98,15.03,12.96,12.75
17:01:22,DECR,13.33,13.37,15.21,13.33,378,374,2.69,11208.14,507,2631,2,0.1,NaN,NaN,NaN,NaN,NaN,25,5,5,14.98,15.03,12.96,12.75
17:01:23,DECR,13.33,13.37,15.21,13.33,410,374,2.67,11210.81,507,2632,2,0.1,NaN,NaN,NaN,NaN,NaN,25,5,5,14.98,15.03,12.96,12.75
17:01:24,DECR,13.33,13.37,15.21,13.33,420,367,0.87,11211.68,507,2633,2,0.1,NaN,NaN,NaN,NaN,NaN,25,5,5,14.98,15.03,12.96,12.75
17:01:25,DECR,13.33,13.37,15.22,13.33,431,362,0.94,11212.61,507,2634,2,0.1,NaN,NaN,NaN,NaN,NaN,25,5,5,14.98,15.03,12.96,12.75
17:01:26,DECR,13.33,13.37,15.22,13.33,436,350,1.28,11213.89,507,2635,2,0.1,NaN,NaN,NaN,NaN,NaN,25,5,5,14.98,15.03,12.96,12.75
17:01:27,DECR,13.33,13.37,15.22,13.33,445,347,0.71,11214.6,507,2636,2,0.1,NaN,NaN,NaN,NaN,NaN,25,5,5,14.98,15.03,12.96,12.75
17:01:28,DECR,13.33,13.37,15.22,13.33,447,341,0.43,11215.03,507,2637,2,0.1,NaN,NaN,NaN,NaN,NaN,25,5,5,14.98,15.03,12.96,12.75
17:01:29,DECR,13.33,13.37,15.23,13.33,431,342,1.18,11216.21,507,2638,2,0.1,NaN,NaN,NaN,NaN,NaN,25,5,5,14.98,15.03,12.96,12.75
17:01:30,DECR,13.33,13.37,15.23,13.33,426,345,0.36,11216.56,507,2639,2,0.1,NaN,NaN,NaN,NaN,NaN,25,5,5,14.98,15.03,12.96,12.75
17:01:31,DECR,13.33,13.37,15.24,13.33,419,343,0.42,11216.99,507,2640,2,0.1,NaN,NaN,NaN,NaN,NaN,25,5,5,14.98,15.03,12.96,12.75
17:01:32,DECR,13.32,13.37,15.24,13.32,426,340,0.61,11217.6,507,2641,2,0.1,NaN,NaN,NaN,NaN,NaN,25,5,5,14.98,15.03,12.96,12.75
17:01:33,DECR,13.32,13.37,15.24,13.32,417,333,0.65,11218.25,507,2642,2,0.1,NaN,NaN,NaN,NaN,NaN,25,5,5,14.98,15.03,12.96,12.75
17:01:34,DECR,13.33,13.37,15.25,13.33,412,331,0.12,11218.37,507,2643,2,0.1,NaN,NaN,NaN,NaN,NaN,25,5,5,14.98,15.03,12.96,12.75
17:01:35,DECR,13.33,13.37,15.28,13.33,397,323,1.24,11219.61,507,2644,2,0.1,NaN,NaN,NaN,NaN,NaN,25,5,5,14.98,15.03,12.96,12.75
17:01:36,DECR,13.33,13.37,15.31,13.33,393,325,0.4,11220.01,507,2645,2,0.1,NaN,NaN,NaN,NaN,NaN,25,5,5,14.98,15.03,12.96,12.75
17:01:37,DECR,13.33,13.37,15.33,13.33,395,338,1.01,11221.02,507,2646,2,0.1,NaN,NaN,NaN,NaN,NaN,25,5,5,14.98,15.03,12.96,12.75
17:01:38,DECR,13.33,13.37,15.33,13.33,402,350,0.5,11221.52,507,2647,2,0.1,NaN,NaN,NaN,NaN,NaN,25,5,5,14.98,15.03,12.96,12.75
17:01:39,DECR,13.34,13.37,15.33,13.34,414,352,0.91,11222.43,507,2648,2,0.1,NaN,NaN,NaN,NaN,NaN,25,5,5,14.98,15.03,12.96,12.75
17:01:40,DECR,13.34,13.37,15.33,13.34,417,349,0.32,11222.75,507,2649,2,0.1,NaN,NaN,NaN,NaN,NaN,25,5,5,14.98,15.03,12.96,12.75
17:01:41,DECR,13.34,13.37,15.34,13.34,429,347,1.06,11223.81,507,2650,2,0.1,NaN,NaN,NaN,NaN,NaN,25,5,5,14.98,15.03,12.96,12.75
17:01:42,DECR,13.34,13.37,15.34,13.34,428,340,0.4,11224.21,507,2651,2,0.1,NaN,NaN,NaN,NaN,NaN,25,5,5,14.98,15.03,12.96,12.75
17:01:44,DECR,13.34,13.37,15.35,13.34,431,336,0.55,11224.76,507,2652,2,0.1,NaN,NaN,NaN,NaN,NaN,25,5,5,14.98,15.03,12.96,12.75
17:01:45,DECR,13.37,13.37,15.35,13.37,418,332,0.94,11225.7,507,2653,2,0.1,NaN,NaN,NaN,NaN,NaN,25,5,5,14.98,15.03,12.96,12.75
17:01:46,DECR,13.39,13.37,15.36,13.39,408,329,0.88,11226.57,507,2654,2,0.1,NaN,NaN,NaN,NaN,NaN,25,5,5,14.98,15.03,12.96,12.75
17:01:47,DECR,13.41,13.37,15.36,13.41,398,328,0.75,11227.32,507,2655,2,0.1,NaN,NaN,NaN,NaN,NaN,25,5,5,14.98,15.03,12.96,12.75
17:01:48,DECR,13.41,13.37,15.38,13.41,395,334,0.55,11227.87,507,2656,2,0.1,NaN,NaN,NaN,NaN,NaN,25,5,5,14.98,15.03,12.96,12.75
17:01:49,DECR,13.41,13.37,15.4,13.41,403,337,0.56,11228.43,507,2657,2,0.1,NaN,NaN,NaN,NaN,NaN,25,5,5,14.98,15.03,12.96,12.75
17:01:50,DECR,13.42,13.37,15.43,13.42,404,340,0.53,11228.96,507,2658,2,0.1,NaN,NaN,NaN,NaN,NaN,25,5,5,14.98,15.03,12.96,12.75
17:01:51,DECR,13.41,13.37,15.43,13.41,418,340,1.13,11230.09,507,2659,2,0.1,NaN,NaN,NaN,NaN,NaN,25,5,5,14.98,15.03,12.96,12.75
17:01:52,DECR,13.41,13.37,15.43,13.41,418,340,0.23,11230.31,507,2660,2,0.1,NaN,NaN,NaN,NaN,NaN,25,5,5,14.98,15.03,12.96,12.75
17:01:53,DECR,13.41,13.37,15.44,13.41,426,340,0.58,11230.89,507,2661,2,0.1,NaN,NaN,NaN,NaN,NaN,25,5,5,14.98,15.03,12.96,12.75
17:01:54,DECR,13.41,13.37,15.46,13.41,418,336,0.81,11231.69,507,2662,2,0.1,NaN,NaN,NaN,NaN,NaN,25,5,5,14.98,15.03,12.96,12.75
17:01:55,DECR,13.41,13.37,15.49,13.41,417,337,0.1,11231.8,507,2663,2,0.1,NaN,NaN,NaN,NaN,NaN,25,5,5,14.98,15.03,12.96,12.75
17:01:56,DECR,13.42,13.37,15.52,13.42,407,333,0.87,11232.66,507,2664,2,0.1,NaN,NaN,NaN,NaN,NaN,25,5,5,14.98,15.03,12.96,12.75
17:01:57,DECR,13.42,13.37,15.52,13.42,398,332,0.56,11233.22,507,2665,2,0.1,NaN,NaN,NaN,NaN,NaN,25,5,5,14.98,15.03,12.96,12.75
17:01:58,DECR,13.42,13.37,15.53,13.42,390,327,0.49,11233.72,507,2666,2,0.1,NaN,NaN,NaN,NaN,NaN,25,5,5,14.98,15.03,12.96,12.75
17:01:59,DECR,13.42,13.37,15.53,13.42,372,321,1.48,11235.2,507,2667,2,0.1,NaN,NaN,NaN,NaN,NaN,25,5,5,14.98,15.03,12.96,12.75
17:02:00,DECR,13.42,13.37,15.53,13.42,356,316,0.97,11236.17,507,2668,2,0.1,NaN,NaN,NaN,NaN,NaN,25,5,5,14.98,15.03,12.96,12.75
17:02:01,DECR,13.42,13.37,15.54,13.42,335,315,1.83,11238,507,2669,2,0.1,NaN,NaN,NaN,NaN,NaN,25,5,5,14.98,15.03,12.96,12.75
17:02:02,DECR,13.42,13.37,15.54,13.42,323,325,1.91,11239.92,507,2670,2,0.1,NaN,NaN,NaN,NaN,NaN,25,5,5,14.98,15.03,12.96,12.75
17:02:03,DECR,13.42,13.37,15.54,13.42,328,345,1.75,11241.66,507,2671,2,0.1,NaN,NaN,NaN,NaN,NaN,25,5,5,14.98,15.03,12.96,12.75
17:02:04,DECR,13.42,13.37,15.54,13.42,340,352,0.98,11242.65,507,2672,2,0.1,NaN,NaN,NaN,NaN,NaN,25,5,5,14.98,15.03,12.96,12.75
17:02:05,DECR,13.42,13.37,15.54,13.42,351,355,0.78,11243.43,507,2673,2,0.1,NaN,NaN,NaN,NaN,NaN,25,5,5,14.98,15.03,12.96,12.75
17:02:06,DECR,13.42,13.37,15.55,13.42,370,367,1.65,11245.08,507,2674,2,0.1,NaN,NaN,NaN,NaN,NaN,25,5,5,14.98,15.03,12.96,12.75
17:02:07,DECR,13.43,13.37,15.56,13.43,392,376,1.98,11247.06,507,2675,2,0.1,NaN,NaN,NaN,NaN,NaN,25,5,5,14.98,15.03,12.96,12.75
17:02:08,DECR,13.43,13.37,15.56,13.43,411,371,1.75,11248.81,507,2676,2,0.1,NaN,NaN,NaN,NaN,NaN,25,5,5,14.98,15.03,12.96,12.75
17:02:09,DECR,13.43,13.37,15.56,13.43,427,353,2.07,11250.88,507,2677,2,0.1,NaN,NaN,NaN,NaN,NaN,25,5,5,14.98,15.03,12.96,12.75
17:02:10,DECR,13.42,13.37,15.56,13.42,429,345,0.68,11251.56,507,2678,2,0.1,NaN,NaN,NaN,NaN,NaN,25,5,5,14.98,15.03,12.96,12.75
17:02:11,DECR,13.43,13.37,15.56,13.43,431,340,0.3,11251.86,507,2679,2,0.1,NaN,NaN,NaN,NaN,NaN,25,5,5,14.98,15.03,12.96,12.75
17:02:12,DECR,13.43,13.37,15.57,13.43,419,339,0.96,11252.83,507,2680,2,0.1,NaN,NaN,NaN,NaN,NaN,25,5,5,14.98,15.03,12.96,12.75
17:02:13,DECR,13.43,13.37,15.56,13.43,425,342,0.29,11253.12,507,2681,2,0.1,NaN,NaN,NaN,NaN,NaN,25,5,5,14.98,15.03,12.96,12.75
17:02:14,DECR,13.43,13.37,15.56,13.43,420,341,0.34,11253.45,507,2682,2,0.1,NaN,NaN,NaN,NaN,NaN,25,5,5,14.98,15.03,12.96,12.75
17:02:15,DECR,13.44,13.37,15.57,13.44,421,340,0.27,11253.73,507,2683,2,0.1,NaN,NaN,NaN,NaN,NaN,25,5,5,14.98,15.03,12.96,12.75
17:02:16,DECR,13.43,13.37,15.57,13.43,415,334,0.66,11254.39,507,2684,2,0.1,NaN,NaN,NaN,NaN,NaN,25,5,5,14.98,15.03,12.96,12.75
17:02:17,DECR,13.44,13.37,15.56,13.44,409,333,0.41,11254.8,507,2685,2,0.1,NaN,NaN,NaN,NaN,NaN,25,5,5,14.98,15.03,12.96,12.75
17:02:18,DECR,13.44,13.37,15.56,13.44,410,334,0.1,11254.9,507,2686,2,0.1,NaN,NaN,NaN,NaN,NaN,25,5,5,14.98,15.03,12.96,12.75
17:02:19,DECR,13.44,13.37,15.56,13.44,401,337,0.49,11255.39,507,2687,2,0.1,NaN,NaN,NaN,NaN,NaN,25,5,5,14.98,15.03,12.96,12.75
17:02:20,DECR,13.43,13.37,15.56,13.43,407,340,0.43,11255.82,507,2688,2,0.1,NaN,NaN,NaN,NaN,NaN,25,5,5,14.98,15.03,12.96,12.75
17:02:21,DECR,13.43,13.37,15.56,13.43,405,338,0.65,11256.47,507,2689,2,0.1,NaN,NaN,NaN,NaN,NaN,25,5,5,14.98,15.03,12.96,12.75
17:02:22,DECR,13.43,13.37,15.56,13.43,405,334,0.41,11256.88,507,2690,2,0.1,NaN,NaN,NaN,NaN,NaN,25,5,5,14.98,15.03,12.96,12.75
17:02:23,DECR,13.44,13.37,15.56,13.44,390,321,1.26,11258.14,507,2691,2,0.1,NaN,NaN,NaN,NaN,NaN,25,5,5,14.98,15.03,12.96,12.75
17:02:24,DECR,13.44,13.37,15.56,13.44,372,314,1.19,11259.33,507,2692,2,0.1,NaN,NaN,NaN,NaN,NaN,25,5,5,14.98,15.03,12.96,12.75
17:02:25,DECR,13.44,13.37,15.55,13.44,350,309,1.14,11260.46,507,2693,2,0.1,NaN,NaN,NaN,NaN,NaN,25,5,5,14.98,15.03,12.96,12.75
17:02:26,DECR,13.44,13.37,15.55,13.44,325,304,2.1,11262.56,507,2694,2,0.1,NaN,NaN,NaN,NaN,NaN,25,5,5,14.98,15.03,12.96,12.75
17:02:27,DECR,13.44,13.37,15.54,13.44,296,300,2.06,11264.63,507,2695,2,0.1,NaN,NaN,NaN,NaN,NaN,25,5,5,14.98,15.03,12.96,12.75
17:02:29,DECR,13.44,13.37,15.54,13.44,270,302,2.19,11266.81,507,2696,2,0.1,NaN,NaN,NaN,NaN,NaN,25,5,5,14.98,15.03,12.96,12.75
17:02:30,DECR,13.44,13.37,15.54,13.44,248,309,1.8,11268.61,507,2697,2,0.1,NaN,NaN,NaN,NaN,NaN,25,5,5,14.98,15.03,12.96,12.75
17:02:31,DECR,13.44,13.37,15.51,13.44,224,319,2.12,11270.73,507,2698,2,0.1,NaN,NaN,NaN,NaN,NaN,25,5,5,14.98,15.03,12.96,12.75
17:02:32,DECR,13.44,13.37,15.48,13.44,210,325,1.29,11272.02,507,2699,2,0.1,NaN,NaN,NaN,NaN,NaN,25,5,5,14.98,15.03,12.96,12.75
17:02:33,DECR,13.44,13.37,15.45,13.44,193,338,1.62,11273.65,507,2700,2,0.1,NaN,NaN,NaN,NaN,NaN,25,5,5,14.98,15.03,12.96,12.75
17:02:34,DECR,13.44,13.37,15.42,13.44,188,340,0.36,11274,507,2701,2,0.1,NaN,NaN,NaN,NaN,NaN,25,5,5,14.98,15.03,12.96,12.75
17:02:35,DECR,13.44,13.37,15.4,13.44,180,345,0.62,11274.63,507,2702,2,0.1,NaN,NaN,NaN,NaN,NaN,25,5,5,14.98,15.03,12.96,12.75
17:02:36,DECR,13.43,13.37,15.37,13.43,189,346,1.83,11276.46,507,2703,2,0.1,NaN,NaN,NaN,NaN,NaN,25,5,5,14.98,15.03,12.96,12.75
17:02:37,DECR,13.44,13.37,15.37,13.44,242,308,5.29,11281.75,507,2704,2,0.1,NaN,NaN,NaN,NaN,NaN,25,5,5,14.98,15.03,12.96,12.75
17:02:38,DECR,13.43,13.37,15.37,13.43,313,298,5.45,11287.2,507,2705,2,0.1,NaN,NaN,NaN,NaN,NaN,25,5,5,14.98,15.03,12.96,12.75
17:02:39,DECR,13.44,13.37,15.36,13.44,350,315,3.3,11290.5,507,2706,2,0.1,NaN,NaN,NaN,NaN,NaN,25,5,5,14.98,15.03,12.96,12.75
17:02:40,DECR,13.44,13.37,15.36,13.44,386,333,3.22,11293.72,507,2707,2,0.1,NaN,NaN,NaN,NaN,NaN,25,5,5,14.98,15.03,12.96,12.75
17:02:41,DECR,13.44,13.37,15.33,13.44,419,344,2.83,11296.55,507,2708,2,0.1,NaN,NaN,NaN,NaN,NaN,25,5,5,14.98,15.03,12.96,12.75
17:02:42,DECR,13.43,13.37,15.29,13.43,422,339,0.61,11297.16,507,2709,2,0.1,NaN,NaN,NaN,NaN,NaN,25,5,5,14.98,15.03,12.96,12.75
17:02:43,DECR,13.43,13.37,15.25,13.43,420,336,0.22,11297.38,507,2710,2,0.1,NaN,NaN,NaN,NaN,NaN,25,5,5,14.98,15.03,12.96,12.75
17:02:44,DECR,13.43,13.37,15.22,13.43,409,329,0.84,11298.22,507,2711,2,0.1,NaN,NaN,NaN,NaN,NaN,25,5,5,14.98,15.03,12.96,12.75
17:02:45,DECR,13.43,13.37,15.2,13.43,402,329,0.64,11298.86,507,2712,2,0.1,NaN,NaN,NaN,NaN,NaN,25,5,5,14.98,15.03,12.96,12.75
17:02:46,DECR,13.43,13.37,15.2,13.43,404,334,0.4,11299.27,507,2713,2,0.1,NaN,NaN,NaN,NaN,NaN,25,5,5,14.98,15.03,12.96,12.75
17:02:47,DECR,13.42,13.37,15.19,13.42,399,342,0.49,11299.76,507,2714,2,0.1,NaN,NaN,NaN,NaN,NaN,25,5,5,14.98,15.03,12.96,12.75
17:02:48,DECR,13.42,13.37,15.19,13.42,405,346,0.45,11300.21,507,2715,2,0.1,NaN,NaN,NaN,NaN,NaN,25,5,5,14.98,15.03,12.96,12.75
17:02:49,DECR,13.42,13.37,15.19,13.42,402,343,0.26,11300.46,507,2716,2,0.1,NaN,NaN,NaN,NaN,NaN,25,5,5,14.98,15.03,12.96,12.75
17:02:50,DECR,13.42,13.37,15.18,13.42,407,342,0.45,11300.91,507,2717,2,0.1,NaN,NaN,NaN,NaN,NaN,25,5,5,14.98,15.03,12.96,12.75
17:02:51,DECR,13.42,13.37,15.18,13.42,403,341,0.46,11301.37,507,2718,2,0.1,NaN,NaN,NaN,NaN,NaN,25,5,5,14.98,15.03,12.96,12.75
17:02:52,DECR,13.41,13.37,15.18,13.41,401,342,0.53,11301.9,507,2719,2,0.1,NaN,NaN,NaN,NaN,NaN,25,5,5,14.98,15.03,12.96,12.75
17:02:53,DECR,13.41,13.37,15.18,13.41,398,337,0.51,11302.41,507,2720,2,0.1,NaN,NaN,NaN,NaN,NaN,25,5,5,14.98,15.03,12.96,12.75
17:02:54,DECR,13.41,13.37,15.18,13.41,392,340,0.62,11303.04,507,2721,2,0.1,NaN,NaN,NaN,NaN,NaN,25,5,5,14.98,15.03,12.96,12.75
17:02:55,DECR,13.41,13.37,15.17,13.41,392,337,0.32,11303.36,507,2722,2,0.1,NaN,NaN,NaN,NaN,NaN,25,5,5,14.98,15.03,12.96,12.75
17:02:56,DECR,13.41,13.37,15.17,13.41,396,336,0.37,11303.72,507,2723,2,0.1,NaN,NaN,NaN,NaN,NaN,25,5,5,14.98,15.03,12.96,12.75
17:02:57,DECR,13.41,13.37,15.17,13.41,411,338,1.14,11304.86,507,2724,2,0.1,NaN,NaN,NaN,NaN,NaN,25,5,5,14.98,15.03,12.96,12.75
17:02:58,DECR,13.41,13.37,15.17,13.41,417,343,0.52,11305.38,507,2725,2,0.1,NaN,NaN,NaN,NaN,NaN,25,5,5,14.98,15.03,12.96,12.75
17:02:59,DECR,13.4,13.37,15.17,13.4,431,347,1.21,11306.59,507,2726,2,0.1,NaN,NaN,NaN,NaN,NaN,25,5,5,14.98,15.03,12.96,12.75
17:03:00,DECR,13.4,13.37,15.17,13.4,429,338,1.13,11307.72,507,2727,2,0.1,NaN,NaN,NaN,NaN,NaN,25,5,5,14.98,15.03,12.96,12.75
17:03:01,DECR,13.4,13.37,15.17,13.4,429,342,0.35,11308.08,507,2728,2,0.1,NaN,NaN,NaN,NaN,NaN,25,5,5,14.98,15.03,12.96,12.75
17:03:02,DECR,13.4,13.37,15.17,13.4,427,342,0.32,11308.4,507,2729,2,0.1,NaN,NaN,NaN,NaN,NaN,25,5,5,14.98,15.03,12.96,12.75
17:03:03,DECR,13.39,13.37,15.17,13.39,421,341,0.43,11308.83,507,2730,2,0.1,NaN,NaN,NaN,NaN,NaN,25,5,5,14.98,15.03,12.96,12.75
17:03:04,DECR,13.39,13.37,15.17,13.39,422,336,0.46,11309.3,507,2731,2,0.1,NaN,NaN,NaN,NaN,NaN,25,5,5,14.98,15.03,12.96,12.75
17:03:05,DECR,13.39,13.37,15.17,13.39,405,335,1.2,11310.5,507,2732,2,0.1,NaN,NaN,NaN,NaN,NaN,25,5,5,14.98,15.03,12.96,12.75
17:03:06,DECR,13.39,13.37,15.18,13.39,406,342,0.41,11310.91,507,2733,2,0.1,NaN,NaN,NaN,NaN,NaN,25,5,5,14.98,15.03,12.96,12.75
17:03:07,DECR,13.38,13.37,15.18,13.38,402,349,0.52,11311.43,507,2734,2,0.1,NaN,NaN,NaN,NaN,NaN,25,5,5,14.98,15.03,12.96,12.75
17:03:08,DECR,13.38,13.37,15.19,13.38,410,354,0.61,11312.04,507,2735,2,0.1,NaN,NaN,NaN,NaN,NaN,25,5,5,14.98,15.03,12.96,12.75
17:03:09,DECR,13.38,13.37,15.19,13.38,405,363,0.75,11312.78,507,2736,2,0.1,NaN,NaN,NaN,NaN,NaN,25,5,5,14.98,15.03,12.96,12.75
17:03:10,DECR,13.38,13.37,15.19,13.38,418,365,0.84,11313.63,507,2737,2,0.1,NaN,NaN,NaN,NaN,NaN,25,5,5,14.98,15.03,12.96,12.75
17:03:11,DECR,13.37,13.37,15.18,13.37,421,356,0.77,11314.39,507,2738,2,0.1,NaN,NaN,NaN,NaN,NaN,25,5,5,14.98,15.03,12.96,12.75
17:03:12,DECR,13.37,13.37,15.19,13.37,424,352,0.53,11314.92,507,2739,2,0.1,NaN,NaN,NaN,NaN,NaN,25,5,5,14.98,15.03,12.96,12.75
17:03:13,DECR,13.37,13.37,15.19,13.37,427,349,0.23,11315.16,507,2740,2,0.1,NaN,NaN,NaN,NaN,NaN,25,5,5,14.98,15.03,12.96,12.75
17:03:14,DECR,13.38,13.37,15.2,13.38,422,341,0.5,11315.65,507,2741,2,0.1,NaN,NaN,NaN,NaN,NaN,25,5,5,14.98,15.03,12.96,12.75
17:03:15,DECR,13.37,13.37,15.2,13.37,424,340,0.09,11315.74,507,2742,2,0.1,NaN,NaN,NaN,NaN,NaN,25,5,5,14.98,15.03,12.96,12.75
17:03:17,DECR,13.38,13.37,15.2,13.38,414,342,0.83,11316.57,507,2743,2,0.1,NaN,NaN,NaN,NaN,NaN,25,5,5,14.98,15.03,12.96,12.75
17:03:18,DECR,13.38,13.37,15.21,13.38,420,343,0.34,11316.91,507,2744,2,0.1,NaN,NaN,NaN,NaN,NaN,25,5,5,14.98,15.03,12.96,12.75
17:03:19,DECR,13.38,13.37,15.21,13.38,413,340,0.31,11317.21,507,2745,2,0.1,NaN,NaN,NaN,NaN,NaN,25,5,5,14.98,15.03,12.96,12.75
17:03:20,DECR,13.37,13.37,15.22,13.37,415,341,0.1,11317.31,507,2746,2,0.1,NaN,NaN,NaN,NaN,NaN,25,5,5,14.98,15.03,12.96,12.75
17:03:21,DECR,13.37,13.37,15.24,13.37,406,335,0.61,11317.92,507,2747,2,0.1,NaN,NaN,NaN,NaN,NaN,25,5,5,14.98,15.03,12.96,12.75
17:03:22,DECR,13.37,13.37,15.27,13.37,403,340,0.32,11318.24,507,2748,2,0.1,NaN,NaN,NaN,NaN,NaN,25,5,5,14.98,15.03,12.96,12.75
17:03:23,DECR,13.37,13.37,15.28,13.37,405,338,0.39,11318.63,507,2749,2,0.1,NaN,NaN,NaN,NaN,NaN,25,5,5,14.98,15.03,12.96,12.75
17:03:24,DECR,13.37,13.37,15.29,13.37,406,341,0.29,11318.92,507,2750,2,0.1,NaN,NaN,NaN,NaN,NaN,25,5,5,14.98,15.03,12.96,12.75
17:03:25,DECR,13.37,13.37,15.29,13.37,415,341,0.61,11319.53,507,2751,2,0.1,NaN,NaN,NaN,NaN,NaN,25,5,5,14.98,15.03,12.96,12.75
17:03:26,DECR,13.37,13.37,15.3,13.37,410,344,0.37,11319.9,507,2752,2,0.1,NaN,NaN,NaN,NaN,NaN,25,5,5,14.98,15.03,12.96,12.75
17:03:27,DECR,13.38,13.37,15.3,13.38,415,344,0.24,11320.14,507,2753,2,0.1,NaN,NaN,NaN,NaN,NaN,25,5,5,14.98,15.03,12.96,12.75
17:03:28,DECR,13.37,13.37,15.3,13.37,409,339,0.47,11320.61,507,2754,2,0.1,NaN,NaN,NaN,NaN,NaN,25,5,5,14.98,15.03,12.96,12.75
17:03:29,DECR,13.37,13.37,15.3,13.37,408,341,0.33,11320.94,507,2755,2,0.1,NaN,NaN,NaN,NaN,NaN,25,5,5,14.98,15.03,12.96,12.75
17:03:30,DECR,13.37,13.37,15.33,13.37,406,338,0.39,11321.33,507,2756,2,0.1,NaN,NaN,NaN,NaN,NaN,25,5,5,14.98,15.03,12.96,12.75
17:03:31,DECR,13.37,13.37,15.36,13.37,400,340,0.44,11321.77,507,2757,2,0.1,NaN,NaN,NaN,NaN,NaN,25,5,5,14.98,15.03,12.96,12.75
17:03:32,DECR,13.37,13.37,15.38,13.37,404,339,0.14,11321.91,507,2758,2,0.1,NaN,NaN,NaN,NaN,NaN,25,5,5,14.98,15.03,12.96,12.75
17:03:33,DECR,13.37,13.37,15.38,13.37,397,341,0.55,11322.46,507,2759,2,0.1,NaN,NaN,NaN,NaN,NaN,25,5,5,14.98,15.03,12.96,12.75
17:03:34,DECR,13.37,13.37,15.4,13.37,401,340,0.22,11322.68,507,2760,2,0.1,NaN,NaN,NaN,NaN,NaN,25,5,5,14.98,15.03,12.96,12.75
17:03:35,DECR,13.37,13.37,15.43,13.37,394,337,0.51,11323.2,507,2761,2,0.1,NaN,NaN,NaN,NaN,NaN,25,5,5,14.98,15.03,12.96,12.75
17:03:36,DECR,13.37,13.37,15.46,13.37,402,339,0.45,11323.65,507,2762,2,0.1,NaN,NaN,NaN,NaN,NaN,25,5,5,14.98,15.03,12.96,12.75
17:03:37,DECR,13.37,13.37,15.47,13.37,402,336,0.47,11324.12,507,2763,2,0.1,NaN,NaN,NaN,NaN,NaN,25,5,5,14.98,15.03,12.96,12.75
17:03:38,DECR,13.37,13.37,15.47,13.37,406,344,0.62,11324.74,507,2764,2,0.1,NaN,NaN,NaN,NaN,NaN,25,5,5,14.98,15.03,12.96,12.75
17:03:39,DECR,13.36,13.37,15.47,13.36,411,344,0.17,11324.91,507,2765,2,0.1,NaN,NaN,NaN,NaN,NaN,25,5,5,14.98,15.03,12.96,12.75
17:03:40,DECR,13.36,13.37,15.46,13.36,409,343,0.1,11325,507,2766,2,0.1,NaN,NaN,NaN,NaN,NaN,25,5,5,14.98,15.03,12.96,12.75
17:03:41,DECR,13.37,13.37,15.47,13.37,411,336,0.44,11325.44,507,2767,2,0.1,NaN,NaN,NaN,NaN,NaN,25,5,5,14.98,15.03,12.96,12.75
17:03:42,DECR,13.37,13.37,15.47,13.37,400,332,0.97,11326.41,507,2768,2,0.1,NaN,NaN,NaN,NaN,NaN,25,5,5,14.98,15.03,12.96,12.75
17:03:43,DECR,13.37,13.37,15.48,13.37,399,337,0.33,11326.74,507,2769,2,0.1,NaN,NaN,NaN,NaN,NaN,25,5,5,14.98,15.03,12.96,12.75
17:03:44,DECR,13.36,13.37,15.48,13.36,395,341,0.32,11327.06,507,2770,2,0.1,NaN,NaN,NaN,NaN,NaN,25,5,5,14.98,15.03,12.96,12.75
17:03:45,DECR,13.36,13.37,15.49,13.36,405,350,1.21,11328.27,507,2771,2,0.1,NaN,NaN,NaN,NaN,NaN,25,5,5,14.98,15.03,12.96,12.75
17:03:46,DECR,13.37,13.37,15.49,13.37,406,344,0.42,11328.69,507,2772,2,0.1,NaN,NaN,NaN,NaN,NaN,25,5,5,14.98,15.03,12.96,12.75
17:03:47,DECR,13.37,13.37,15.49,13.37,416,347,0.28,11328.97,507,2773,2,0.1,NaN,NaN,NaN,NaN,NaN,25,5,5,14.98,15.03,12.96,12.75
17:03:48,DECR,13.37,13.37,15.49,13.37,416,339,0.61,11329.58,507,2774,2,0.1,NaN,NaN,NaN,NaN,NaN,25,5,5,14.98,15.03,12.96,12.75
17:03:49,DECR,13.37,13.37,15.49,13.37,412,341,0.11,11329.69,507,2775,2,0.1,NaN,NaN,NaN,NaN,NaN,25,5,5,14.98,15.03,12.96,12.75
17:03:50,DECR,13.37,13.37,15.5,13.37,415,338,0.08,11329.77,507,2776,2,0.1,NaN,NaN,NaN,NaN,NaN,25,5,5,14.98,15.03,12.96,12.75
17:03:51,DECR,13.37,13.37,15.5,13.37,407,341,0.49,11330.26,507,2777,2,0.1,NaN,NaN,NaN,NaN,NaN,25,5,5,14.98,15.03,12.96,12.75
17:03:52,DECR,13.38,13.37,15.51,13.38,412,341,0.39,11330.64,507,2778,2,0.1,NaN,NaN,NaN,NaN,NaN,25,5,5,14.98,15.03,12.96,12.75
17:03:53,DECR,13.38,13.37,15.51,13.38,408,340,0.38,11331.02,507,2779,2,0.1,NaN,NaN,NaN,NaN,NaN,25,5,5,14.98,15.03,12.96,12.75
17:03:54,DECR,13.38,13.37,15.51,13.38,410,341,0.14,11331.17,507,2780,2,0.1,NaN,NaN,NaN,NaN,NaN,25,5,5,14.98,15.03,12.96,12.75
17:03:55,DECR,13.38,13.37,15.51,13.38,409,344,0.1,11331.27,507,2781,2,0.1,NaN,NaN,NaN,NaN,NaN,25,5,5,14.98,15.03,12.96,12.75
17:03:56,DECR,13.38,13.37,15.52,13.38,420,353,1.26,11332.53,507,2782,2,0.1,NaN,NaN,NaN,NaN,NaN,25,5,5,14.98,15.03,12.96,12.75
17:03:57,DECR,13.39,13.37,15.52,13.39,431,349,1.01,11333.54,507,2783,2,0.1,NaN,NaN,NaN,NaN,NaN,25,5,5,14.98,15.03,12.96,12.75
17:03:58,DECR,13.39,13.37,15.52,13.39,427,348,0.26,11333.8,507,2784,2,0.1,NaN,NaN,NaN,NaN,NaN,25,5,5,14.98,15.03,12.96,12.75
17:03:59,DECR,13.39,13.37,15.52,13.39,422,343,0.44,11334.23,507,2785,2,0.1,NaN,NaN,NaN,NaN,NaN,25,5,5,14.98,15.03,12.96,12.75
17:04:00,DECR,13.39,13.37,15.52,13.39,409,336,1.01,11335.24,507,2786,2,0.1,NaN,NaN,NaN,NaN,NaN,25,5,5,14.98,15.03,12.96,12.75
17:04:01,DECR,13.39,13.37,15.52,13.39,411,334,0.21,11335.45,507,2787,2,0.1,NaN,NaN,NaN,NaN,NaN,25,5,5,14.98,15.03,12.96,12.75
17:04:02,DECR,13.39,13.37,15.52,13.39,401,332,0.83,11336.27,507,2788,2,0.1,NaN,NaN,NaN,NaN,NaN,25,5,5,14.98,15.03,12.96,12.75
17:04:03,DECR,13.39,13.37,15.52,13.39,400,334,0,11336.27,507,2789,2,0.1,NaN,NaN,NaN,NaN,NaN,25,5,5,14.98,15.03,12.96,12.75
17:04:04,DECR,13.39,13.37,15.52,13.39,392,335,0.65,11336.93,507,2790,2,0.1,NaN,NaN,NaN,NaN,NaN,25,5,5,14.98,15.03,12.96,12.75
17:04:06,DECR,13.39,13.37,15.52,13.39,382,344,0,11336.93,507,2791,2,0.1,NaN,NaN,NaN,NaN,NaN,25,5,5,14.98,15.03,12.96,12.75
17:04:07,DECR,13.39,13.37,15.52,13.39,379,375,2.55,11339.47,507,2792,2,0.1,NaN,NaN,NaN,NaN,NaN,25,5,5,14.98,15.03,12.96,12.75
17:04:08,DECR,13.39,13.37,15.52,13.39,390,387,1.4,11340.87,507,2793,2,0.1,NaN,NaN,NaN,NaN,NaN,25,5,5,14.98,15.03,12.96,12.75
17:04:09,DECR,13.38,13.37,15.49,13.38,414,379,2.28,11343.15,507,2794,2,0.1,NaN,NaN,NaN,NaN,NaN,25,5,5,14.98,15.03,12.96,12.75
17:04:10,DECR,13.39,13.37,15.46,13.39,417,363,1.31,11344.46,507,2795,2,0.1,NaN,NaN,NaN,NaN,NaN,25,5,5,14.98,15.03,12.96,12.75
17:04:11,DECR,13.39,13.37,15.42,13.39,430,347,1.82,11346.28,507,2796,2,0.1,NaN,NaN,NaN,NaN,NaN,25,5,5,14.98,15.03,12.96,12.75
17:04:12,DECR,13.4,13.37,15.41,13.4,424,340,0.7,11346.98,507,2797,2,0.1,NaN,NaN,NaN,NaN,NaN,25,5,5,14.98,15.03,12.96,12.75
17:04:13,DECR,13.4,13.37,15.4,13.4,424,338,0.09,11347.07,507,2798,2,0.1,NaN,NaN,NaN,NaN,NaN,25,5,5,14.98,15.03,12.96,12.75
17:04:14,DECR,13.4,13.37,15.38,13.4,417,335,0.39,11347.46,507,2799,2,0.1,NaN,NaN,NaN,NaN,NaN,25,5,5,14.98,15.03,12.96,12.75
17:04:15,DECR,13.39,13.37,15.35,13.39,417,342,0.61,11348.07,507,2800,2,0.1,NaN,NaN,NaN,NaN,NaN,25,5,5,14.98,15.03,12.96,12.75
17:04:16,DECR,13.39,13.37,15.32,13.39,413,343,0.35,11348.42,507,2801,2,0.1,NaN,NaN,NaN,NaN,NaN,25,5,5,14.98,15.03,12.96,12.75
17:04:17,DECR,13.39,13.37,15.32,13.39,407,348,0.68,11349.09,507,2802,2,0.1,NaN,NaN,NaN,NaN,NaN,25,5,5,14.98,15.03,12.96,12.75
17:04:18,DECR,13.39,13.37,15.31,13.39,407,351,0.59,11349.69,507,2803,2,0.1,NaN,NaN,NaN,NaN,NaN,25,5,5,14.98,15.03,12.96,12.75
17:04:19,DECR,13.39,13.37,15.32,13.39,400,354,0.66,11350.35,507,2804,2,0.1,NaN,NaN,NaN,NaN,NaN,25,5,5,14.98,15.03,12.96,12.75
17:04:20,DECR,13.39,13.37,15.31,13.39,391,357,0.76,11351.11,507,2805,2,0.1,NaN,NaN,NaN,NaN,NaN,25,5,5,14.98,15.03,12.96,12.75
17:04:21,DECR,13.4,13.37,15.31,13.4,372,359,1.53,11352.64,507,2806,2,0.1,NaN,NaN,NaN,NaN,NaN,25,5,5,14.98,15.03,12.96,12.75
17:04:22,DECR,13.4,13.37,15.3,13.4,295,302,10.55,11363.18,507,2807,2,0.1,NaN,NaN,NaN,NaN,NaN,25,5,5,14.98,15.03,12.96,12.75
17:04:23,DECR,13.4,13.37,15.3,13.4,288,260,4.33,11367.51,507,2808,2,0.1,NaN,NaN,NaN,NaN,NaN,25,5,5,14.98,15.03,12.96,12.75
17:04:24,DECR,13.39,13.37,15.27,13.39,316,268,2.52,11370.03,507,2809,2,0.1,NaN,NaN,NaN,NaN,NaN,25,5,5,14.98,15.03,12.96,12.75
17:04:25,DECR,13.39,13.37,15.24,13.39,342,295,3.01,11373.04,507,2810,2,0.1,NaN,NaN,NaN,NaN,NaN,25,5,5,14.98,15.03,12.96,12.75
17:04:26,DECR,13.38,13.37,15.21,13.38,360,312,2.02,11375.07,507,2811,2,0.1,NaN,NaN,NaN,NaN,NaN,25,5,5,14.98,15.03,12.96,12.75
17:04:27,DECR,13.38,13.37,15.21,13.38,404,337,3.93,11379,507,2812,2,0.1,NaN,NaN,NaN,NaN,NaN,25,5,5,14.98,15.03,12.96,12.75
17:04:28,DECR,13.38,13.37,15.2,13.38,413,347,1.11,11380.11,507,2813,2,0.1,NaN,NaN,NaN,NaN,NaN,25,5,5,14.98,15.03,12.96,12.75
17:04:29,DECR,13.39,13.37,15.21,13.39,425,347,1.03,11381.14,507,2814,2,0.1,NaN,NaN,NaN,NaN,NaN,25,5,5,14.98,15.03,12.96,12.75
17:04:30,DECR,13.38,13.37,15.2,13.38,418,341,0.62,11381.76,507,2815,2,0.1,NaN,NaN,NaN,NaN,NaN,25,5,5,14.98,15.03,12.96,12.75
17:04:31,DECR,13.38,13.37,15.2,13.38,422,340,0.33,11382.09,507,2816,2,0.1,NaN,NaN,NaN,NaN,NaN,25,5,5,14.98,15.03,12.96,12.75
17:04:32,DECR,13.37,13.37,15.2,13.37,412,333,0.79,11382.88,507,2817,2,0.1,NaN,NaN,NaN,NaN,NaN,25,5,5,14.98,15.03,12.96,12.75
17:04:33,DECR,13.38,13.37,15.2,13.38,409,336,0.08,11382.96,507,2818,2,0.1,NaN,NaN,NaN,NaN,NaN,25,5,5,14.98,15.03,12.96,12.75
17:04:34,DECR,13.38,13.37,15.19,13.38,399,335,0.62,11383.58,507,2819,2,0.1,NaN,NaN,NaN,NaN,NaN,25,5,5,14.98,15.03,12.96,12.75
17:04:35,DECR,13.38,13.37,15.19,13.38,391,338,0.75,11384.33,507,2820,2,0.1,NaN,NaN,NaN,NaN,NaN,25,5,5,14.98,15.03,12.96,12.75
17:04:36,DECR,13.38,13.37,15.19,13.38,388,333,0.58,11384.92,507,2821,2,0.1,NaN,NaN,NaN,NaN,NaN,25,5,5,14.98,15.03,12.96,12.75
17:04:37,DECR,13.38,13.37,15.19,13.38,375,331,0.95,11385.87,507,2822,2,0.1,NaN,NaN,NaN,NaN,NaN,25,5,5,14.98,15.03,12.96,12.75
17:04:38,DECR,13.37,13.37,15.18,13.37,373,331,0.17,11386.04,507,2823,2,0.1,NaN,NaN,NaN,NaN,NaN,25,5,5,14.98,15.03,12.96,12.75
17:04:39,DECR,13.37,13.37,15.18,13.37,363,325,0.92,11386.96,507,2824,2,0.1,NaN,NaN,NaN,NaN,NaN,25,5,5,14.98,15.03,12.96,12.75
17:04:40,DECR,13.37,13.37,15.18,13.37,348,320,1.32,11388.28,507,2825,2,0.1,NaN,NaN,NaN,NaN,NaN,25,5,5,14.98,15.03,12.96,12.75
17:04:41,DECR,13.37,13.37,15.19,13.37,330,318,1.08,11389.36,507,2826,2,0.1,NaN,NaN,NaN,NaN,NaN,25,5,5,14.98,15.03,12.96,12.75
17:04:42,DECR,13.37,13.37,15.18,13.37,314,318,1.24,11390.6,507,2827,2,0.1,NaN,NaN,NaN,NaN,NaN,25,5,5,14.98,15.03,12.96,12.75
17:04:43,DECR,13.37,13.37,15.18,13.37,296,315,1.41,11392.02,507,2828,2,0.1,NaN,NaN,NaN,NaN,NaN,25,5,5,14.98,15.03,12.96,12.75
17:04:44,DECR,13.37,13.37,15.18,13.37,277,318,1.45,11393.46,507,2829,2,0.1,NaN,NaN,NaN,NaN,NaN,25,5,5,14.98,15.03,12.96,12.75
17:04:45,DECR,13.37,13.37,15.19,13.37,259,314,1.22,11394.68,507,2830,2,0.1,NaN,NaN,NaN,NaN,NaN,25,5,5,14.98,15.03,12.96,12.75
17:04:46,DECR,13.37,13.37,15.19,13.37,244,312,1.24,11395.92,507,2831,2,0.1,NaN,NaN,NaN,NaN,NaN,25,5,5,14.98,15.03,12.96,12.75
17:04:47,DECR,13.37,13.37,15.19,13.37,254,311,0.7,11396.62,507,2832,2,0.1,NaN,NaN,NaN,NaN,NaN,25,5,5,14.98,15.03,12.96,12.75
17:04:48,DECR,13.37,13.37,15.19,13.37,251,311,0.27,11396.89,507,2833,2,0.1,NaN,NaN,NaN,NaN,NaN,25,5,5,14.98,15.03,12.96,12.75
17:04:49,DECR,13.37,13.37,15.19,13.37,241,312,0.79,11397.68,507,2834,2,0.1,NaN,NaN,NaN,NaN,NaN,25,5,5,14.98,15.03,12.96,12.75
17:04:50,DECR,13.37,13.37,15.19,13.37,223,317,1.5,11399.17,507,2835,2,0.1,NaN,NaN,NaN,NaN,NaN,25,5,5,14.98,15.03,12.96,12.75
17:04:51,DECR,13.37,13.37,15.19,13.37,208,328,1.05,11400.22,507,2836,2,0.1,NaN,NaN,NaN,NaN,NaN,25,5,5,14.98,15.03,12.96,12.75
17:04:52,DECR,13.37,13.37,15.19,13.37,192,345,1.81,11402.04,507,2837,2,0.1,NaN,NaN,NaN,NaN,NaN,25,5,5,14.98,15.03,12.96,12.75
17:04:54,DECR,13.37,13.37,15.19,13.37,186,356,1.05,11403.09,507,2838,2,0.1,NaN,NaN,NaN,NaN,NaN,25,5,5,14.98,15.03,12.96,12.75
17:04:55,DECR,13.38,13.37,15.2,13.38,180,373,1.26,11404.35,507,2839,2,0.1,NaN,NaN,NaN,NaN,NaN,25,5,5,14.98,15.03,12.96,12.75
17:04:56,DECR,13.37,13.37,15.2,13.37,177,395,1.76,11406.11,507,2840,2,0.1,NaN,NaN,NaN,NaN,NaN,25,5,5,14.98,15.03,12.96,12.75
17:04:57,DECR,13.38,13.37,15.2,13.38,176,399,0.47,11406.58,507,2841,2,0.1,NaN,NaN,NaN,NaN,NaN,25,5,5,14.98,15.03,12.96,12.75
17:04:58,DECR,13.37,13.37,15.2,13.37,174,408,1.23,11407.81,507,2842,2,0.1,NaN,NaN,NaN,NaN,NaN,25,5,5,14.98,15.03,12.96,12.75
17:04:59,DECR,13.38,13.37,15.21,13.38,182,420,2,11409.81,507,2843,2,0.1,NaN,NaN,NaN,NaN,NaN,25,5,5,14.98,15.03,12.96,12.75
17:05:00,DECR,13.38,13.37,15.21,13.38,185,414,1.17,11410.98,507,2844,2,0.1,NaN,NaN,NaN,NaN,NaN,25,5,5,14.98,15.03,12.96,12.75
17:05:01,DECR,13.38,13.37,15.22,13.38,182,415,0.69,11411.67,507,2845,2,0.1,NaN,NaN,NaN,NaN,NaN,25,5,5,14.98,15.03,12.96,12.75
17:05:02,DECR,13.37,13.37,15.22,13.37,183,421,0.32,11412,507,2846,2,0.1,NaN,NaN,NaN,NaN,NaN,25,5,5,14.98,15.03,12.96,12.75
17:05:03,DECR,13.38,13.37,15.21,13.38,187,439,1.48,11413.48,507,2847,2,0.1,NaN,NaN,NaN,NaN,NaN,25,5,5,14.98,15.03,12.96,12.75
17:05:04,DECR,13.38,13.37,15.22,13.38,192,454,1.06,11414.53,507,2848,2,0.1,NaN,NaN,NaN,NaN,NaN,25,5,5,14.98,15.03,12.96,12.75
17:05:05,DECR,13.38,13.37,15.22,13.38,205,477,1.57,11416.1,507,2849,2,0.1,NaN,NaN,NaN,NaN,NaN,25,5,5,14.98,15.03,12.96,12.75
17:05:06,DECR,13.38,13.37,15.23,13.38,221,493,1.77,11417.87,507,2850,2,0.1,NaN,NaN,NaN,NaN,NaN,25,5,5,14.98,15.03,12.96,12.75
17:05:07,DECR,13.38,13.37,15.25,13.38,235,503,1.34,11419.22,507,2851,2,0.1,NaN,NaN,NaN,NaN,NaN,25,5,5,14.98,15.03,12.96,12.75
17:05:08,DECR,13.38,13.37,15.27,13.38,251,506,1.65,11420.87,507,2852,2,0.1,NaN,NaN,NaN,NaN,NaN,25,5,5,14.98,15.03,12.96,12.75
17:05:09,DECR,13.38,13.37,15.3,13.38,266,511,1.29,11422.16,507,2853,2,0.1,NaN,NaN,NaN,NaN,NaN,25,5,5,14.98,15.03,12.96,12.75
17:05:10,DECR,13.38,13.37,15.31,13.38,255,486,2.48,11424.64,507,2854,2,0.1,NaN,NaN,NaN,NaN,NaN,25,5,5,14.98,15.03,12.96,12.75
17:05:11,DECR,13.38,13.37,15.31,13.38,226,479,2.86,11427.5,507,2855,2,0.1,NaN,NaN,NaN,NaN,NaN,25,5,5,14.98,15.03,12.96,12.75
17:05:12,DECR,13.38,13.37,15.31,13.38,233,482,2.35,11429.85,507,2856,2,0.1,NaN,NaN,NaN,NaN,NaN,25,5,5,14.98,15.03,12.96,12.75
17:05:13,DECR,13.38,13.37,15.32,13.38,341,472,9.7,11439.55,507,2857,2,0.1,NaN,NaN,NaN,NaN,NaN,25,5,5,14.98,15.03,12.96,12.75
17:05:14,DECR,13.38,13.37,15.32,13.38,361,516,4.22,11443.77,507,2858,2,0.1,NaN,NaN,NaN,NaN,NaN,25,5,5,14.98,15.03,12.96,12.75
17:05:15,DECR,13.38,13.37,15.33,13.38,356,523,0.65,11444.42,507,2859,2,0.1,NaN,NaN,NaN,NaN,NaN,25,5,5,14.98,15.03,12.96,12.75
17:05:16,DECR,13.38,13.37,15.33,13.38,352,528,0.39,11444.81,507,2860,2,0.1,NaN,NaN,NaN,NaN,NaN,25,5,5,14.98,15.03,12.96,12.75
17:05:17,DECR,13.38,13.37,15.33,13.38,352,525,0.18,11444.99,507,2861,2,0.1,NaN,NaN,NaN,NaN,NaN,25,5,5,14.98,15.03,12.96,12.75
17:05:18,DECR,13.38,13.37,15.33,13.38,342,523,0.81,11445.8,507,2862,2,0.1,NaN,NaN,NaN,NaN,NaN,25,5,5,14.98,15.03,12.96,12.75
17:05:19,DECR,13.38,13.37,15.33,13.38,336,526,0.29,11446.09,507,2863,2,0.1,NaN,NaN,NaN,NaN,NaN,25,5,5,14.98,15.03,12.96,12.75
17:05:20,DECR,13.38,13.37,15.34,13.38,322,531,1.21,11447.3,507,2864,2,0.1,NaN,NaN,NaN,NaN,NaN,25,5,5,14.98,15.03,12.96,12.75
17:05:21,DECR,13.39,13.37,15.35,13.39,319,534,0.11,11447.41,507,2865,2,0.1,NaN,NaN,NaN,NaN,NaN,25,5,5,14.98,15.03,12.96,12.75
17:05:22,DECR,13.39,13.37,15.35,13.39,327,546,1.38,11448.79,507,2866,2,0.1,NaN,NaN,NaN,NaN,NaN,25,5,5,14.98,15.03,12.96,12.75
17:05:23,DECR,13.39,13.37,15.35,13.39,357,539,2.7,11451.49,507,2867,2,0.1,NaN,NaN,NaN,NaN,NaN,25,5,5,14.98,15.03,12.96,12.75
17:05:24,DECR,13.39,13.37,15.35,13.39,259,504,8.94,11460.43,507,2868,2,0.1,NaN,NaN,NaN,NaN,NaN,25,5,5,14.98,15.03,12.96,12.75
17:05:25,DECR,13.39,13.37,15.36,13.39,215,485,3.99,11464.42,507,2869,2,0.1,NaN,NaN,NaN,NaN,NaN,25,5,5,14.98,15.03,12.96,12.75
17:05:26,DECR,13.39,13.37,15.36,13.39,180,460,3.18,11467.6,507,2870,2,0.1,NaN,NaN,NaN,NaN,NaN,25,5,5,14.98,15.03,12.96,12.75
17:05:27,DECR,13.39,13.37,15.36,13.39,172,462,0.28,11467.88,507,2871,2,0.1,NaN,NaN,NaN,NaN,NaN,25,5,5,14.98,15.03,12.96,12.75
17:05:28,DECR,13.39,13.37,15.38,13.39,166,447,1.79,11469.67,507,2872,2,0.1,NaN,NaN,NaN,NaN,NaN,25,5,5,14.98,15.03,12.96,12.75
17:05:29,DECR,13.39,13.37,15.4,13.39,176,342,7.83,11477.49,507,2873,2,0.1,NaN,NaN,NaN,NaN,NaN,25,5,5,14.98,15.03,12.96,12.75
17:05:30,DECR,13.39,13.37,15.43,13.39,254,277,7.69,11485.18,507,2874,2,0.1,NaN,NaN,NaN,NaN,NaN,25,5,5,14.98,15.03,12.96,12.75
17:05:31,DECR,13.39,13.37,15.44,13.39,322,271,5.54,11490.72,507,2875,2,0.1,NaN,NaN,NaN,NaN,NaN,25,5,5,14.98,15.03,12.96,12.75
17:05:32,DECR,13.4,13.37,15.45,13.4,374,302,5.01,11495.73,507,2876,2,0.1,NaN,NaN,NaN,NaN,NaN,25,5,5,14.98,15.03,12.96,12.75
17:05:33,DECR,13.4,13.37,15.45,13.4,417,337,4.52,11500.25,507,2877,2,0.1,NaN,NaN,NaN,NaN,NaN,25,5,5,14.98,15.03,12.96,12.75
17:05:34,DECR,13.4,13.37,15.46,13.4,430,348,1.25,11501.5,507,2878,2,0.1,NaN,NaN,NaN,NaN,NaN,25,5,5,14.98,15.03,12.96,12.75
17:05:35,DECR,13.4,13.37,15.46,13.4,438,343,0.78,11502.28,507,2879,2,0.1,NaN,NaN,NaN,NaN,NaN,25,5,5,14.98,15.03,12.96,12.75
17:05:36,DECR,13.4,13.37,15.48,13.4,428,329,1.39,11503.67,507,2880,2,0.1,NaN,NaN,NaN,NaN,NaN,25,5,5,14.98,15.03,12.96,12.75
17:05:37,DECR,13.41,13.37,15.51,13.41,427,318,0.98,11504.65,507,2881,2,0.1,NaN,NaN,NaN,NaN,NaN,25,5,5,14.98,15.03,12.96,12.75
17:05:38,DECR,13.41,13.37,15.53,13.41,428,307,0.84,11505.49,507,2882,2,0.1,NaN,NaN,NaN,NaN,NaN,25,5,5,14.98,15.03,12.96,12.75
17:05:39,DECR,13.41,13.37,15.53,13.41,440,327,1.94,11507.43,507,2883,2,0.1,NaN,NaN,NaN,NaN,NaN,25,5,5,14.98,15.03,12.96,12.75
17:05:40,DECR,13.4,13.37,15.53,13.4,439,324,1.11,11508.55,507,2884,2,0.1,NaN,NaN,NaN,NaN,NaN,25,5,5,14.98,15.03,12.96,12.75
17:05:42,DECR,13.41,13.37,15.54,13.41,433,329,0.5,11509.05,507,2885,2,0.1,NaN,NaN,NaN,NaN,NaN,25,5,5,14.98,15.03,12.96,12.75
17:05:43,DECR,13.41,13.37,15.54,13.41,435,321,1,11510.05,507,2886,2,0.1,NaN,NaN,NaN,NaN,NaN,25,5,5,14.98,15.03,12.96,12.75
17:05:44,DECR,13.41,13.37,15.54,13.41,420,311,1.53,11511.58,507,2887,2,0.1,NaN,NaN,NaN,NaN,NaN,25,5,5,14.98,15.03,12.96,12.75
17:05:45,DECR,13.41,13.37,15.54,13.41,405,300,1.53,11513.11,507,2888,2,0.1,NaN,NaN,NaN,NaN,NaN,25,5,5,14.98,15.03,12.96,12.75
17:05:46,DECR,13.4,13.37,15.54,13.4,382,299,1.94,11515.04,507,2889,2,0.1,NaN,NaN,NaN,NaN,NaN,25,5,5,14.98,15.03,12.96,12.75
17:05:47,DECR,13.4,13.37,15.54,13.4,365,302,1.49,11516.53,507,2890,2,0.1,NaN,NaN,NaN,NaN,NaN,25,5,5,14.98,15.03,12.96,12.75
17:05:48,DECR,13.4,13.37,15.55,13.4,353,307,1.07,11517.6,507,2891,2,0.1,NaN,NaN,NaN,NaN,NaN,25,5,5,14.98,15.03,12.96,12.75
17:05:49,DECR,13.4,13.37,15.56,13.4,344,319,1.42,11519.03,507,2892,2,0.1,NaN,NaN,NaN,NaN,NaN,25,5,5,14.98,15.03,12.96,12.75
17:05:50,DECR,13.41,13.37,15.56,13.41,342,324,0.52,11519.55,507,2893,2,0.1,NaN,NaN,NaN,NaN,NaN,25,5,5,14.98,15.03,12.96,12.75
17:05:51,DECR,13.41,13.37,15.56,13.41,340,324,0.14,11519.69,507,2894,2,0.1,NaN,NaN,NaN,NaN,NaN,25,5,5,14.98,15.03,12.96,12.75
17:05:52,DECR,13.41,13.37,15.57,13.41,342,324,0.09,11519.77,507,2895,2,0.1,NaN,NaN,NaN,NaN,NaN,25,5,5,14.98,15.03,12.96,12.75
17:05:53,DECR,13.41,13.37,15.57,13.41,336,321,0.24,11520.01,507,2896,2,0.1,NaN,NaN,NaN,NaN,NaN,25,5,5,14.98,15.03,12.96,12.75
17:05:54,DECR,13.41,13.37,15.57,13.41,343,317,0.59,11520.61,507,2897,2,0.1,NaN,NaN,NaN,NaN,NaN,25,5,5,14.98,15.03,12.96,12.75
17:05:55,DECR,13.41,13.37,15.57,13.41,334,306,1.1,11521.71,507,2898,2,0.1,NaN,NaN,NaN,NaN,NaN,25,5,5,14.98,15.03,12.96,12.75
17:05:56,DECR,13.41,13.37,15.57,13.41,328,305,0.46,11522.17,507,2899,2,0.1,NaN,NaN,NaN,NaN,NaN,25,5,5,14.98,15.03,12.96,12.75
17:05:57,DECR,13.41,13.37,15.57,13.41,317,312,1.07,11523.24,507,2900,2,0.1,NaN,NaN,NaN,NaN,NaN,25,5,5,14.98,15.03,12.96,12.75
17:05:58,DECR,13.41,13.37,15.58,13.41,296,328,2.36,11525.6,507,2901,2,0.1,NaN,NaN,NaN,NaN,NaN,25,5,5,14.98,15.03,12.96,12.75
17:05:59,DECR,13.41,13.37,15.57,13.41,286,338,1.11,11526.71,507,2902,2,0.1,NaN,NaN,NaN,NaN,NaN,25,5,5,14.98,15.03,12.96,12.75
17:06:00,DECR,13.4,13.37,15.57,13.4,272,340,0.96,11527.67,507,2903,2,0.1,NaN,NaN,NaN,NaN,NaN,25,5,5,14.98,15.03,12.96,12.75
17:06:01,DECR,13.4,13.37,15.57,13.4,263,339,0.77,11528.44,507,2904,2,0.1,NaN,NaN,NaN,NaN,NaN,25,5,5,14.98,15.03,12.96,12.75
17:06:02,DECR,13.41,13.37,15.57,13.41,241,344,1.87,11530.31,507,2905,2,0.1,NaN,NaN,NaN,NaN,NaN,25,5,5,14.98,15.03,12.96,12.75
17:06:03,DECR,13.41,13.37,15.57,13.41,221,364,2.43,11532.74,507,2906,2,0.1,NaN,NaN,NaN,NaN,NaN,25,5,5,14.98,15.03,12.96,12.75
17:06:04,DECR,13.41,13.37,15.57,13.41,215,376,0.92,11533.67,507,2907,2,0.1,NaN,NaN,NaN,NaN,NaN,25,5,5,14.98,15.03,12.96,12.75
17:06:05,DECR,13.4,13.37,15.56,13.4,220,375,0.4,11534.07,507,2908,2,0.1,NaN,NaN,NaN,NaN,NaN,25,5,5,14.98,15.03,12.96,12.75
17:06:06,DECR,13.4,13.37,15.55,13.4,207,379,1.66,11535.73,507,2909,2,0.1,NaN,NaN,NaN,NaN,NaN,25,5,5,14.98,15.03,12.96,12.75
17:06:07,DECR,13.4,13.38,15.55,13.4,190,416,2.14,11537.87,507,2910,2,0.1,NaN,NaN,NaN,NaN,NaN,25,5,5,14.98,15.03,12.96,12.75
17:06:08,DECR,13.4,13.38,15.53,13.4,227,505,7.71,11545.58,507,2911,2,0.1,NaN,NaN,NaN,NaN,NaN,25,5,5,14.98,15.03,12.96,12.75
17:06:09,DECR,13.4,13.38,15.5,13.4,337,532,9.09,11554.68,507,2912,2,0.1,NaN,NaN,NaN,NaN,NaN,25,5,5,14.98,15.03,12.96,12.75
17:06:10,DECR,13.4,13.38,15.48,13.4,410,477,7.56,11562.24,507,2913,2,0.1,NaN,NaN,NaN,NaN,NaN,25,5,5,14.98,15.03,12.96,12.75
17:06:11,DECR,13.4,13.38,15.48,13.4,442,396,7.1,11569.34,507,2914,2,0.1,NaN,NaN,NaN,NaN,NaN,25,5,5,14.98,15.03,12.96,12.75
17:06:12,DECR,13.4,13.38,15.47,13.4,398,301,9.1,11578.44,507,2915,2,0.1,NaN,NaN,NaN,NaN,NaN,25,5,5,14.98,15.03,12.96,12.75
17:06:13,DECR,13.4,13.38,15.44,13.4,261,298,11.53,11589.97,507,2916,2,0.1,NaN,NaN,NaN,NaN,NaN,25,5,5,14.98,15.03,12.96,12.75
17:06:14,DECR,13.4,13.38,15.42,13.4,184,356,7.95,11597.92,507,2917,2,0.1,NaN,NaN,NaN,NaN,NaN,25,5,5,14.98,15.03,12.96,12.75
17:06:15,DECR,13.4,13.38,15.39,13.4,180,459,8.86,11606.78,507,2918,2,0.1,NaN,NaN,NaN,NaN,NaN,25,5,5,14.98,15.03,12.96,12.75
17:06:16,DECR,13.4,13.38,15.37,13.4,314,536,13.19,11619.97,507,2919,2,0.1,NaN,NaN,NaN,NaN,NaN,25,5,5,14.98,15.03,12.96,12.75
17:06:17,DECR,13.41,13.38,15.34,13.41,427,445,12.01,11631.98,507,2920,2,0.1,NaN,NaN,NaN,NaN,NaN,25,5,5,14.98,15.03,12.96,12.75
17:06:18,DECR,13.41,13.38,15.33,13.41,423,328,8.95,11640.93,507,2921,2,0.1,NaN,NaN,NaN,NaN,NaN,25,5,5,14.98,15.03,12.96,12.75
17:06:19,DECR,13.4,13.38,15.31,13.4,283,327,10.17,11651.1,507,2922,2,0.1,NaN,NaN,NaN,NaN,NaN,25,5,5,14.98,15.03,12.96,12.75
17:06:20,DECR,13.4,13.38,15.28,13.4,222,417,9.08,11660.18,507,2923,2,0.1,NaN,NaN,NaN,NaN,NaN,25,5,5,14.98,15.03,12.96,12.75
17:06:21,DECR,13.4,13.38,15.26,13.4,242,512,8.09,11668.26,507,2924,2,0.1,NaN,NaN,NaN,NaN,NaN,25,5,5,14.98,15.03,12.96,12.75
17:06:22,DECR,13.41,13.38,15.24,13.41,333,552,6.07,11674.33,507,2925,2,0.1,NaN,NaN,NaN,NaN,NaN,25,5,5,14.98,15.03,12.96,12.75
17:06:23,DECR,13.4,13.38,15.22,13.4,454,458,12.01,11686.34,507,2926,2,0.1,NaN,NaN,NaN,NaN,NaN,25,5,5,14.98,15.03,12.96,12.75
17:06:24,DECR,13.4,13.38,15.2,13.4,431,331,11.09,11697.42,507,2927,2,0.1,NaN,NaN,NaN,NaN,NaN,25,5,5,14.98,15.03,12.96,12.75
17:06:25,DECR,13.39,13.38,15.17,13.39,305,285,11.28,11708.7,507,2928,2,0.1,NaN,NaN,NaN,NaN,NaN,25,5,5,14.98,15.03,12.96,12.75
17:06:26,DECR,13.4,13.38,15.18,13.4,179,398,12.93,11721.63,507,2929,2,0.1,NaN,NaN,NaN,NaN,NaN,25,5,5,14.98,15.03,12.96,12.75
17:06:27,DECR,13.4,13.38,15.18,13.4,216,522,9.52,11731.15,507,2930,2,0.1,NaN,NaN,NaN,NaN,NaN,25,5,5,14.98,15.03,12.96,12.75
17:06:29,DECR,13.39,13.38,15.17,13.39,334,559,10.41,11741.56,507,2931,2,0.1,NaN,NaN,NaN,NaN,NaN,25,5,5,14.98,15.03,12.96,12.75
17:06:30,DECR,13.39,13.38,15.16,13.39,451,477,12.1,11753.66,507,2932,2,0.1,NaN,NaN,NaN,NaN,NaN,25,5,5,14.98,15.03,12.96,12.75
17:06:31,DECR,13.36,13.38,15.16,13.36,429,309,12.03,11765.69,507,2933,2,0.1,NaN,NaN,NaN,NaN,NaN,25,5,5,14.98,15.03,12.96,12.75
17:06:32,DECR,13.34,13.38,15.16,13.34,283,256,12.95,11778.65,507,2934,2,0.1,NaN,NaN,NaN,NaN,NaN,25,5,5,14.98,15.03,12.96,12.75
17:06:33,DECR,13.31,13.38,15.16,13.31,182,377,12.99,11791.64,507,2935,2,0.1,NaN,NaN,NaN,NaN,NaN,25,5,5,14.98,15.03,12.96,12.75
17:06:34,DECR,13.31,13.38,15.15,13.31,280,522,13.68,11805.32,507,2936,2,0.1,NaN,NaN,NaN,NaN,NaN,25,5,5,14.98,15.03,12.96,12.75
17:06:35,DECR,13.31,13.38,15.15,13.31,410,512,11.06,11816.38,507,2937,2,0.1,NaN,NaN,NaN,NaN,NaN,25,5,5,14.98,15.03,12.96,12.75
17:06:36,DECR,13.32,13.38,15.15,13.32,454,354,11.6,11827.98,507,2938,2,0.1,NaN,NaN,NaN,NaN,NaN,25,5,5,14.98,15.03,12.96,12.75
17:06:37,DECR,13.32,13.38,15.15,13.32,326,253,12.25,11840.23,507,2939,2,0.1,NaN,NaN,NaN,NaN,NaN,25,5,5,14.98,15.03,12.96,12.75
17:06:38,DECR,13.31,13.38,15.15,13.31,185,319,13.41,11853.64,507,2940,2,0.1,NaN,NaN,NaN,NaN,NaN,25,5,5,14.98,15.03,12.96,12.75
17:06:39,DECR,13.31,13.38,15.15,13.31,192,501,15.81,11869.45,507,2941,2,0.1,NaN,NaN,NaN,NaN,NaN,25,5,5,14.98,15.03,12.96,12.75
17:06:40,DECR,13.31,13.38,15.15,13.31,347,565,14.38,11883.83,507,2942,2,0.1,NaN,NaN,NaN,NaN,NaN,25,5,5,14.98,15.03,12.96,12.75
17:06:41,DECR,13.31,13.38,15.15,13.31,471,442,15.11,11898.94,507,2943,2,0.1,NaN,NaN,NaN,NaN,NaN,25,5,5,14.98,15.03,12.96,12.75
17:06:42,DECR,13.32,13.38,15.15,13.32,367,265,18.42,11917.36,507,2944,2,0.1,NaN,NaN,NaN,NaN,NaN,25,5,5,14.98,15.03,12.96,12.75
17:06:43,DECR,13.31,13.38,15.15,13.31,222,274,12.31,11929.67,507,2945,2,0.1,NaN,NaN,NaN,NaN,NaN,25,5,5,14.98,15.03,12.96,12.75
17:06:44,DECR,13.31,13.38,15.14,13.31,189,458,16.34,11946.01,507,2946,2,0.1,NaN,NaN,NaN,NaN,NaN,25,5,5,14.98,15.03,12.96,12.75
17:06:45,DECR,13.31,13.38,15.14,13.31,349,533,14.24,11960.25,507,2947,2,0.1,NaN,NaN,NaN,NaN,NaN,25,5,5,14.98,15.03,12.96,12.75
17:06:46,DECR,13.31,13.38,15.14,13.31,465,443,12.59,11972.84,507,2948,2,0.1,NaN,NaN,NaN,NaN,NaN,25,5,5,14.98,15.03,12.96,12.75
17:06:47,DECR,13.32,13.38,15.15,13.32,344,281,18.4,11991.24,507,2949,2,0.1,NaN,NaN,NaN,NaN,NaN,25,5,5,14.98,15.03,12.96,12.75
17:06:48,DECR,13.32,13.38,15.15,13.32,187,346,14.15,12005.4,507,2950,2,0.1,NaN,NaN,NaN,NaN,NaN,25,5,5,14.98,15.03,12.96,12.75
17:06:49,DECR,13.33,13.38,15.16,13.33,174,479,11.5,12016.9,507,2951,2,0.1,NaN,NaN,NaN,NaN,NaN,25,5,5,14.98,15.03,12.96,12.75
17:06:50,DECR,13.33,13.38,15.16,13.33,303,567,13.16,12030.05,507,2952,2,0.1,NaN,NaN,NaN,NaN,NaN,25,5,5,14.98,15.03,12.96,12.75
17:06:51,DECR,13.33,13.38,15.15,13.33,474,411,20.6,12050.65,507,2953,2,0.1,NaN,NaN,NaN,NaN,NaN,25,5,5,14.98,15.03,12.96,12.75
17:06:52,DECR,13.32,13.38,15.16,13.32,302,325,18.66,12069.31,507,2954,2,0.1,NaN,NaN,NaN,NaN,NaN,25,5,5,14.98,15.03,12.96,12.75
17:06:53,DECR,13.33,13.37,15.16,13.33,202,381,9.51,12078.82,507,2955,2,0.1,NaN,NaN,NaN,NaN,NaN,25,5,5,14.98,15.03,12.96,12.75
17:06:54,DECR,13.33,13.37,15.16,13.33,200,499,11.13,12089.95,507,2956,2,0.1,NaN,NaN,NaN,NaN,NaN,25,5,5,14.98,15.03,12.96,12.75
17:06:55,DECR,13.33,13.37,15.17,13.33,352,541,13.43,12103.38,507,2957,2,0.1,NaN,NaN,NaN,NaN,NaN,25,5,5,14.98,15.03,12.96,12.75
17:06:56,DECR,13.33,13.37,15.18,13.33,459,453,11.28,12114.66,507,2958,2,0.1,NaN,NaN,NaN,NaN,NaN,25,5,5,14.98,15.03,12.96,12.75
17:06:57,DECR,13.34,13.37,15.18,13.34,403,295,14.13,12128.78,507,2959,2,0.1,NaN,NaN,NaN,NaN,NaN,25,5,5,14.98,15.03,12.96,12.75
17:06:58,DECR,13.34,13.37,15.19,13.34,219,309,17.52,12146.31,507,2960,2,0.1,NaN,NaN,NaN,NaN,NaN,25,5,5,14.98,15.03,12.96,12.75
17:06:59,DECR,13.34,13.37,15.19,13.34,203,484,15.15,12161.46,507,2961,2,0.1,NaN,NaN,NaN,NaN,NaN,25,5,5,14.98,15.03,12.96,12.75
17:07:00,DECR,13.34,13.37,15.2,13.34,332,567,13.41,12174.87,507,2962,2,0.1,NaN,NaN,NaN,NaN,NaN,25,5,5,14.98,15.03,12.96,12.75
17:07:01,DECR,13.34,13.37,15.23,13.34,459,450,14.33,12189.2,507,2963,2,0.1,NaN,NaN,NaN,NaN,NaN,25,5,5,14.98,15.03,12.96,12.75
17:07:02,DECR,13.34,13.37,15.25,13.34,405,286,14.43,12203.63,507,2964,2,0.1,NaN,NaN,NaN,NaN,NaN,25,5,5,14.98,15.03,12.96,12.75
17:07:03,DECR,13.34,13.37,15.26,13.34,227,281,15.96,12219.6,507,2965,2,0.1,NaN,NaN,NaN,NaN,NaN,25,5,5,14.98,15.03,12.96,12.75
17:07:04,DECR,13.34,13.37,15.27,13.34,185,494,17.73,12237.33,507,2966,2,0.1,NaN,NaN,NaN,NaN,NaN,25,5,5,14.98,15.03,12.96,12.75
17:07:05,DECR,13.34,13.37,15.27,13.34,367,550,17.03,12254.36,507,2967,2,0.1,NaN,NaN,NaN,NaN,NaN,25,5,5,14.98,15.03,12.96,12.75
17:07:06,DECR,13.35,13.37,15.27,13.35,465,364,17.45,12271.81,507,2968,2,0.1,NaN,NaN,NaN,NaN,NaN,25,5,5,14.98,15.03,12.96,12.75
17:07:07,DECR,13.35,13.37,15.27,13.35,269,267,20.22,12292.03,507,2969,2,0.1,NaN,NaN,NaN,NaN,NaN,25,5,5,14.98,15.03,12.96,12.75
17:07:08,DECR,13.35,13.37,15.28,13.35,167,452,15.59,12307.62,507,2970,2,0.1,NaN,NaN,NaN,NaN,NaN,25,5,5,14.98,15.03,12.96,12.75
17:07:09,DECR,13.35,13.37,15.28,13.35,256,560,11.59,12319.21,507,2971,2,0.1,NaN,NaN,NaN,NaN,NaN,25,5,5,14.98,15.03,12.96,12.75
17:07:10,DECR,13.35,13.37,15.28,13.35,205,518,10.45,12329.66,507,2972,2,0.1,NaN,NaN,NaN,NaN,NaN,25,5,5,14.98,15.03,12.96,12.75
17:07:11,DECR,13.35,13.37,15.29,13.35,176,425,8.05,12337.71,507,2973,2,0.1,NaN,NaN,NaN,NaN,NaN,25,5,5,14.98,15.03,12.96,12.75
17:07:12,DECR,13.35,13.37,15.29,13.35,202,359,4.95,12342.66,507,2974,2,0.1,NaN,NaN,NaN,NaN,NaN,25,5,5,14.98,15.03,12.96,12.75
17:07:13,DECR,13.35,13.37,15.29,13.35,212,328,2.7,12345.36,507,2975,2,0.1,NaN,NaN,NaN,NaN,NaN,25,5,5,14.98,15.03,12.96,12.75
17:07:14,DECR,13.34,13.37,15.29,13.34,222,295,2.47,12347.83,507,2976,2,0.1,NaN,NaN,NaN,NaN,NaN,25,5,5,14.98,15.03,12.96,12.75
17:07:15,DECR,13.34,13.37,15.29,13.34,229,296,1.93,12349.75,507,2977,2,0.1,NaN,NaN,NaN,NaN,NaN,25,5,5,14.98,15.03,12.96,12.75
17:07:16,DECR,13.34,13.37,15.29,13.34,288,363,7.38,12357.14,507,2978,2,0.1,NaN,NaN,NaN,NaN,NaN,25,5,5,14.98,15.03,12.96,12.75
17:07:18,DECR,13.34,13.37,15.3,13.34,276,477,9.32,12366.46,507,2979,2,0.1,NaN,NaN,NaN,NaN,NaN,25,5,5,14.98,15.03,12.96,12.75
17:07:19,DECR,13.34,13.37,15.3,13.34,267,532,4.84,12371.3,507,2980,2,0.1,NaN,NaN,NaN,NaN,NaN,25,5,5,14.98,15.03,12.96,12.75
17:07:20,DECR,13.34,13.37,15.3,13.34,271,516,2.86,12374.16,507,2981,2,0.1,NaN,NaN,NaN,NaN,NaN,25,5,5,14.98,15.03,12.96,12.75
17:07:21,DECR,13.33,13.37,15.3,13.33,263,500,1.32,12375.48,507,2982,2,0.1,NaN,NaN,NaN,NaN,NaN,25,5,5,14.98,15.03,12.96,12.75
17:07:22,DECR,13.34,13.37,15.31,13.34,235,463,3.81,12379.29,507,2983,2,0.1,NaN,NaN,NaN,NaN,NaN,25,5,5,14.98,15.03,12.96,12.75
17:07:23,DECR,13.33,13.37,15.31,13.33,199,409,4.97,12384.26,507,2984,2,0.1,NaN,NaN,NaN,NaN,NaN,25,5,5,14.98,15.03,12.96,12.75
17:07:24,DECR,13.33,13.37,15.32,13.33,175,391,2.19,12386.45,507,2985,2,0.1,NaN,NaN,NaN,NaN,NaN,25,5,5,14.98,15.03,12.96,12.75
17:07:25,DECR,13.33,13.37,15.32,13.33,170,363,2.26,12388.72,507,2986,2,0.1,NaN,NaN,NaN,NaN,NaN,25,5,5,14.98,15.03,12.96,12.75
17:07:26,DECR,13.34,13.37,15.32,13.34,201,310,4.94,12393.66,507,2987,2,0.1,NaN,NaN,NaN,NaN,NaN,25,5,5,14.98,15.03,12.96,12.75
17:07:27,DECR,13.33,13.37,15.33,13.33,234,280,3.61,12397.27,507,2988,2,0.1,NaN,NaN,NaN,NaN,NaN,25,5,5,14.98,15.03,12.96,12.75
17:07:28,DECR,13.33,13.37,15.33,13.33,247,278,1.11,12398.38,507,2989,2,0.1,NaN,NaN,NaN,NaN,NaN,25,5,5,14.98,15.03,12.96,12.75
17:07:29,DECR,13.33,13.37,15.33,13.33,292,361,9.36,12407.74,507,2990,2,0.1,NaN,NaN,NaN,NaN,NaN,25,5,5,14.98,15.03,12.96,12.75
17:07:30,DECR,13.33,13.37,15.33,13.33,256,459,8.51,12416.26,507,2991,2,0.1,NaN,NaN,NaN,NaN,NaN,25,5,5,14.98,15.03,12.96,12.75
17:07:31,DECR,13.33,13.37,15.34,13.33,222,505,4.86,12421.12,507,2992,2,0.1,NaN,NaN,NaN,NaN,NaN,25,5,5,14.98,15.03,12.96,12.75
17:07:32,DECR,13.33,13.37,15.34,13.33,179,481,4.15,12425.27,507,2993,2,0.1,NaN,NaN,NaN,NaN,NaN,25,5,5,14.98,15.03,12.96,12.75
17:07:33,DECR,13.32,13.37,15.34,13.32,173,405,6.26,12431.52,507,2994,2,0.1,NaN,NaN,NaN,NaN,NaN,25,5,5,14.98,15.03,12.96,12.75
17:07:34,DECR,13.32,13.37,15.36,13.32,190,336,5.44,12436.96,507,2995,2,0.1,NaN,NaN,NaN,NaN,NaN,25,5,5,14.98,15.03,12.96,12.75
17:07:35,DECR,13.32,13.37,15.38,13.32,281,375,6.28,12443.24,507,2996,2,0.1,NaN,NaN,NaN,NaN,NaN,25,5,5,14.98,15.03,12.96,12.75
17:07:36,DECR,13.32,13.37,15.42,13.32,336,463,8.45,12451.69,507,2997,2,0.1,NaN,NaN,NaN,NaN,NaN,25,5,5,14.98,15.03,12.96,12.75
17:07:37,DECR,13.33,13.37,15.45,13.33,436,442,11.13,12462.82,507,2998,2,0.1,NaN,NaN,NaN,NaN,NaN,25,5,5,14.98,15.03,12.96,12.75
17:07:38,DECR,13.32,13.37,15.48,13.32,315,332,14.85,12477.68,507,2999,2,0.1,NaN,NaN,NaN,NaN,NaN,25,5,5,14.98,15.03,12.96,12.75
17:07:39,DECR,13.32,13.37,15.51,13.32,167,377,13.86,12491.54,507,3000,2,0.1,NaN,NaN,NaN,NaN,NaN,25,5,5,14.98,15.03,12.96,12.75
17:07:40,DECR,13.32,13.37,15.53,13.32,232,530,15.04,12506.58,507,3001,2,0.1,NaN,NaN,NaN,NaN,NaN,25,5,5,14.98,15.03,12.96,12.75
17:07:41,DECR,13.33,13.37,15.53,13.33,353,456,11.49,12518.07,507,3002,2,0.1,NaN,NaN,NaN,NaN,NaN,25,5,5,14.98,15.03,12.96,12.75
17:07:42,DECR,13.33,13.37,15.53,13.33,243,334,13.68,12531.75,507,3003,2,0.1,NaN,NaN,NaN,NaN,NaN,25,5,5,14.98,15.03,12.96,12.75
17:07:43,DECR,13.33,13.37,15.52,13.33,173,368,6.99,12538.74,507,3004,2,0.1,NaN,NaN,NaN,NaN,NaN,25,5,5,14.98,15.03,12.96,12.75
17:07:44,DECR,13.33,13.37,15.52,13.33,246,473,11.97,12550.71,507,3005,2,0.1,NaN,NaN,NaN,NaN,NaN,25,5,5,14.98,15.03,12.96,12.75
17:07:45,DECR,13.33,13.37,15.53,13.33,323,372,10.22,12560.92,507,3006,2,0.1,NaN,NaN,NaN,NaN,NaN,25,5,5,14.98,15.03,12.96,12.75
17:07:46,DECR,13.34,13.37,15.53,13.34,289,286,7.78,12568.71,507,3007,2,0.1,NaN,NaN,NaN,NaN,NaN,25,5,5,14.98,15.03,12.96,12.75
17:07:47,DECR,13.33,13.37,15.53,13.33,315,255,3.67,12572.37,507,3008,2,0.1,NaN,NaN,NaN,NaN,NaN,25,5,5,14.98,15.03,12.96,12.75
17:07:48,DECR,13.34,13.37,15.53,13.34,330,270,1.77,12574.14,507,3009,2,0.1,NaN,NaN,NaN,NaN,NaN,25,5,5,14.98,15.03,12.96,12.75
17:07:49,DECR,13.34,13.37,15.53,13.34,289,371,9.28,12583.42,507,3010,2,0.1,NaN,NaN,NaN,NaN,NaN,25,5,5,14.98,15.03,12.96,12.75
17:07:50,DECR,13.34,13.37,15.53,13.34,201,439,9.15,12592.57,507,3011,2,0.1,NaN,NaN,NaN,NaN,NaN,25,5,5,14.98,15.03,12.96,12.75
17:07:51,DECR,13.35,13.37,15.53,13.35,225,500,5.3,12597.87,507,3012,2,0.1,NaN,NaN,NaN,NaN,NaN,25,5,5,14.98,15.03,12.96,12.75
17:07:52,DECR,13.35,13.37,15.54,13.35,216,513,2.11,12599.98,507,3013,2,0.1,NaN,NaN,NaN,NaN,NaN,25,5,5,14.98,15.03,12.96,12.75
17:07:53,DECR,13.35,13.37,15.54,13.35,161,426,8.92,12608.9,507,3014,2,0.1,NaN,NaN,NaN,NaN,NaN,25,5,5,14.98,15.03,12.96,12.75
17:07:54,DECR,13.35,13.37,15.53,13.35,174,343,6.87,12615.77,507,3015,2,0.1,NaN,NaN,NaN,NaN,NaN,25,5,5,14.98,15.03,12.96,12.75
17:07:55,DECR,13.35,13.37,15.53,13.35,237,304,6.3,12622.08,507,3016,2,0.1,NaN,NaN,NaN,NaN,NaN,25,5,5,14.98,15.03,12.96,12.75
17:07:56,DECR,13.35,13.37,15.53,13.35,286,358,6.53,12628.6,507,3017,2,0.1,NaN,NaN,NaN,NaN,NaN,25,5,5,14.98,15.03,12.96,12.75
17:07:57,DECR,13.36,13.37,15.54,13.36,279,465,8.93,12637.54,507,3018,2,0.1,NaN,NaN,NaN,NaN,NaN,25,5,5,14.98,15.03,12.96,12.75
17:07:58,DECR,13.36,13.37,15.54,13.36,249,540,7.34,12644.88,507,3019,2,0.1,NaN,NaN,NaN,NaN,NaN,25,5,5,14.98,15.03,12.96,12.75
17:07:59,DECR,13.36,13.37,15.53,13.36,215,518,3.37,12648.25,507,3020,2,0.1,NaN,NaN,NaN,NaN,NaN,25,5,5,14.98,15.03,12.96,12.75
17:08:00,DECR,13.36,13.37,15.53,13.36,175,482,4.42,12652.67,507,3021,2,0.1,NaN,NaN,NaN,NaN,NaN,25,5,5,14.98,15.03,12.96,12.75
17:08:01,DECR,13.36,13.37,15.53,13.36,176,449,3.68,12656.35,507,3022,2,0.1,NaN,NaN,NaN,NaN,NaN,25,5,5,14.98,15.03,12.96,12.75
17:08:02,DECR,13.37,13.37,15.53,13.37,278,410,9.16,12665.52,507,3023,2,0.1,NaN,NaN,NaN,NaN,NaN,25,5,5,14.98,15.03,12.96,12.75
17:08:03,DECR,13.36,13.37,15.52,13.36,416,382,11.85,12677.36,507,3024,2,0.1,NaN,NaN,NaN,NaN,NaN,25,5,5,14.98,15.03,12.96,12.75
17:08:04,DECR,13.36,13.37,15.53,13.36,484,379,5.27,12682.63,507,3025,2,0.1,NaN,NaN,NaN,NaN,NaN,25,5,5,14.98,15.03,12.96,12.75
17:08:06,DECR,13.36,13.37,15.52,13.36,519,394,3.3,12685.93,507,3026,2,0.1,NaN,NaN,NaN,NaN,NaN,25,5,5,14.98,15.03,12.96,12.75
17:08:07,INCR,15.52,13.37,15.52,13.36,616,403,7.88,12693.81,508,3026,2,0.1,NaN,NaN,NaN,NaN,NaN,25,5,5,14.98,15.03,13.01,12.96
17:08:08,INCR,15.51,13.37,15.51,13.36,758,404,11.68,12705.49,509,3026,2,0.1,NaN,NaN,NaN,NaN,NaN,25,5,5,14.98,15.03,13.01,12.96
17:08:09,INCR,15.51,13.37,15.51,13.36,863,389,8.65,12714.13,510,3026,2,0.1,NaN,NaN,NaN,NaN,NaN,25,5,5,14.98,15.03,13.01,12.96
17:08:10,INCR,15.49,13.37,15.49,13.37,891,475,8.39,12722.52,511,3026,2,0.1,NaN,NaN,NaN,NaN,NaN,25,5,5,14.98,15.03,13.01,12.96
17:08:11,INCR,15.46,13.37,15.46,13.37,798,558,10.5,12733.02,512,3026,2,0.1,NaN,NaN,NaN,NaN,NaN,25,5,5,14.98,15.03,13.01,12.96
17:08:12,INCR,15.43,13.37,15.43,13.36,669,533,10.95,12743.98,513,3026,2,0.1,NaN,NaN,NaN,NaN,NaN,25,5,5,14.98,15.03,13.01,12.96
17:08:13,INCR,15.42,13.37,15.42,13.36,611,371,15.12,12759.1,514,3026,2,0.1,NaN,NaN,NaN,NaN,NaN,25,5,5,14.98,15.03,13.01,12.96
17:08:14,INCR,15.42,13.37,15.42,13.36,735,294,12.35,12771.45,515,3026,2,0.1,NaN,NaN,NaN,NaN,NaN,25,5,5,14.98,15.03,13.01,12.96
17:08:15,INCR,15.42,13.37,15.42,13.36,884,335,13.09,12784.54,516,3026,2,0.1,NaN,NaN,NaN,NaN,NaN,25,5,5,14.98,15.03,13.01,12.96
17:08:16,INCR,15.41,13.37,15.41,13.36,882,508,15.22,12799.76,517,3026,2,0.1,NaN,NaN,NaN,NaN,NaN,25,5,5,14.98,15.03,13.01,12.96
17:08:17,INCR,15.38,13.37,15.38,13.36,763,560,10.32,12810.08,518,3026,2,0.1,NaN,NaN,NaN,NaN,NaN,25,5,5,14.98,15.03,13.01,12.96
17:08:18,INCR,15.36,13.37,15.36,13.36,671,528,8.06,12818.14,519,3026,2,0.1,NaN,NaN,NaN,NaN,NaN,25,5,5,14.98,15.03,13.01,12.96
17:08:19,INCR,15.34,13.37,15.34,13.36,636,421,9.32,12827.47,520,3026,2,0.1,NaN,NaN,NaN,NaN,NaN,25,5,5,14.98,15.03,13.01,12.96
17:08:20,INCR,15.33,13.37,15.33,13.36,628,477,5.14,12832.61,521,3026,2,0.1,NaN,NaN,NaN,NaN,NaN,25,5,5,14.98,15.03,13.01,12.96
17:08:21,INCR,15.33,13.37,15.33,13.36,682,522,5.82,12838.43,522,3026,2,0.1,NaN,NaN,NaN,NaN,NaN,25,5,5,14.98,15.03,13.01,12.96
17:08:22,INCR,15.32,13.37,15.32,13.36,730,549,3.64,12842.06,523,3026,2,0.1,NaN,NaN,NaN,NaN,NaN,25,5,5,14.98,15.03,13.01,12.96
17:08:23,INCR,15.32,13.37,15.32,13.36,807,522,6.24,12848.31,524,3026,2,0.1,NaN,NaN,NaN,NaN,NaN,25,5,5,14.98,15.03,13.01,12.96
17:08:24,INCR,15.32,13.37,15.32,13.36,866,513,4.94,12853.24,525,3026,2,0.1,NaN,NaN,NaN,NaN,NaN,25,5,5,14.98,15.03,13.01,12.96
17:08:25,INCR,15.32,13.37,15.32,13.36,881,436,7.12,12860.36,526,3026,2,0.1,NaN,NaN,NaN,NaN,NaN,25,5,5,14.98,15.03,13.01,12.96
17:08:26,INCR,15.32,13.37,15.32,13.37,844,330,9.22,12869.58,527,3026,2,0.1,NaN,NaN,NaN,NaN,NaN,25,5,5,14.98,15.03,13.01,12.96
17:08:27,INCR,15.32,13.37,15.32,13.37,827,278,4.53,12874.11,528,3026,2,0.1,NaN,NaN,NaN,NaN,NaN,25,5,5,14.98,15.03,13.01,12.96
17:08:28,INCR,15.32,13.37,15.32,13.37,748,259,6.99,12881.1,529,3026,2,0.1,NaN,NaN,NaN,NaN,NaN,25,5,5,14.98,15.03,13.01,12.96
17:08:29,INCR,15.31,13.37,15.31,13.37,656,301,8.56,12889.66,530,3026,2,0.1,NaN,NaN,NaN,NaN,NaN,25,5,5,14.98,15.03,13.01,12.96
17:08:30,INCR,15.32,13.37,15.32,13.37,626,374,4.58,12894.24,531,3026,2,0.1,NaN,NaN,NaN,NaN,NaN,25,5,5,14.98,15.03,13.01,12.96
17:08:31,INCR,15.32,13.37,15.32,13.38,612,454,6.32,12900.56,532,3026,2,0.1,NaN,NaN,NaN,NaN,NaN,25,5,5,14.98,15.03,13.01,12.96
17:08:32,INCR,15.32,13.37,15.32,13.38,674,533,7.84,12908.41,533,3026,2,0.1,NaN,NaN,NaN,NaN,NaN,25,5,5,14.98,15.03,13.01,12.96
17:08:33,INCR,15.31,13.37,15.31,13.4,747,546,5.2,12913.6,534,3026,2,0.1,NaN,NaN,NaN,NaN,NaN,25,5,5,14.98,15.03,13.01,12.96
17:08:34,INCR,15.31,13.37,15.31,13.42,818,460,9.2,12922.8,535,3026,2,0.1,NaN,NaN,NaN,NaN,NaN,25,5,5,14.98,15.03,13.01,12.96
17:08:35,INCR,15.31,13.37,15.31,13.45,883,432,6.05,12928.85,536,3026,2,0.1,NaN,NaN,NaN,NaN,NaN,25,5,5,14.98,15.03,13.01,12.96
17:08:36,INCR,15.32,13.37,15.32,13.47,816,357,7.63,12936.48,537,3026,2,0.1,NaN,NaN,NaN,NaN,NaN,25,5,5,14.98,15.03,13.01,12.96
17:08:37,INCR,15.32,13.37,15.32,13.47,702,350,9.71,12946.19,538,3026,2,0.1,NaN,NaN,NaN,NaN,NaN,25,5,5,14.98,15.03,13.01,12.96
17:08:38,INCR,15.32,13.37,15.32,13.47,617,397,8.18,12954.37,539,3026,2,0.1,NaN,NaN,NaN,NaN,NaN,25,5,5,14.98,15.03,13.01,12.96
17:08:39,INCR,15.32,13.37,15.32,13.48,662,507,9.78,12964.15,540,3026,2,0.1,NaN,NaN,NaN,NaN,NaN,25,5,5,14.98,15.03,13.01,12.96
17:08:40,INCR,15.33,13.37,15.33,13.5,690,537,2.93,12967.08,541,3026,2,0.1,NaN,NaN,NaN,NaN,NaN,25,5,5,14.98,15.03,13.01,12.96
17:08:41,INCR,15.34,13.37,15.34,13.52,746,554,4.83,12971.91,542,3026,2,0.1,NaN,NaN,NaN,NaN,NaN,25,5,5,14.98,15.03,13.01,12.96
17:08:42,INCR,15.36,13.37,15.36,13.54,790,522,4.57,12976.48,543,3026,2,0.1,NaN,NaN,NaN,NaN,NaN,25,5,5,14.98,15.03,13.01,12.96
17:08:43,INCR,15.38,13.37,15.38,13.53,828,430,7.59,12984.07,544,3026,2,0.1,NaN,NaN,NaN,NaN,NaN,25,5,5,14.98,15.03,13.01,12.96
17:08:44,INCR,15.39,13.37,15.39,13.54,732,335,9.64,12993.71,545,3026,2,0.1,NaN,NaN,NaN,NaN,NaN,25,5,5,14.98,15.03,13.01,12.96
17:08:45,INCR,15.39,13.37,15.39,13.54,640,343,7.6,13001.32,546,3026,2,0.1,NaN,NaN,NaN,NaN,NaN,25,5,5,14.98,15.03,13.01,12.96
17:08:46,INCR,15.4,13.37,15.4,13.54,597,373,4.28,13005.6,547,3026,2,0.1,NaN,NaN,NaN,NaN,NaN,25,5,5,14.98,15.03,13.01,12.96
17:08:47,DECR,13.55,13.37,15.4,13.55,543,402,5.15,13010.75,547,3027,2,0.1,NaN,NaN,NaN,NaN,NaN,25,5,5,15.03,15.15,13.01,12.96
17:08:48,DECR,13.55,13.37,15.4,13.55,482,384,5.21,13015.95,547,3028,2,0.1,NaN,NaN,NaN,NaN,NaN,25,5,5,15.03,15.15,13.01,12.96
17:08:49,DECR,13.56,13.37,15.4,13.56,350,330,10.67,13026.62,547,3029,2,0.1,NaN,NaN,NaN,NaN,NaN,25,5,5,15.03,15.15,13.01,12.96
17:08:50,DECR,13.56,13.37,15.4,13.56,225,356,9.66,13036.28,547,3030,2,0.1,NaN,NaN,NaN,NaN,NaN,25,5,5,15.03,15.15,13.01,12.96
17:08:51,DECR,13.57,13.37,15.4,13.57,194,402,4.98,13041.26,547,3031,2,0.1,NaN,NaN,NaN,NaN,NaN,25,5,5,15.03,15.15,13.01,12.96
17:08:52,DECR,13.59,13.37,15.41,13.59,210,513,9.64,13050.91,547,3032,2,0.1,NaN,NaN,NaN,NaN,NaN,25,5,5,15.03,15.15,13.01,12.96
17:08:53,DECR,13.62,13.37,15.41,13.62,369,532,12.15,13063.06,547,3033,2,0.1,NaN,NaN,NaN,NaN,NaN,25,5,5,15.03,15.15,13.01,12.96
17:08:55,DECR,13.64,13.37,15.41,13.64,449,390,14.18,13077.24,547,3034,2,0.1,NaN,NaN,NaN,NaN,NaN,25,5,5,15.03,15.15,13.01,12.96
17:08:56,DECR,13.64,13.37,15.42,13.64,296,295,14.43,13091.67,547,3035,2,0.1,NaN,NaN,NaN,NaN,NaN,25,5,5,15.03,15.15,13.01,12.96
17:08:57,DECR,13.64,13.37,15.42,13.64,171,356,11.78,13103.45,547,3036,2,0.1,NaN,NaN,NaN,NaN,NaN,25,5,5,15.03,15.15,13.01,12.96
17:08:58,DECR,13.67,13.37,15.42,13.67,248,545,18.31,13121.76,547,3037,2,0.1,NaN,NaN,NaN,NaN,NaN,25,5,5,15.03,15.15,13.01,12.96
17:08:59,DECR,13.69,13.37,15.43,13.69,386,536,11.87,13133.63,547,3038,2,0.1,NaN,NaN,NaN,NaN,NaN,25,5,5,15.03,15.15,13.01,12.96
17:09:00,DECR,13.72,13.37,15.46,13.72,387,357,16.51,13150.14,547,3039,2,0.1,NaN,NaN,NaN,NaN,NaN,25,5,5,15.03,15.15,13.01,12.96
17:09:01,DECR,13.72,13.37,15.48,13.72,259,300,11.82,13161.96,547,3040,2,0.1,NaN,NaN,NaN,NaN,NaN,25,5,5,15.03,15.15,13.01,12.96
17:09:02,DECR,13.72,13.37,15.5,13.72,257,282,2.97,13164.93,547,3041,2,0.1,NaN,NaN,NaN,NaN,NaN,25,5,5,15.03,15.15,13.01,12.96
17:09:03,DECR,13.73,13.37,15.51,13.73,283,263,2.65,13167.58,547,3042,2,0.1,NaN,NaN,NaN,NaN,NaN,25,5,5,15.03,15.15,13.01,12.96
17:09:04,DECR,13.73,13.37,15.51,13.73,315,307,4.39,13171.97,547,3043,2,0.1,NaN,NaN,NaN,NaN,NaN,25,5,5,15.03,15.15,13.01,12.96
17:09:05,DECR,13.72,13.37,15.51,13.72,329,434,10.52,13182.49,547,3044,2,0.1,NaN,NaN,NaN,NaN,NaN,25,5,5,15.03,15.15,13.01,12.96
17:09:06,DECR,13.73,13.37,15.52,13.73,317,515,6.7,13189.18,547,3045,2,0.1,NaN,NaN,NaN,NaN,NaN,25,5,5,15.03,15.15,13.01,12.96
17:09:07,DECR,13.72,13.37,15.52,13.72,308,547,3.17,13192.35,547,3046,2,0.1,NaN,NaN,NaN,NaN,NaN,25,5,5,15.03,15.15,13.01,12.96
17:09:08,DECR,13.73,13.37,15.53,13.73,265,550,3.54,13195.9,547,3047,2,0.1,NaN,NaN,NaN,NaN,NaN,25,5,5,15.03,15.15,13.01,12.96
17:09:09,DECR,13.72,13.37,15.53,13.72,244,542,2.11,13198.01,547,3048,2,0.1,NaN,NaN,NaN,NaN,NaN,25,5,5,15.03,15.15,13.01,12.96
17:09:10,DECR,13.73,13.37,15.52,13.73,282,424,8.66,13206.66,547,3049,2,0.1,NaN,NaN,NaN,NaN,NaN,25,5,5,15.03,15.15,13.01,12.96
17:09:11,DECR,13.73,13.37,15.53,13.73,353,361,7.71,13214.38,547,3050,2,0.1,NaN,NaN,NaN,NaN,NaN,25,5,5,15.03,15.15,13.01,12.96
17:09:12,DECR,13.73,13.37,15.53,13.73,355,280,8.25,13222.62,547,3051,2,0.1,NaN,NaN,NaN,NaN,NaN,25,5,5,15.03,15.15,13.01,12.96
17:09:13,DECR,13.74,13.37,15.54,13.74,231,336,12.48,13235.11,547,3052,2,0.1,NaN,NaN,NaN,NaN,NaN,25,5,5,15.03,15.15,13.01,12.96
17:09:14,DECR,13.73,13.37,15.54,13.73,310,453,13.85,13248.96,547,3053,2,0.1,NaN,NaN,NaN,NaN,NaN,25,5,5,15.03,15.15,13.01,12.96
17:09:15,DECR,13.73,13.37,15.54,13.73,411,384,10.1,13259.06,547,3054,2,0.1,NaN,NaN,NaN,NaN,NaN,25,5,5,15.03,15.15,13.01,12.96
17:09:16,DECR,13.73,13.37,15.54,13.73,376,269,11.25,13270.3,547,3055,2,0.1,NaN,NaN,NaN,NaN,NaN,25,5,5,15.03,15.15,13.01,12.96
17:09:17,DECR,13.74,13.37,15.55,13.74,208,294,14.7,13285,547,3056,2,0.1,NaN,NaN,NaN,NaN,NaN,25,5,5,15.03,15.15,13.01,12.96
17:09:18,DECR,13.74,13.37,15.55,13.74,185,429,10.87,13295.87,547,3057,2,0.1,NaN,NaN,NaN,NaN,NaN,25,5,5,15.03,15.15,13.01,12.96
17:09:19,DECR,13.74,13.38,15.55,13.74,326,426,13.05,13308.92,547,3058,2,0.1,NaN,NaN,NaN,NaN,NaN,25,5,5,15.03,15.15,13.01,12.96
17:09:20,DECR,13.74,13.38,15.55,13.74,357,322,9.1,13318.02,547,3059,2,0.1,NaN,NaN,NaN,NaN,NaN,25,5,5,15.03,15.15,13.01,12.96
17:09:21,DECR,13.74,13.38,15.55,13.74,230,282,12.58,13330.6,547,3060,2,0.1,NaN,NaN,NaN,NaN,NaN,25,5,5,15.03,15.15,13.01,12.96
17:09:22,DECR,13.74,13.38,15.56,13.74,162,442,9.66,13340.26,547,3061,2,0.1,NaN,NaN,NaN,NaN,NaN,25,5,5,15.03,15.15,13.01,12.96
17:09:23,DECR,13.74,13.38,15.57,13.74,321,478,13.28,13353.54,547,3062,2,0.1,NaN,NaN,NaN,NaN,NaN,25,5,5,15.03,15.15,13.01,12.96
17:09:24,DECR,13.74,13.38,15.57,13.74,303,324,12.74,13366.28,547,3063,2,0.1,NaN,NaN,NaN,NaN,NaN,25,5,5,15.03,15.15,13.01,12.96
17:09:25,DECR,13.75,13.38,15.57,13.75,241,285,7.19,13373.47,547,3064,2,0.1,NaN,NaN,NaN,NaN,NaN,25,5,5,15.03,15.15,13.01,12.96
17:09:26,DECR,13.74,13.38,15.57,13.74,165,413,13.15,13386.62,547,3065,2,0.1,NaN,NaN,NaN,NaN,NaN,25,5,5,15.03,15.15,13.01,12.96
17:09:27,DECR,13.75,13.38,15.57,13.75,237,521,9.29,13395.91,547,3066,2,0.1,NaN,NaN,NaN,NaN,NaN,25,5,5,15.03,15.15,13.01,12.96
17:09:28,DECR,13.75,13.38,15.57,13.75,374,445,14.04,13409.94,547,3067,2,0.1,NaN,NaN,NaN,NaN,NaN,25,5,5,15.03,15.15,13.01,12.96
17:09:29,DECR,13.75,13.38,15.56,13.75,331,293,9.29,13419.23,547,3068,2,0.1,NaN,NaN,NaN,NaN,NaN,25,5,5,15.03,15.15,13.01,12.96
17:09:30,DECR,13.75,13.38,15.57,13.75,210,296,8.87,13428.1,547,3069,2,0.1,NaN,NaN,NaN,NaN,NaN,25,5,5,15.03,15.15,13.01,12.96
17:09:31,DECR,13.76,13.38,15.57,13.76,163,443,13.08,13441.18,547,3070,2,0.1,NaN,NaN,NaN,NaN,NaN,25,5,5,15.03,15.15,13.01,12.96
17:09:32,DECR,13.75,13.38,15.57,13.75,299,536,14.07,13455.25,547,3071,2,0.1,NaN,NaN,NaN,NaN,NaN,25,5,5,15.03,15.15,13.01,12.96
17:09:33,DECR,13.76,13.38,15.57,13.76,370,392,14.35,13469.59,547,3072,2,0.1,NaN,NaN,NaN,NaN,NaN,25,5,5,15.03,15.15,13.01,12.96
17:09:34,DECR,13.75,13.38,15.56,13.75,228,307,12.55,13482.14,547,3073,2,0.1,NaN,NaN,NaN,NaN,NaN,25,5,5,15.03,15.15,13.01,12.96
17:09:35,DECR,13.75,13.38,15.57,13.75,168,462,15.44,13497.58,547,3074,2,0.1,NaN,NaN,NaN,NaN,NaN,25,5,5,15.03,15.15,13.01,12.96
17:09:36,DECR,13.76,13.38,15.57,13.76,210,520,5.81,13503.39,547,3075,2,0.1,NaN,NaN,NaN,NaN,NaN,25,5,5,15.03,15.15,13.01,12.96
17:09:37,DECR,13.76,13.38,15.57,13.76,358,408,20.38,13523.76,547,3076,2,0.1,NaN,NaN,NaN,NaN,NaN,25,5,5,15.03,15.15,13.01,12.96
17:09:38,DECR,13.76,13.38,15.57,13.76,237,311,12.64,13536.41,547,3077,2,0.1,NaN,NaN,NaN,NaN,NaN,25,5,5,15.03,15.15,13.01,12.96
17:09:39,DECR,13.76,13.38,15.57,13.76,168,388,9.04,13545.45,547,3078,2,0.1,NaN,NaN,NaN,NaN,NaN,25,5,5,15.03,15.15,13.01,12.96
17:09:40,DECR,13.76,13.38,15.57,13.76,249,548,14.98,13560.43,547,3079,2,0.1,NaN,NaN,NaN,NaN,NaN,25,5,5,15.03,15.15,13.01,12.96
17:09:41,DECR,13.77,13.38,15.57,13.77,408,507,14.59,13575.02,547,3080,2,0.1,NaN,NaN,NaN,NaN,NaN,25,5,5,15.03,15.15,13.01,12.96
17:09:42,DECR,13.77,13.38,15.57,13.77,314,342,17.07,13592.09,547,3081,2,0.1,NaN,NaN,NaN,NaN,NaN,25,5,5,15.03,15.15,13.01,12.96
17:09:43,DECR,13.76,13.38,15.56,13.76,175,366,10.9,13602.99,547,3082,2,0.1,NaN,NaN,NaN,NaN,NaN,25,5,5,15.03,15.15,13.01,12.96
17:09:44,DECR,13.76,13.38,15.56,13.76,204,519,13.01,13616,547,3083,2,0.1,NaN,NaN,NaN,NaN,NaN,25,5,5,15.03,15.15,13.01,12.96
17:09:46,DECR,13.77,13.38,15.56,13.77,374,509,14.41,13630.42,547,3084,2,0.1,NaN,NaN,NaN,NaN,NaN,25,5,5,15.03,15.15,13.01,12.96
17:09:47,DECR,13.77,13.38,15.56,13.77,349,334,15.57,13645.99,547,3085,2,0.1,NaN,NaN,NaN,NaN,NaN,25,5,5,15.03,15.15,13.01,12.96
17:09:48,DECR,13.76,13.38,15.56,13.76,213,315,11.96,13657.95,547,3086,2,0.1,NaN,NaN,NaN,NaN,NaN,25,5,5,15.03,15.15,13.01,12.96
17:09:49,DECR,13.76,13.38,15.56,13.76,214,518,19.13,13677.08,547,3087,2,0.1,NaN,NaN,NaN,NaN,NaN,25,5,5,15.03,15.15,13.01,12.96
17:09:50,DECR,13.77,13.38,15.56,13.77,376,509,12.52,13689.6,547,3088,2,0.1,NaN,NaN,NaN,NaN,NaN,25,5,5,15.03,15.15,13.01,12.96
17:09:51,DECR,13.77,13.38,15.55,13.77,398,387,10.27,13699.87,547,3089,2,0.1,NaN,NaN,NaN,NaN,NaN,25,5,5,15.03,15.15,13.01,12.96
17:09:52,DECR,13.76,13.38,15.55,13.76,243,273,13.79,13713.66,547,3090,2,0.1,NaN,NaN,NaN,NaN,NaN,25,5,5,15.03,15.15,13.01,12.96
17:09:53,DECR,13.76,13.38,15.55,13.76,156,432,14.59,13728.25,547,3091,2,0.1,NaN,NaN,NaN,NaN,NaN,25,5,5,15.03,15.15,13.01,12.96
17:09:54,DECR,13.76,13.38,15.55,13.76,326,529,17.22,13745.47,547,3092,2,0.1,NaN,NaN,NaN,NaN,NaN,25,5,5,15.03,15.15,13.01,12.96
17:09:55,DECR,13.76,13.38,15.55,13.76,365,393,12.7,13758.17,547,3093,2,0.1,NaN,NaN,NaN,NaN,NaN,25,5,5,15.03,15.15,13.01,12.96
17:09:56,DECR,13.76,13.38,15.54,13.76,251,272,15.53,13773.7,547,3094,2,0.1,NaN,NaN,NaN,NaN,NaN,25,5,5,15.03,15.15,13.01,12.96
17:09:57,DECR,13.76,13.38,15.54,13.76,163,428,15.62,13789.33,547,3095,2,0.1,NaN,NaN,NaN,NaN,NaN,25,5,5,15.03,15.15,13.01,12.96
17:09:58,DECR,13.75,13.38,15.54,13.75,326,501,16.24,13805.56,547,3096,2,0.1,NaN,NaN,NaN,NaN,NaN,25,5,5,15.03,15.15,13.01,12.96
17:09:59,DECR,13.75,13.38,15.53,13.75,365,346,13.68,13819.25,547,3097,2,0.1,NaN,NaN,NaN,NaN,NaN,25,5,5,15.03,15.15,13.01,12.96
17:10:00,DECR,13.76,13.38,15.51,13.76,254,271,11.86,13831.11,547,3098,2,0.1,NaN,NaN,NaN,NaN,NaN,25,5,5,15.03,15.15,13.01,12.96
17:10:01,DECR,13.76,13.38,15.49,13.76,166,361,10.77,13841.88,547,3099,2,0.1,NaN,NaN,NaN,NaN,NaN,25,5,5,15.03,15.15,13.01,12.96
17:10:02,DECR,13.75,13.38,15.47,13.75,307,489,19.83,13861.71,547,3100,2,0.1,NaN,NaN,NaN,NaN,NaN,25,5,5,15.03,15.15,13.01,12.96
17:10:03,DECR,13.75,13.38,15.46,13.75,342,310,16.29,13878,547,3101,2,0.1,NaN,NaN,NaN,NaN,NaN,25,5,5,15.03,15.15,13.01,12.96
17:10:04,DECR,13.74,13.38,15.46,13.74,228,281,11.1,13889.1,547,3102,2,0.1,NaN,NaN,NaN,NaN,NaN,25,5,5,15.03,15.15,13.01,12.96
17:10:05,DECR,13.75,13.38,15.46,13.75,158,413,12.59,13901.7,547,3103,2,0.1,NaN,NaN,NaN,NaN,NaN,25,5,5,15.03,15.15,13.01,12.96
17:10:06,DECR,13.74,13.38,15.45,13.74,314,492,18.17,13919.87,547,3104,2,0.1,NaN,NaN,NaN,NaN,NaN,25,5,5,15.03,15.15,13.01,12.96
17:10:07,DECR,13.74,13.38,15.45,13.74,304,312,15.73,13935.6,547,3105,2,0.1,NaN,NaN,NaN,NaN,NaN,25,5,5,15.03,15.15,13.01,12.96
17:10:08,DECR,13.74,13.38,15.45,13.74,195,319,10.82,13946.42,547,3106,2,0.1,NaN,NaN,NaN,NaN,NaN,25,5,5,15.03,15.15,13.01,12.96
17:10:09,DECR,13.74,13.38,15.45,13.74,181,495,15.39,13961.81,547,3107,2,0.1,NaN,NaN,NaN,NaN,NaN,25,5,5,15.03,15.15,13.01,12.96
17:10:10,DECR,13.74,13.38,15.45,13.74,375,517,18.13,13979.94,547,3108,2,0.1,NaN,NaN,NaN,NaN,NaN,25,5,5,15.03,15.15,13.01,12.96
17:10:11,DECR,13.74,13.38,15.45,13.74,403,324,17.59,13997.53,547,3109,2,0.1,NaN,NaN,NaN,NaN,NaN,25,5,5,15.03,15.15,13.01,12.96
17:10:12,DECR,13.73,13.38,15.44,13.73,208,300,16.52,14014.04,547,3110,2,0.1,NaN,NaN,NaN,NaN,NaN,25,5,5,15.03,15.15,13.01,12.96
17:10:13,DECR,13.73,13.38,15.44,13.73,187,499,17.88,14031.92,547,3111,2,0.1,NaN,NaN,NaN,NaN,NaN,25,5,5,15.03,15.15,13.01,12.96
17:10:14,DECR,13.73,13.38,15.44,13.73,442,455,21.77,14053.69,547,3112,2,0.1,NaN,NaN,NaN,NaN,NaN,25,5,5,15.03,15.15,13.01,12.96
17:10:15,DECR,13.73,13.38,15.44,13.73,457,450,1.68,14055.37,547,3113,2,0.1,NaN,NaN,NaN,NaN,NaN,25,5,5,15.03,15.15,13.01,12.96
17:10:16,DECR,13.73,13.38,15.44,13.73,469,438,1.56,14056.93,547,3114,2,0.1,NaN,NaN,NaN,NaN,NaN,25,5,5,15.03,15.15,13.01,12.96
17:10:17,DECR,13.73,13.38,15.43,13.73,462,427,1.11,14058.04,547,3115,2,0.1,NaN,NaN,NaN,NaN,NaN,25,5,5,15.03,15.15,13.01,12.96
17:10:18,DECR,13.73,13.38,15.43,13.73,459,415,1.8,14059.84,547,3116,2,0.1,NaN,NaN,NaN,NaN,NaN,25,5,5,15.03,15.15,13.01,12.96
17:10:19,DECR,13.73,13.38,15.43,13.73,432,428,2.4,14062.24,547,3117,2,0.1,NaN,NaN,NaN,NaN,NaN,25,5,5,15.03,15.15,13.01,12.96
17:10:20,DECR,13.73,13.38,15.43,13.73,372,418,4.32,14066.57,547,3118,2,0.1,NaN,NaN,NaN,NaN,NaN,25,5,5,15.03,15.15,13.01,12.96
17:10:21,DECR,13.73,13.38,15.43,13.73,265,394,8.3,14074.87,547,3119,2,0.1,NaN,NaN,NaN,NaN,NaN,25,5,5,15.03,15.15,13.01,12.96
17:10:22,DECR,13.73,13.38,15.43,13.73,192,396,5.91,14080.78,547,3120,2,0.1,NaN,NaN,NaN,NaN,NaN,25,5,5,15.03,15.15,13.01,12.96
17:10:23,DECR,13.73,13.38,15.44,13.73,194,341,5.42,14086.2,547,3121,2,0.1,NaN,NaN,NaN,NaN,NaN,25,5,5,15.03,15.15,13.01,12.96
17:10:24,DECR,13.73,13.38,15.44,13.73,231,301,4.66,14090.86,547,3122,2,0.1,NaN,NaN,NaN,NaN,NaN,25,5,5,15.03,15.15,13.01,12.96
17:10:25,DECR,13.72,13.38,15.44,13.72,335,351,9.13,14099.99,547,3123,2,0.1,NaN,NaN,NaN,NaN,NaN,25,5,5,15.03,15.15,13.01,12.96
17:10:26,DECR,13.72,13.38,15.44,13.72,396,446,9.18,14109.17,547,3124,2,0.1,NaN,NaN,NaN,NaN,NaN,25,5,5,15.03,15.15,13.01,12.96
17:10:27,DECR,13.72,13.38,15.44,13.72,398,516,5.79,14114.96,547,3125,2,0.1,NaN,NaN,NaN,NaN,NaN,25,5,5,15.03,15.15,13.01,12.96
17:10:28,DECR,13.72,13.38,15.44,13.72,348,544,4.89,14119.86,547,3126,2,0.1,NaN,NaN,NaN,NaN,NaN,25,5,5,15.03,15.15,13.01,12.96
17:10:29,DECR,13.72,13.38,15.44,13.72,302,544,4.09,14123.94,547,3127,2,0.1,NaN,NaN,NaN,NaN,NaN,25,5,5,15.03,15.15,13.01,12.96
17:10:30,DECR,13.72,13.38,15.44,13.72,256,425,10.44,14134.39,547,3128,2,0.1,NaN,NaN,NaN,NaN,NaN,25,5,5,15.03,15.15,13.01,12.96
17:10:31,DECR,13.71,13.38,15.44,13.71,312,312,10.47,14144.85,547,3129,2,0.1,NaN,NaN,NaN,NaN,NaN,25,5,5,15.03,15.15,13.01,12.96
17:10:32,DECR,13.72,13.38,15.45,13.72,361,272,5.36,14150.21,547,3130,2,0.1,NaN,NaN,NaN,NaN,NaN,25,5,5,15.03,15.15,13.01,12.96
17:10:33,DECR,13.72,13.38,15.45,13.72,397,329,5.7,14155.91,547,3131,2,0.1,NaN,NaN,NaN,NaN,NaN,25,5,5,15.03,15.15,13.01,12.96
17:10:35,DECR,13.73,13.38,15.46,13.73,435,429,8.71,14164.62,547,3132,2,0.1,NaN,NaN,NaN,NaN,NaN,25,5,5,15.03,15.15,13.01,12.96
17:10:36,DECR,13.72,13.38,15.46,13.72,436,503,4.9,14169.53,547,3133,2,0.1,NaN,NaN,NaN,NaN,NaN,25,5,5,15.03,15.15,13.01,12.96
17:10:37,DECR,13.72,13.38,15.47,13.72,399,534,3.96,14173.48,547,3134,2,0.1,NaN,NaN,NaN,NaN,NaN,25,5,5,15.03,15.15,13.01,12.96
17:10:38,DECR,13.72,13.38,15.47,13.72,363,527,1.86,14175.34,547,3135,2,0.1,NaN,NaN,NaN,NaN,NaN,25,5,5,15.03,15.15,13.01,12.96
17:10:39,DECR,13.72,13.38,15.5,13.72,297,453,8.37,14183.71,547,3136,2,0.1,NaN,NaN,NaN,NaN,NaN,25,5,5,15.03,15.15,13.01,12.96
17:10:40,DECR,13.72,13.38,15.52,13.72,296,314,9.51,14193.22,547,3137,2,0.1,NaN,NaN,NaN,NaN,NaN,25,5,5,15.03,15.15,13.01,12.96
17:10:41,DECR,13.71,13.38,15.54,13.71,365,283,5.26,14198.48,547,3138,2,0.1,NaN,NaN,NaN,NaN,NaN,25,5,5,15.03,15.15,13.01,12.96
17:10:42,DECR,13.71,13.38,15.55,13.71,399,303,3.05,14201.53,547,3139,2,0.1,NaN,NaN,NaN,NaN,NaN,25,5,5,15.03,15.15,13.01,12.96
17:10:43,DECR,13.71,13.38,15.55,13.71,422,367,5.55,14207.08,547,3140,2,0.1,NaN,NaN,NaN,NaN,NaN,25,5,5,15.03,15.15,13.01,12.96
17:10:44,DECR,13.72,13.38,15.55,13.72,465,398,4.91,14211.99,547,3141,2,0.1,NaN,NaN,NaN,NaN,NaN,25,5,5,15.03,15.15,13.01,12.96
17:10:45,DECR,13.72,13.38,15.56,13.72,532,393,5.65,14217.64,547,3142,2,0.1,NaN,NaN,NaN,NaN,NaN,25,5,5,15.03,15.15,13.01,12.96
17:10:46,INCR,15.56,13.38,15.56,13.71,639,426,8.64,14226.28,548,3142,2,0.1,NaN,NaN,NaN,NaN,NaN,25,5,5,15.03,15.15,13.09,13.17
17:10:47,INCR,15.56,13.38,15.56,13.71,671,508,7.13,14233.41,549,3142,2,0.1,NaN,NaN,NaN,NaN,NaN,25,5,5,15.03,15.15,13.09,13.17
17:10:48,INCR,15.56,13.38,15.56,13.71,727,547,5.49,14238.9,550,3142,2,0.1,NaN,NaN,NaN,NaN,NaN,25,5,5,15.03,15.15,13.09,13.17
17:10:49,INCR,15.57,13.38,15.57,13.71,757,522,3.65,14242.55,551,3142,2,0.1,NaN,NaN,NaN,NaN,NaN,25,5,5,15.03,15.15,13.09,13.17
17:10:50,INCR,15.57,13.38,15.57,13.71,812,347,13.9,14256.45,552,3142,2,0.1,NaN,NaN,NaN,NaN,NaN,25,5,5,15.03,15.15,13.09,13.17
17:10:51,INCR,15.57,13.38,15.57,13.71,877,352,6,14262.45,553,3142,2,0.1,NaN,NaN,NaN,NaN,NaN,25,5,5,15.03,15.15,13.09,13.17
17:10:52,INCR,15.58,13.38,15.58,13.72,890,486,11.72,14274.17,554,3142,2,0.1,NaN,NaN,NaN,NaN,NaN,25,5,5,15.03,15.15,13.09,13.17
17:10:53,INCR,15.58,13.38,15.58,13.72,712,558,16.94,14291.11,555,3142,2,0.1,NaN,NaN,NaN,NaN,NaN,25,5,5,15.03,15.15,13.09,13.17
17:10:54,INCR,15.59,13.38,15.59,13.72,606,407,16.01,14307.12,556,3142,2,0.1,NaN,NaN,NaN,NaN,NaN,25,5,5,15.03,15.15,13.09,13.17
17:10:55,INCR,15.59,13.38,15.59,13.71,672,297,10.82,14317.94,557,3142,2,0.1,NaN,NaN,NaN,NaN,NaN,25,5,5,15.03,15.15,13.09,13.17
17:10:56,INCR,15.6,13.38,15.6,13.71,859,293,16.69,14334.62,558,3142,2,0.1,NaN,NaN,NaN,NaN,NaN,25,5,5,15.03,15.15,13.09,13.17
17:10:57,INCR,15.62,13.38,15.62,13.71,907,419,11.39,14346.01,559,3142,2,0.1,NaN,NaN,NaN,NaN,NaN,25,5,5,15.03,15.15,13.09,13.17
17:10:58,INCR,15.65,13.38,15.65,13.71,757,551,17.98,14364,560,3142,2,0.1,NaN,NaN,NaN,NaN,NaN,25,5,5,15.03,15.15,13.09,13.17
17:10:59,INCR,15.68,13.38,15.68,13.71,623,465,13.61,14377.61,561,3142,2,0.1,NaN,NaN,NaN,NaN,NaN,25,5,5,15.03,15.15,13.09,13.17
17:11:00,INCR,15.69,13.38,15.69,13.71,632,337,11.02,14388.62,562,3142,2,0.1,NaN,NaN,NaN,NaN,NaN,25,5,5,15.03,15.15,13.09,13.17
17:11:01,INCR,15.69,13.38,15.69,13.71,777,252,14.31,14402.93,563,3142,2,0.1,NaN,NaN,NaN,NaN,NaN,25,5,5,15.03,15.15,13.09,13.17
17:11:02,INCR,15.69,13.38,15.69,13.71,894,362,14.12,14417.05,564,3142,2,0.1,NaN,NaN,NaN,NaN,NaN,25,5,5,15.03,15.15,13.09,13.17
17:11:03,INCR,15.69,13.38,15.69,13.71,850,499,12.13,14429.18,565,3142,2,0.1,NaN,NaN,NaN,NaN,NaN,25,5,5,15.03,15.15,13.09,13.17
17:11:04,INCR,15.69,13.38,15.69,13.71,640,501,18.91,14448.09,566,3142,2,0.1,NaN,NaN,NaN,NaN,NaN,25,5,5,15.03,15.15,13.09,13.17
17:11:05,DECR,13.71,13.38,15.69,13.71,523,391,12.91,14461,566,3143,2,0.1,NaN,NaN,NaN,NaN,NaN,25,5,5,15.1,15.26,13.09,13.17
17:11:06,DECR,13.71,13.38,15.7,13.71,397,395,10.26,14471.25,566,3144,2,0.1,NaN,NaN,NaN,NaN,NaN,25,5,5,15.1,15.26,13.09,13.17
17:11:07,DECR,13.71,13.38,15.7,13.71,278,374,9.87,14481.13,566,3145,2,0.1,NaN,NaN,NaN,NaN,NaN,25,5,5,15.1,15.26,13.09,13.17
17:11:08,DECR,13.71,13.38,15.71,13.71,189,470,12.17,14493.3,566,3146,2,0.1,NaN,NaN,NaN,NaN,NaN,25,5,5,15.1,15.26,13.09,13.17
17:11:09,DECR,13.72,13.38,15.71,13.72,333,537,11.01,14504.31,566,3147,2,0.1,NaN,NaN,NaN,NaN,NaN,25,5,5,15.1,15.26,13.09,13.17
17:11:10,DECR,13.71,13.38,15.71,13.71,364,361,13.93,14518.24,566,3148,2,0.1,NaN,NaN,NaN,NaN,NaN,25,5,5,15.1,15.26,13.09,13.17
17:11:11,DECR,13.71,13.38,15.71,13.71,201,353,14.35,14532.59,566,3149,2,0.1,NaN,NaN,NaN,NaN,NaN,25,5,5,15.1,15.26,13.09,13.17
17:11:12,DECR,13.71,13.38,15.71,13.71,204,521,15.96,14548.55,566,3150,2,0.1,NaN,NaN,NaN,NaN,NaN,25,5,5,15.1,15.26,13.09,13.17
17:11:13,DECR,13.72,13.38,15.72,13.72,363,536,14.12,14562.67,566,3151,2,0.1,NaN,NaN,NaN,NaN,NaN,25,5,5,15.1,15.26,13.09,13.17
17:11:14,DECR,13.72,13.38,15.72,13.72,384,368,15.41,14578.08,566,3152,2,0.1,NaN,NaN,NaN,NaN,NaN,25,5,5,15.1,15.26,13.09,13.17
17:11:15,DECR,13.72,13.38,15.72,13.72,195,340,16.26,14594.34,566,3153,2,0.1,NaN,NaN,NaN,NaN,NaN,25,5,5,15.1,15.26,13.09,13.17
17:11:16,DECR,13.72,13.38,15.72,13.72,180,480,11.18,14605.52,566,3154,2,0.1,NaN,NaN,NaN,NaN,NaN,25,5,5,15.1,15.26,13.09,13.17
17:11:17,DECR,13.72,13.38,15.73,13.72,289,566,11.77,14617.29,566,3155,2,0.1,NaN,NaN,NaN,NaN,NaN,25,5,5,15.1,15.26,13.09,13.17
17:11:18,DECR,13.72,13.38,15.73,13.72,452,450,18.05,14635.34,566,3156,2,0.1,NaN,NaN,NaN,NaN,NaN,25,5,5,15.1,15.26,13.09,13.17
17:11:19,DECR,13.72,13.38,15.73,13.72,343,287,15.96,14651.3,566,3157,2,0.1,NaN,NaN,NaN,NaN,NaN,25,5,5,15.1,15.26,13.09,13.17
17:11:20,DECR,13.73,13.38,15.73,13.73,177,334,13.28,14664.58,566,3158,2,0.1,NaN,NaN,NaN,NaN,NaN,25,5,5,15.1,15.26,13.09,13.17
17:11:21,DECR,13.73,13.38,15.73,13.73,182,492,13.38,14677.95,566,3159,2,0.1,NaN,NaN,NaN,NaN,NaN,25,5,5,15.1,15.26,13.09,13.17
17:11:23,DECR,13.73,13.38,15.73,13.73,312,566,12.78,14690.74,566,3160,2,0.1,NaN,NaN,NaN,NaN,NaN,25,5,5,15.1,15.26,13.09,13.17
17:11:24,DECR,13.73,13.38,15.73,13.73,445,464,14.63,14705.36,566,3161,2,0.1,NaN,NaN,NaN,NaN,NaN,25,5,5,15.1,15.26,13.09,13.17
17:11:25,DECR,13.74,13.38,15.73,13.74,379,318,13.98,14719.34,566,3162,2,0.1,NaN,NaN,NaN,NaN,NaN,25,5,5,15.1,15.26,13.09,13.17
17:11:26,DECR,13.74,13.38,15.73,13.74,235,288,11.66,14731,566,3163,2,0.1,NaN,NaN,NaN,NaN,NaN,25,5,5,15.1,15.26,13.09,13.17
17:11:27,DECR,13.74,13.38,15.73,13.74,163,427,13.88,14744.89,566,3164,2,0.1,NaN,NaN,NaN,NaN,NaN,25,5,5,15.1,15.26,13.09,13.17
17:11:28,DECR,13.74,13.38,15.72,13.74,263,557,13.97,14758.85,566,3165,2,0.1,NaN,NaN,NaN,NaN,NaN,25,5,5,15.1,15.26,13.09,13.17
17:11:29,DECR,13.74,13.38,15.72,13.74,413,471,15.81,14774.67,566,3166,2,0.1,NaN,NaN,NaN,NaN,NaN,25,5,5,15.1,15.26,13.09,13.17
17:11:30,DECR,13.74,13.38,15.72,13.74,318,309,15.74,14790.41,566,3167,2,0.1,NaN,NaN,NaN,NaN,NaN,25,5,5,15.1,15.26,13.09,13.17
17:11:31,DECR,13.74,13.38,15.72,13.74,179,341,11.86,14802.27,566,3168,2,0.1,NaN,NaN,NaN,NaN,NaN,25,5,5,15.1,15.26,13.09,13.17
17:11:32,DECR,13.74,13.38,15.72,13.74,188,500,13.69,14815.96,566,3169,2,0.1,NaN,NaN,NaN,NaN,NaN,25,5,5,15.1,15.26,13.09,13.17
17:11:33,DECR,13.74,13.38,15.72,13.74,301,553,11.11,14827.07,566,3170,2,0.1,NaN,NaN,NaN,NaN,NaN,25,5,5,15.1,15.26,13.09,13.17
17:11:34,DECR,13.74,13.38,15.72,13.74,348,339,21.3,14848.37,566,3171,2,0.1,NaN,NaN,NaN,NaN,NaN,25,5,5,15.1,15.26,13.09,13.17
17:11:35,DECR,13.74,13.38,15.72,13.74,209,299,11.99,14860.37,566,3172,2,0.1,NaN,NaN,NaN,NaN,NaN,25,5,5,15.1,15.26,13.09,13.17
17:11:36,DECR,13.75,13.38,15.71,13.75,164,451,13.63,14874,566,3173,2,0.1,NaN,NaN,NaN,NaN,NaN,25,5,5,15.1,15.26,13.09,13.17
17:11:37,DECR,13.75,13.38,15.71,13.75,312,567,15.23,14889.23,566,3174,2,0.1,NaN,NaN,NaN,NaN,NaN,25,5,5,15.1,15.26,13.09,13.17
17:11:38,DECR,13.75,13.38,15.71,13.75,439,476,10.69,14899.92,566,3175,2,0.1,NaN,NaN,NaN,NaN,NaN,25,5,5,15.1,15.26,13.09,13.17
17:11:39,DECR,13.75,13.38,15.71,13.75,377,303,15.58,14915.5,566,3176,2,0.1,NaN,NaN,NaN,NaN,NaN,25,5,5,15.1,15.26,13.09,13.17
17:11:40,DECR,13.75,13.38,15.7,13.75,225,283,13.4,14928.9,566,3177,2,0.1,NaN,NaN,NaN,NaN,NaN,25,5,5,15.1,15.26,13.09,13.17
17:11:41,DECR,13.75,13.38,15.7,13.75,162,426,13.43,14942.34,566,3178,2,0.1,NaN,NaN,NaN,NaN,NaN,25,5,5,15.1,15.26,13.09,13.17
17:11:42,DECR,13.75,13.38,15.7,13.75,275,548,13.25,14955.59,566,3179,2,0.1,NaN,NaN,NaN,NaN,NaN,25,5,5,15.1,15.26,13.09,13.17
17:11:43,DECR,13.75,13.38,15.7,13.75,380,438,11.01,14966.6,566,3180,2,0.1,NaN,NaN,NaN,NaN,NaN,25,5,5,15.1,15.26,13.09,13.17
17:11:44,DECR,13.75,13.38,15.7,13.75,297,313,13.01,14979.61,566,3181,2,0.1,NaN,NaN,NaN,NaN,NaN,25,5,5,15.1,15.26,13.09,13.17
17:11:45,DECR,13.75,13.38,15.7,13.75,186,341,10.41,14990.02,566,3182,2,0.1,NaN,NaN,NaN,NaN,NaN,25,5,5,15.1,15.26,13.09,13.17
17:11:46,DECR,13.74,13.38,15.69,13.74,198,509,13.74,15003.76,566,3183,2,0.1,NaN,NaN,NaN,NaN,NaN,25,5,5,15.1,15.26,13.09,13.17
17:11:47,DECR,13.74,13.38,15.68,13.74,351,540,12.73,15016.49,566,3184,2,0.1,NaN,NaN,NaN,NaN,NaN,25,5,5,15.1,15.26,13.09,13.17
17:11:48,DECR,13.74,13.38,15.68,13.74,377,364,16.22,15032.71,566,3185,2,0.1,NaN,NaN,NaN,NaN,NaN,25,5,5,15.1,15.26,13.09,13.17
17:11:49,DECR,13.74,13.38,15.69,13.74,217,304,14.37,15047.08,566,3186,2,0.1,NaN,NaN,NaN,NaN,NaN,25,5,5,15.1,15.26,13.09,13.17
17:11:50,DECR,13.74,13.38,15.69,13.74,159,426,11.58,15058.66,566,3187,2,0.1,NaN,NaN,NaN,NaN,NaN,25,5,5,15.1,15.26,13.09,13.17
17:11:51,DECR,13.74,13.38,15.69,13.74,285,548,15.83,15074.49,566,3188,2,0.1,NaN,NaN,NaN,NaN,NaN,25,5,5,15.1,15.26,13.09,13.17
17:11:52,DECR,13.74,13.38,15.69,13.74,395,424,14.66,15089.15,566,3189,2,0.1,NaN,NaN,NaN,NaN,NaN,25,5,5,15.1,15.26,13.09,13.17
17:11:53,DECR,13.74,13.38,15.69,13.74,339,305,10.75,15099.9,566,3190,2,0.1,NaN,NaN,NaN,NaN,NaN,25,5,5,15.1,15.26,13.09,13.17
17:11:54,DECR,13.74,13.38,15.69,13.74,297,268,5.64,15105.54,566,3191,2,0.1,NaN,NaN,NaN,NaN,NaN,25,5,5,15.1,15.26,13.09,13.17
17:11:55,DECR,13.74,13.38,15.7,13.74,323,266,2.31,15107.85,566,3192,2,0.1,NaN,NaN,NaN,NaN,NaN,25,5,5,15.1,15.26,13.09,13.17
17:11:56,DECR,13.74,13.38,15.7,13.74,323,273,0.85,15108.69,566,3193,2,0.1,NaN,NaN,NaN,NaN,NaN,25,5,5,15.1,15.26,13.09,13.17
17:11:57,DECR,13.73,13.38,15.7,13.73,346,347,6.18,15114.87,566,3194,2,0.1,NaN,NaN,NaN,NaN,NaN,25,5,5,15.1,15.26,13.09,13.17
17:11:58,DECR,13.73,13.38,15.71,13.73,357,409,5.19,15120.06,566,3195,2,0.1,NaN,NaN,NaN,NaN,NaN,25,5,5,15.1,15.26,13.09,13.17
17:11:59,DECR,13.73,13.38,15.71,13.73,357,503,7.9,15127.96,566,3196,2,0.1,NaN,NaN,NaN,NaN,NaN,25,5,5,15.1,15.26,13.09,13.17
17:12:00,DECR,13.73,13.38,15.71,13.73,384,534,3.9,15131.86,566,3197,2,0.1,NaN,NaN,NaN,NaN,NaN,25,5,5,15.1,15.26,13.09,13.17
17:12:01,DECR,13.72,13.38,15.71,13.72,356,550,2.3,15134.16,566,3198,2,0.1,NaN,NaN,NaN,NaN,NaN,25,5,5,15.1,15.26,13.09,13.17
17:12:02,DECR,13.72,13.38,15.72,13.72,286,520,6.23,15140.39,566,3199,2,0.1,NaN,NaN,NaN,NaN,NaN,25,5,5,15.1,15.26,13.09,13.17
17:12:03,DECR,13.72,13.38,15.72,13.72,238,425,7.68,15148.06,566,3200,2,0.1,NaN,NaN,NaN,NaN,NaN,25,5,5,15.1,15.26,13.09,13.17
17:12:04,DECR,13.72,13.38,15.72,13.72,286,323,8.12,15156.18,566,3201,2,0.1,NaN,NaN,NaN,NaN,NaN,25,5,5,15.1,15.26,13.09,13.17
17:12:05,DECR,13.72,13.38,15.72,13.72,359,281,5.3,15161.48,566,3202,2,0.1,NaN,NaN,NaN,NaN,NaN,25,5,5,15.1,15.26,13.09,13.17
17:12:06,DECR,13.71,13.38,15.73,13.71,399,315,4.17,15165.65,566,3203,2,0.1,NaN,NaN,NaN,NaN,NaN,25,5,5,15.1,15.26,13.09,13.17
17:12:07,DECR,13.72,13.38,15.73,13.72,433,333,3.27,15168.92,566,3204,2,0.1,NaN,NaN,NaN,NaN,NaN,25,5,5,15.1,15.26,13.09,13.17
17:12:08,DECR,13.71,13.38,15.76,13.71,456,360,2.94,15171.86,566,3205,2,0.1,NaN,NaN,NaN,NaN,NaN,25,5,5,15.1,15.26,13.09,13.17
17:12:09,DECR,13.72,13.38,15.79,13.72,502,389,4.43,15176.29,566,3206,2,0.1,NaN,NaN,NaN,NaN,NaN,25,5,5,15.1,15.26,13.09,13.17
17:12:10,INCR,15.82,13.38,15.82,13.71,570,397,5.66,15181.95,567,3206,2,0.1,NaN,NaN,NaN,NaN,NaN,25,5,5,15.1,15.26,13.15,13.25
17:12:11,INCR,15.82,13.38,15.82,13.71,701,330,12.04,15193.98,568,3206,2,0.1,NaN,NaN,NaN,NaN,NaN,25,5,5,15.1,15.26,13.15,13.25
17:12:12,INCR,15.82,13.38,15.82,13.71,757,259,9.11,15203.09,569,3206,2,0.1,NaN,NaN,NaN,NaN,NaN,25,5,5,15.1,15.26,13.15,13.25
17:12:13,INCR,15.82,13.38,15.82,13.7,687,281,6.08,15209.18,570,3206,2,0.1,NaN,NaN,NaN,NaN,NaN,25,5,5,15.1,15.26,13.15,13.25
17:12:14,INCR,15.83,13.38,15.83,13.7,648,326,4.79,15213.97,571,3206,2,0.1,NaN,NaN,NaN,NaN,NaN,25,5,5,15.1,15.26,13.15,13.25
17:12:15,INCR,15.83,13.38,15.83,13.7,676,317,3.63,15217.59,572,3206,2,0.1,NaN,NaN,NaN,NaN,NaN,25,5,5,15.1,15.26,13.15,13.25
17:12:16,INCR,15.83,13.38,15.83,13.7,693,306,3.26,15220.85,573,3206,2,0.1,NaN,NaN,NaN,NaN,NaN,25,5,5,15.1,15.26,13.15,13.25
17:12:17,INCR,15.83,13.38,15.83,13.7,771,284,6.59,15227.44,574,3206,2,0.1,NaN,NaN,NaN,NaN,NaN,25,5,5,15.1,15.26,13.15,13.25
17:12:18,INCR,15.84,13.38,15.84,13.7,846,314,7.05,15234.5,575,3206,2,0.1,NaN,NaN,NaN,NaN,NaN,25,5,5,15.1,15.26,13.15,13.25
17:12:19,INCR,15.84,13.38,15.84,13.7,861,319,4.75,15239.25,576,3206,2,0.1,NaN,NaN,NaN,NaN,NaN,25,5,5,15.1,15.26,13.15,13.25
17:12:20,INCR,15.85,13.38,15.85,13.7,841,291,2.94,15242.19,577,3206,2,0.1,NaN,NaN,NaN,NaN,NaN,25,5,5,15.1,15.26,13.15,13.25
17:12:21,INCR,15.85,13.38,15.85,13.7,812,267,3.28,15245.48,578,3206,2,0.1,NaN,NaN,NaN,NaN,NaN,25,5,5,15.1,15.26,13.15,13.25
17:12:22,INCR,15.87,13.38,15.87,13.7,776,257,3.83,15249.31,579,3206,2,0.1,NaN,NaN,NaN,NaN,NaN,25,5,5,15.1,15.26,13.15,13.25
17:12:23,INCR,15.9,13.38,15.9,13.7,737,267,3.37,15252.68,580,3206,2,0.1,NaN,NaN,NaN,NaN,NaN,25,5,5,15.1,15.26,13.15,13.25
17:12:24,INCR,15.93,13.38,15.93,13.7,749,277,2.06,15254.74,581,3206,2,0.1,NaN,NaN,NaN,NaN,NaN,25,5,5,15.1,15.26,13.15,13.25
17:12:25,INCR,15.93,13.38,15.93,13.7,800,285,4.79,15259.53,582,3206,2,0.1,NaN,NaN,NaN,NaN,NaN,25,5,5,15.1,15.26,13.15,13.25
17:12:27,INCR,15.93,13.38,15.93,13.71,812,298,2.19,15261.72,583,3206,2,0.1,NaN,NaN,NaN,NaN,NaN,25,5,5,15.1,15.26,13.15,13.25
17:12:28,INCR,15.94,13.38,15.94,13.71,855,327,4.26,15265.98,584,3206,2,0.1,NaN,NaN,NaN,NaN,NaN,25,5,5,15.1,15.26,13.15,13.25
17:12:29,INCR,15.94,13.38,15.94,13.71,891,391,6.05,15272.03,585,3206,2,0.1,NaN,NaN,NaN,NaN,NaN,25,5,5,15.1,15.26,13.15,13.25
17:12:30,INCR,15.94,13.38,15.94,13.73,884,473,7.02,15279.05,586,3206,2,0.1,NaN,NaN,NaN,NaN,NaN,25,5,5,15.1,15.26,13.15,13.25
17:12:31,INCR,15.94,13.38,15.94,13.76,781,546,10.86,15289.91,587,3206,2,0.1,NaN,NaN,NaN,NaN,NaN,25,5,5,15.1,15.26,13.15,13.25
17:12:32,INCR,15.94,13.38,15.94,13.79,681,495,9.55,15299.46,588,3206,2,0.1,NaN,NaN,NaN,NaN,NaN,25,5,5,15.1,15.26,13.15,13.25
17:12:33,INCR,15.94,13.38,15.94,13.8,664,381,9.91,15309.36,589,3206,2,0.1,NaN,NaN,NaN,NaN,NaN,25,5,5,15.1,15.26,13.15,13.25
17:12:34,INCR,15.95,13.38,15.95,13.8,737,292,9.72,15319.09,590,3206,2,0.1,NaN,NaN,NaN,NaN,NaN,25,5,5,15.1,15.26,13.15,13.25
17:12:35,INCR,15.95,13.38,15.95,13.8,878,337,12.85,15331.94,591,3206,2,0.1,NaN,NaN,NaN,NaN,NaN,25,5,5,15.1,15.26,13.15,13.25
17:12:36,INCR,15.95,13.38,15.95,13.8,898,481,12.49,15344.43,592,3206,2,0.1,NaN,NaN,NaN,NaN,NaN,25,5,5,15.1,15.26,13.15,13.25
17:12:37,INCR,15.94,13.38,15.94,13.81,769,532,12.52,15356.95,593,3206,2,0.1,NaN,NaN,NaN,NaN,NaN,25,5,5,15.1,15.26,13.15,13.25
17:12:38,INCR,15.94,13.38,15.94,13.81,673,444,11.16,15368.11,594,3206,2,0.1,NaN,NaN,NaN,NaN,NaN,25,5,5,15.1,15.26,13.15,13.25
17:12:39,INCR,15.94,13.38,15.94,13.81,688,335,9.34,15377.45,595,3206,2,0.1,NaN,NaN,NaN,NaN,NaN,25,5,5,15.1,15.26,13.15,13.25
17:12:40,INCR,15.94,13.38,15.94,13.82,821,292,11.82,15389.27,596,3206,2,0.1,NaN,NaN,NaN,NaN,NaN,25,5,5,15.1,15.26,13.15,13.25
17:12:41,INCR,15.95,13.38,15.95,13.83,912,390,11.37,15400.65,597,3206,2,0.1,NaN,NaN,NaN,NaN,NaN,25,5,5,15.1,15.26,13.15,13.25
17:12:42,INCR,15.95,13.38,15.95,13.86,833,524,13.66,15414.3,598,3206,2,0.1,NaN,NaN,NaN,NaN,NaN,25,5,5,15.1,15.26,13.15,13.25
17:12:43,INCR,15.95,13.38,15.95,13.89,686,464,12.8,15427.11,599,3206,2,0.1,NaN,NaN,NaN,NaN,NaN,25,5,5,15.1,15.26,13.15,13.25
17:12:44,INCR,15.95,13.38,15.95,13.93,632,372,8.98,15436.09,600,3206,2,0.1,NaN,NaN,NaN,NaN,NaN,25,5,5,15.1,15.26,13.15,13.25
17:12:45,INCR,15.95,13.38,15.95,13.95,672,305,6.07,15442.16,601,3206,2,0.1,NaN,NaN,NaN,NaN,NaN,25,5,5,15.1,15.26,13.15,13.25
17:12:46,INCR,15.94,13.38,15.94,13.98,788,257,9.53,15451.69,602,3206,2,0.1,NaN,NaN,NaN,NaN,NaN,25,5,5,15.1,15.26,13.15,13.25
17:12:47,INCR,15.94,13.38,15.94,14,895,356,12.56,15464.25,603,3206,2,0.1,NaN,NaN,NaN,NaN,NaN,25,5,5,15.1,15.26,13.15,13.25
17:12:48,INCR,15.95,13.38,15.95,14.03,849,475,10.99,15475.25,604,3206,2,0.1,NaN,NaN,NaN,NaN,NaN,25,5,5,15.1,15.26,13.15,13.25
17:12:49,INCR,15.95,13.38,15.95,14.05,701,453,12.73,15487.98,605,3206,2,0.1,NaN,NaN,NaN,NaN,NaN,25,5,5,15.1,15.26,13.15,13.25
17:12:50,INCR,15.95,13.38,15.95,14.05,659,365,8.17,15496.15,606,3206,2,0.1,NaN,NaN,NaN,NaN,NaN,25,5,5,15.1,15.26,13.15,13.25
17:12:51,INCR,15.95,13.38,15.95,14.07,719,272,9.19,15505.34,607,3206,2,0.1,NaN,NaN,NaN,NaN,NaN,25,5,5,15.1,15.26,13.15,13.25
17:12:52,INCR,15.95,13.38,15.95,14.09,862,288,12.5,15517.85,608,3206,2,0.1,NaN,NaN,NaN,NaN,NaN,25,5,5,15.1,15.26,13.15,13.25
17:12:53,INCR,15.95,13.38,15.95,14.11,870,436,13.39,15531.24,609,3206,2,0.1,NaN,NaN,NaN,NaN,NaN,25,5,5,15.1,15.26,13.15,13.25
17:12:54,INCR,15.95,13.38,15.95,14.13,723,470,10.63,15541.87,610,3206,2,0.1,NaN,NaN,NaN,NaN,NaN,25,5,5,15.1,15.26,13.15,13.25
17:12:55,INCR,15.95,13.38,15.95,14.15,641,375,9.03,15550.9,611,3206,2,0.1,NaN,NaN,NaN,NaN,NaN,25,5,5,15.1,15.26,13.15,13.25
17:12:56,INCR,15.95,13.38,15.95,14.19,696,275,9.67,15560.56,612,3206,2,0.1,NaN,NaN,NaN,NaN,NaN,25,5,5,15.1,15.26,13.15,13.25
17:12:57,INCR,15.95,13.38,15.95,14.22,860,294,13.67,15574.23,613,3206,2,0.1,NaN,NaN,NaN,NaN,NaN,25,5,5,15.1,15.26,13.15,13.25
17:12:58,INCR,15.95,13.38,15.95,14.24,897,436,12.74,15586.97,614,3206,2,0.1,NaN,NaN,NaN,NaN,NaN,25,5,5,15.1,15.26,13.15,13.25
17:12:59,INCR,15.94,13.38,15.94,14.26,761,520,14.09,15601.06,615,3206,2,0.1,NaN,NaN,NaN,NaN,NaN,25,5,5,15.1,15.26,13.15,13.25
17:13:00,INCR,15.95,13.38,15.95,14.28,649,428,12.21,15613.28,616,3206,2,0.1,NaN,NaN,NaN,NaN,NaN,25,5,5,15.1,15.26,13.15,13.25
17:13:01,INCR,15.95,13.38,15.95,14.29,667,302,10.88,15624.15,617,3206,2,0.1,NaN,NaN,NaN,NaN,NaN,25,5,5,15.1,15.26,13.15,13.25
17:13:02,INCR,15.95,13.38,15.95,14.3,837,273,11.22,15635.37,618,3206,2,0.1,NaN,NaN,NaN,NaN,NaN,25,5,5,15.1,15.26,13.15,13.25
17:13:03,INCR,15.94,13.38,15.94,14.3,910,422,12.91,15648.28,619,3206,2,0.1,NaN,NaN,NaN,NaN,NaN,25,5,5,15.1,15.26,13.15,13.25
17:13:04,INCR,15.94,13.38,15.94,14.3,797,508,12.35,15660.63,620,3206,2,0.1,NaN,NaN,NaN,NaN,NaN,25,5,5,15.1,15.26,13.15,13.25
17:13:05,INCR,15.94,13.38,15.94,14.3,669,448,12.08,15672.72,621,3206,2,0.1,NaN,NaN,NaN,NaN,NaN,25,5,5,15.1,15.26,13.15,13.25
17:13:06,INCR,15.94,13.38,15.94,14.31,689,276,15.42,15688.13,622,3206,2,0.1,NaN,NaN,NaN,NaN,NaN,25,5,5,15.1,15.26,13.15,13.25
17:13:07,INCR,15.94,13.38,15.94,14.31,845,278,13.49,15701.62,623,3206,2,0.1,NaN,NaN,NaN,NaN,NaN,25,5,5,15.1,15.26,13.15,13.25
17:13:08,INCR,15.94,13.38,15.94,14.31,917,428,14.3,15715.92,624,3206,2,0.1,NaN,NaN,NaN,NaN,NaN,25,5,5,15.1,15.26,13.15,13.25
17:13:09,INCR,15.94,13.38,15.94,14.31,781,534,15.39,15731.31,625,3206,2,0.1,NaN,NaN,NaN,NaN,NaN,25,5,5,15.1,15.26,13.15,13.25
17:13:10,INCR,15.94,13.38,15.94,14.32,655,477,11.53,15742.84,626,3206,2,0.1,NaN,NaN,NaN,NaN,NaN,25,5,5,15.1,15.26,13.15,13.25
17:13:11,INCR,15.94,13.38,15.94,14.33,574,397,9.49,15752.33,627,3206,2,0.1,NaN,NaN,NaN,NaN,NaN,25,5,5,15.1,15.26,13.15,13.25
17:13:12,DECR,14.33,13.38,15.94,14.33,450,380,10.21,15762.54,627,3207,2,0.1,NaN,NaN,NaN,NaN,NaN,25,5,5,15.19,15.29,13.15,13.25
17:13:13,DECR,14.36,13.38,15.94,14.36,319,354,11.25,15773.78,627,3208,2,0.1,NaN,NaN,NaN,NaN,NaN,25,5,5,15.19,15.29,13.15,13.25
17:13:14,DECR,14.39,13.38,15.93,14.39,226,411,9.03,15782.81,627,3209,2,0.1,NaN,NaN,NaN,NaN,NaN,25,5,5,15.19,15.29,13.15,13.25
17:13:15,DECR,14.42,13.38,15.93,14.42,195,456,4.39,15787.2,627,3210,2,0.1,NaN,NaN,NaN,NaN,NaN,25,5,5,15.19,15.29,13.15,13.25
17:13:16,DECR,14.42,13.38,15.93,14.42,192,465,2.04,15789.23,627,3211,2,0.1,NaN,NaN,NaN,NaN,NaN,25,5,5,15.19,15.29,13.15,13.25
17:13:17,DECR,14.42,13.38,15.93,14.42,162,428,3.7,15792.93,627,3212,2,0.1,NaN,NaN,NaN,NaN,NaN,25,5,5,15.19,15.29,13.15,13.25
17:13:18,DECR,14.42,13.38,15.92,14.42,170,362,5.57,15798.5,627,3213,2,0.1,NaN,NaN,NaN,NaN,NaN,25,5,5,15.19,15.29,13.15,13.25
17:13:19,DECR,14.43,13.38,15.93,14.43,198,303,5.34,15803.84,627,3214,2,0.1,NaN,NaN,NaN,NaN,NaN,25,5,5,15.19,15.29,13.15,13.25
17:13:21,DECR,14.43,13.38,15.92,14.43,245,369,9.35,15813.2,627,3215,2,0.1,NaN,NaN,NaN,NaN,NaN,25,5,5,15.19,15.29,13.15,13.25
17:13:22,DECR,14.43,13.38,15.92,14.43,203,488,10.9,15824.1,627,3216,2,0.1,NaN,NaN,NaN,NaN,NaN,25,5,5,15.19,15.29,13.15,13.25
17:13:23,DECR,14.43,13.38,15.91,14.43,300,444,9.02,15833.12,627,3217,2,0.1,NaN,NaN,NaN,NaN,NaN,25,5,5,15.19,15.29,13.15,13.25
17:13:24,DECR,14.42,13.38,15.91,14.42,307,349,8.81,15841.93,627,3218,2,0.1,NaN,NaN,NaN,NaN,NaN,25,5,5,15.19,15.29,13.15,13.25
17:13:25,DECR,14.43,13.38,15.92,14.43,290,412,8.35,15850.28,627,3219,2,0.1,NaN,NaN,NaN,NaN,NaN,25,5,5,15.19,15.29,13.15,13.25
17:13:26,DECR,14.43,13.38,15.92,14.43,316,465,5.95,15856.24,627,3220,2,0.1,NaN,NaN,NaN,NaN,NaN,25,5,5,15.19,15.29,13.15,13.25
17:13:27,DECR,14.43,13.38,15.91,14.43,271,455,4.35,15860.59,627,3221,2,0.1,NaN,NaN,NaN,NaN,NaN,25,5,5,15.19,15.29,13.15,13.25
17:13:28,DECR,14.44,13.38,15.91,14.44,335,525,9.25,15869.83,627,3222,2,0.1,NaN,NaN,NaN,NaN,NaN,25,5,5,15.19,15.29,13.15,13.25
17:13:29,DECR,14.44,13.38,15.91,14.44,449,455,11.52,15881.36,627,3223,2,0.1,NaN,NaN,NaN,NaN,NaN,25,5,5,15.19,15.29,13.15,13.25
17:13:30,DECR,14.44,13.38,15.91,14.44,338,283,18.6,15899.96,627,3224,2,0.1,NaN,NaN,NaN,NaN,NaN,25,5,5,15.19,15.29,13.15,13.25
17:13:31,DECR,14.44,13.38,15.91,14.44,175,384,16.33,15916.3,627,3225,2,0.1,NaN,NaN,NaN,NaN,NaN,25,5,5,15.19,15.29,13.15,13.25
17:13:32,DECR,14.44,13.38,15.91,14.44,232,536,11.73,15928.02,627,3226,2,0.1,NaN,NaN,NaN,NaN,NaN,25,5,5,15.19,15.29,13.15,13.25
17:13:33,DECR,14.44,13.38,15.91,14.44,397,508,14.44,15942.47,627,3227,2,0.1,NaN,NaN,NaN,NaN,NaN,25,5,5,15.19,15.29,13.15,13.25
17:13:34,DECR,14.44,13.38,15.91,14.44,392,325,16.82,15959.29,627,3228,2,0.1,NaN,NaN,NaN,NaN,NaN,25,5,5,15.19,15.29,13.15,13.25
17:13:35,DECR,14.44,13.38,15.91,14.44,191,310,16.17,15975.46,627,3229,2,0.1,NaN,NaN,NaN,NaN,NaN,25,5,5,15.19,15.29,13.15,13.25
17:13:36,DECR,14.44,13.38,15.91,14.44,203,516,18.3,15993.76,627,3230,2,0.1,NaN,NaN,NaN,NaN,NaN,25,5,5,15.19,15.29,13.15,13.25
17:13:37,DECR,14.44,13.38,15.91,14.44,378,527,14.85,16008.61,627,3231,2,0.1,NaN,NaN,NaN,NaN,NaN,25,5,5,15.19,15.29,13.15,13.25
17:13:38,DECR,14.44,13.38,15.91,14.44,396,316,19.27,16027.87,627,3232,2,0.1,NaN,NaN,NaN,NaN,NaN,25,5,5,15.19,15.29,13.15,13.25
17:13:39,DECR,14.44,13.38,15.9,14.44,233,277,6.32,16034.19,627,3233,2,0.1,NaN,NaN,NaN,NaN,NaN,25,5,5,15.19,15.29,13.15,13.25
17:13:40,DECR,14.44,13.38,15.91,14.44,155,418,13.81,16048,627,3234,2,0.1,NaN,NaN,NaN,NaN,NaN,25,5,5,15.19,15.29,13.15,13.25
17:13:41,DECR,14.45,13.38,15.91,14.45,337,504,20.85,16068.86,627,3235,2,0.1,NaN,NaN,NaN,NaN,NaN,25,5,5,15.19,15.29,13.15,13.25
17:13:42,DECR,14.45,13.38,15.91,14.45,357,319,16.17,16085.03,627,3236,2,0.1,NaN,NaN,NaN,NaN,NaN,25,5,5,15.19,15.29,13.15,13.25
17:13:43,DECR,14.44,13.38,15.92,14.44,252,270,10.47,16095.5,627,3237,2,0.1,NaN,NaN,NaN,NaN,NaN,25,5,5,15.19,15.29,13.15,13.25
17:13:44,DECR,14.44,13.38,15.92,14.44,228,515,20.64,16116.14,627,3238,2,0.1,NaN,NaN,NaN,NaN,NaN,25,5,5,15.19,15.29,13.15,13.25
17:13:45,DECR,14.44,13.38,15.95,14.44,360,480,12.23,16128.37,627,3239,2,0.1,NaN,NaN,NaN,NaN,NaN,25,5,5,15.19,15.29,13.15,13.25
17:13:46,DECR,14.45,13.38,15.97,14.45,290,302,20.76,16149.12,627,3240,2,0.1,NaN,NaN,NaN,NaN,NaN,25,5,5,15.19,15.29,13.15,13.25
17:13:47,DECR,14.44,13.38,15.99,14.44,162,379,13.77,16162.89,627,3241,2,0.1,NaN,NaN,NaN,NaN,NaN,25,5,5,15.19,15.29,13.15,13.25
17:13:48,DECR,14.44,13.38,15.99,14.44,253,485,12.69,16175.58,627,3242,2,0.1,NaN,NaN,NaN,NaN,NaN,25,5,5,15.19,15.29,13.15,13.25
17:13:49,DECR,14.43,13.38,16,14.43,375,464,10.16,16185.75,627,3243,2,0.1,NaN,NaN,NaN,NaN,NaN,25,5,5,15.19,15.29,13.15,13.25
17:13:50,DECR,14.43,13.38,16,14.43,424,478,4.25,16189.99,627,3244,2,0.1,NaN,NaN,NaN,NaN,NaN,25,5,5,15.19,15.29,13.15,13.25
17:13:51,DECR,14.44,13.38,16.01,14.44,455,413,6.17,16196.16,627,3245,2,0.1,NaN,NaN,NaN,NaN,NaN,25,5,5,15.19,15.29,13.15,13.25
17:13:52,DECR,14.44,13.38,16.02,14.44,443,370,3.68,16199.84,627,3246,2,0.1,NaN,NaN,NaN,NaN,NaN,25,5,5,15.19,15.29,13.15,13.25
17:13:53,DECR,14.44,13.38,16.05,14.44,414,341,3.36,16203.21,627,3247,2,0.1,NaN,NaN,NaN,NaN,NaN,25,5,5,15.19,15.29,13.15,13.25
17:13:54,DECR,14.44,13.38,16.08,14.44,343,355,7.35,16210.55,627,3248,2,0.1,NaN,NaN,NaN,NaN,NaN,25,5,5,15.19,15.29,13.15,13.25
17:13:55,DECR,14.44,13.38,16.09,14.44,232,362,9.26,16219.81,627,3249,2,0.1,NaN,NaN,NaN,NaN,NaN,25,5,5,15.19,15.29,13.15,13.25
17:13:56,DECR,14.44,13.38,16.1,14.44,180,437,9.03,16228.84,627,3250,2,0.1,NaN,NaN,NaN,NaN,NaN,25,5,5,15.19,15.29,13.15,13.25
17:13:57,DECR,14.44,13.38,16.1,14.44,370,483,18.12,16246.96,627,3251,2,0.1,NaN,NaN,NaN,NaN,NaN,25,5,5,15.19,15.29,13.15,13.25
17:13:58,DECR,14.43,13.38,16.1,14.43,402,334,13.43,16260.39,627,3252,2,0.1,NaN,NaN,NaN,NaN,NaN,25,5,5,15.19,15.29,13.15,13.25
17:13:59,DECR,14.43,13.38,16.1,14.43,254,266,13.99,16274.38,627,3253,2,0.1,NaN,NaN,NaN,NaN,NaN,25,5,5,15.19,15.29,13.15,13.25
17:14:00,DECR,14.43,13.38,16.1,14.43,214,419,15.31,16289.69,627,3254,2,0.1,NaN,NaN,NaN,NaN,NaN,25,5,5,15.19,15.29,13.15,13.25
17:14:01,DECR,14.43,13.38,16.1,14.43,366,360,16.75,16306.43,627,3255,2,0.1,NaN,NaN,NaN,NaN,NaN,25,5,5,15.19,15.29,13.15,13.25
17:14:02,DECR,14.43,13.38,16.1,14.43,311,270,9.48,16315.91,627,3256,2,0.1,NaN,NaN,NaN,NaN,NaN,25,5,5,15.19,15.29,13.15,13.25
17:14:03,DECR,14.43,13.38,16.11,14.43,197,346,12.69,16328.6,627,3257,2,0.1,NaN,NaN,NaN,NaN,NaN,25,5,5,15.19,15.29,13.15,13.25
17:14:05,DECR,14.43,13.38,16.11,14.43,337,475,17.18,16345.78,627,3258,2,0.1,NaN,NaN,NaN,NaN,NaN,25,5,5,15.19,15.29,13.15,13.25
17:14:06,DECR,14.42,13.38,16.12,14.42,429,348,13.34,16359.13,627,3259,2,0.1,NaN,NaN,NaN,NaN,NaN,25,5,5,15.19,15.29,13.15,13.25
17:14:07,DECR,14.42,13.38,16.12,14.42,330,259,11.44,16370.57,627,3260,2,0.1,NaN,NaN,NaN,NaN,NaN,25,5,5,15.19,15.29,13.15,13.25
17:14:08,DECR,14.42,13.38,16.13,14.42,172,354,16.26,16386.82,627,3261,2,0.1,NaN,NaN,NaN,NaN,NaN,25,5,5,15.19,15.29,13.15,13.25
17:14:09,DECR,14.42,13.38,16.13,14.42,250,477,14.51,16401.33,627,3262,2,0.1,NaN,NaN,NaN,NaN,NaN,25,5,5,15.19,15.29,13.15,13.25
17:14:10,DECR,14.41,13.38,16.13,14.41,379,368,15.28,16416.61,627,3263,2,0.1,NaN,NaN,NaN,NaN,NaN,25,5,5,15.19,15.29,13.15,13.25
17:14:11,DECR,14.41,13.38,16.13,14.41,314,266,9.88,16426.49,627,3264,2,0.1,NaN,NaN,NaN,NaN,NaN,25,5,5,15.19,15.29,13.15,13.25
17:14:12,DECR,14.41,13.38,16.13,14.41,186,324,10.56,16437.05,627,3265,2,0.1,NaN,NaN,NaN,NaN,NaN,25,5,5,15.19,15.29,13.15,13.25
17:14:13,DECR,14.41,13.38,16.13,14.41,161,425,8.67,16445.72,627,3266,2,0.1,NaN,NaN,NaN,NaN,NaN,25,5,5,15.19,15.29,13.15,13.25
17:14:14,DECR,14.4,13.38,16.14,14.4,394,412,24.01,16469.73,627,3267,2,0.1,NaN,NaN,NaN,NaN,NaN,25,5,5,15.19,15.29,13.15,13.25
17:14:15,DECR,14.4,13.38,16.14,14.4,370,275,12.51,16482.24,627,3268,2,0.1,NaN,NaN,NaN,NaN,NaN,25,5,5,15.19,15.29,13.15,13.25
17:14:16,DECR,14.4,13.38,16.14,14.4,195,311,15.94,16498.19,627,3269,2,0.1,NaN,NaN,NaN,NaN,NaN,25,5,5,15.19,15.29,13.15,13.25
17:14:17,DECR,14.4,13.38,16.15,14.4,247,517,18.88,16517.07,627,3270,2,0.1,NaN,NaN,NaN,NaN,NaN,25,5,5,15.19,15.29,13.15,13.25
17:14:18,DECR,14.4,13.38,16.15,14.4,395,394,17.44,16534.51,627,3271,2,0.1,NaN,NaN,NaN,NaN,NaN,25,5,5,15.19,15.29,13.15,13.25
17:14:19,DECR,14.4,13.38,16.15,14.4,329,274,12.05,16546.56,627,3272,2,0.1,NaN,NaN,NaN,NaN,NaN,25,5,5,15.19,15.29,13.15,13.25
17:14:20,DECR,14.4,13.38,16.15,14.4,222,295,8.98,16555.54,627,3273,2,0.1,NaN,NaN,NaN,NaN,NaN,25,5,5,15.19,15.29,13.15,13.25
17:14:21,DECR,14.4,13.38,16.15,14.4,174,476,16.83,16572.37,627,3274,2,0.1,NaN,NaN,NaN,NaN,NaN,25,5,5,15.19,15.29,13.15,13.25
17:14:22,DECR,14.4,13.38,16.15,14.4,324,492,14.36,16586.73,627,3275,2,0.1,NaN,NaN,NaN,NaN,NaN,25,5,5,15.19,15.29,13.15,13.25
17:14:23,DECR,14.4,13.38,16.15,14.4,341,333,14.16,16600.89,627,3276,2,0.1,NaN,NaN,NaN,NaN,NaN,25,5,5,15.19,15.29,13.15,13.25
17:14:24,DECR,14.4,13.38,16.15,14.4,266,285,7.65,16608.54,627,3277,2,0.1,NaN,NaN,NaN,NaN,NaN,25,5,5,15.19,15.29,13.15,13.25
17:14:25,DECR,14.39,13.38,16.16,14.39,271,269,1.38,16609.92,627,3278,2,0.1,NaN,NaN,NaN,NaN,NaN,25,5,5,15.19,15.29,13.15,13.25
17:14:26,DECR,14.4,13.38,16.16,14.4,271,261,1.25,16611.17,627,3279,2,0.1,NaN,NaN,NaN,NaN,NaN,25,5,5,15.19,15.29,13.15,13.25
17:14:27,DECR,14.39,13.38,16.16,14.39,252,265,1.59,16612.76,627,3280,2,0.1,NaN,NaN,NaN,NaN,NaN,25,5,5,15.19,15.29,13.15,13.25
17:14:28,DECR,14.39,13.38,16.16,14.39,262,274,2.3,16615.06,627,3281,2,0.1,NaN,NaN,NaN,NaN,NaN,25,5,5,15.19,15.29,13.15,13.25
17:14:29,DECR,14.39,13.38,16.16,14.39,280,292,1.79,16616.85,627,3282,2,0.1,NaN,NaN,NaN,NaN,NaN,25,5,5,15.19,15.29,13.15,13.25
17:14:30,DECR,14.39,13.38,16.16,14.39,270,283,1.37,16618.22,627,3283,2,0.1,NaN,NaN,NaN,NaN,NaN,25,5,5,15.19,15.29,13.15,13.25
17:14:31,DECR,14.39,13.38,16.16,14.39,261,278,1.71,16619.93,627,3284,2,0.1,NaN,NaN,NaN,NaN,NaN,25,5,5,15.19,15.29,13.15,13.25
17:14:32,DECR,14.39,13.39,16.16,14.39,227,311,3.88,16623.81,627,3285,2,0.1,NaN,NaN,NaN,NaN,NaN,25,5,5,15.19,15.29,13.15,13.25
17:14:33,DECR,14.38,13.39,16.16,14.38,200,373,4.57,16628.38,627,3286,2,0.1,NaN,NaN,NaN,NaN,NaN,25,5,5,15.19,15.29,13.15,13.25
17:14:34,DECR,14.38,13.39,16.16,14.38,186,395,2.07,16630.46,627,3287,2,0.1,NaN,NaN,NaN,NaN,NaN,25,5,5,15.19,15.29,13.15,13.25
17:14:35,DECR,14.38,13.39,16.16,14.38,195,476,6.8,16637.25,627,3288,2,0.1,NaN,NaN,NaN,NaN,NaN,25,5,5,15.19,15.29,13.15,13.25
17:14:36,DECR,14.38,13.39,16.16,14.38,224,518,4.22,16641.47,627,3289,2,0.1,NaN,NaN,NaN,NaN,NaN,25,5,5,15.19,15.29,13.15,13.25
17:14:37,DECR,14.38,13.39,16.16,14.38,222,521,1.4,16642.87,627,3290,2,0.1,NaN,NaN,NaN,NaN,NaN,25,5,5,15.19,15.29,13.15,13.25
17:14:38,DECR,14.39,13.39,16.16,14.39,213,508,1.36,16644.23,627,3291,2,0.1,NaN,NaN,NaN,NaN,NaN,25,5,5,15.19,15.29,13.15,13.25
17:14:39,DECR,14.38,13.39,16.16,14.38,209,392,9.57,16653.79,627,3292,2,0.1,NaN,NaN,NaN,NaN,NaN,25,5,5,15.19,15.29,13.15,13.25
17:14:40,DECR,14.38,13.39,16.16,14.38,175,382,3.3,16657.09,627,3293,2,0.1,NaN,NaN,NaN,NaN,NaN,25,5,5,15.19,15.29,13.15,13.25
17:14:41,DECR,14.38,13.39,16.16,14.38,174,359,1.37,16658.46,627,3294,2,0.1,NaN,NaN,NaN,NaN,NaN,25,5,5,15.19,15.29,13.15,13.25
17:14:42,DECR,14.38,13.39,16.16,14.38,197,326,3.24,16661.69,627,3295,2,0.1,NaN,NaN,NaN,NaN,NaN,25,5,5,15.19,15.29,13.15,13.25
17:14:43,DECR,14.38,13.39,16.16,14.38,233,283,4.8,16666.49,627,3296,2,0.1,NaN,NaN,NaN,NaN,NaN,25,5,5,15.19,15.29,13.15,13.25
17:14:44,DECR,14.38,13.39,16.16,14.38,288,257,5.03,16671.52,627,3297,2,0.1,NaN,NaN,NaN,NaN,NaN,25,5,5,15.19,15.29,13.15,13.25
17:14:45,DECR,14.38,13.39,16.16,14.38,337,264,4.02,16675.54,627,3298,2,0.1,NaN,NaN,NaN,NaN,NaN,25,5,5,15.19,15.29,13.15,13.25
17:14:46,DECR,14.38,13.39,16.16,14.38,376,278,3.57,16679.11,627,3299,2,0.1,NaN,NaN,NaN,NaN,NaN,25,5,5,15.19,15.29,13.15,13.25
17:14:47,DECR,14.38,13.39,16.16,14.38,408,326,4.49,16683.6,627,3300,2,0.1,NaN,NaN,NaN,NaN,NaN,25,5,5,15.19,15.29,13.15,13.25
17:14:48,DECR,14.37,13.39,16.16,14.37,427,338,1.71,16685.31,627,3301,2,0.1,NaN,NaN,NaN,NaN,NaN,25,5,5,15.19,15.29,13.15,13.25
17:14:49,DECR,14.37,13.39,16.16,14.37,423,375,3.06,16688.38,627,3302,2,0.1,NaN,NaN,NaN,NaN,NaN,25,5,5,15.19,15.29,13.15,13.25
17:14:50,DECR,14.37,13.39,16.15,14.37,482,388,5.87,16694.24,627,3303,2,0.1,NaN,NaN,NaN,NaN,NaN,25,5,5,15.19,15.29,13.15,13.25
17:14:51,DECR,14.37,13.39,16.15,14.37,545,401,5.44,16699.68,627,3304,2,0.1,NaN,NaN,NaN,NaN,NaN,25,5,5,15.19,15.29,13.15,13.25
17:14:52,INCR,16.14,13.39,16.14,14.36,567,400,2.28,16701.97,628,3304,2,0.1,NaN,NaN,NaN,NaN,NaN,25,5,5,15.19,15.29,13.26,13.33
17:14:53,INCR,16.14,13.39,16.14,14.37,626,366,5.81,16707.78,629,3304,2,0.1,NaN,NaN,NaN,NaN,NaN,25,5,5,15.19,15.29,13.26,13.33
17:14:54,INCR,16.14,13.39,16.14,14.36,678,302,6.81,16714.59,630,3304,2,0.1,NaN,NaN,NaN,NaN,NaN,25,5,5,15.19,15.29,13.26,13.33
17:14:55,INCR,16.14,13.39,16.14,14.37,771,284,7.87,16722.46,631,3304,2,0.1,NaN,NaN,NaN,NaN,NaN,25,5,5,15.19,15.29,13.26,13.33
17:14:56,INCR,16.14,13.39,16.14,14.36,771,262,4.8,16727.26,632,3304,2,0.1,NaN,NaN,NaN,NaN,NaN,25,5,5,15.19,15.29,13.26,13.33
17:14:57,INCR,16.13,13.39,16.13,14.36,720,268,4.17,16731.44,633,3304,2,0.1,NaN,NaN,NaN,NaN,NaN,25,5,5,15.19,15.29,13.26,13.33
17:14:59,INCR,16.13,13.39,16.13,14.35,712,273,0.96,16732.39,634,3304,2,0.1,NaN,NaN,NaN,NaN,NaN,25,5,5,15.19,15.29,13.26,13.33
17:15:00,INCR,16.13,13.39,16.13,14.35,721,271,1.16,16733.55,635,3304,2,0.1,NaN,NaN,NaN,NaN,NaN,25,5,5,15.19,15.29,13.26,13.33
17:15:01,INCR,16.14,13.39,16.14,14.36,759,281,3.74,16737.29,636,3304,2,0.1,NaN,NaN,NaN,NaN,NaN,25,5,5,15.19,15.29,13.26,13.33
17:15:02,INCR,16.13,13.39,16.13,14.35,792,290,2.83,16740.12,637,3304,2,0.1,NaN,NaN,NaN,NaN,NaN,25,5,5,15.19,15.29,13.26,13.33
17:15:03,INCR,16.13,13.39,16.13,14.35,843,316,5.02,16745.14,638,3304,2,0.1,NaN,NaN,NaN,NaN,NaN,25,5,5,15.19,15.29,13.26,13.33
17:15:04,INCR,16.12,13.39,16.12,14.33,860,294,5.84,16750.98,639,3304,2,0.1,NaN,NaN,NaN,NaN,NaN,25,5,5,15.19,15.29,13.26,13.33
17:15:05,INCR,16.12,13.39,16.12,14.3,775,256,4.45,16755.43,640,3304,2,0.1,NaN,NaN,NaN,NaN,NaN,25,5,5,15.19,15.29,13.26,13.33
17:15:06,INCR,16.12,13.39,16.12,14.28,706,262,5.35,16760.77,641,3304,2,0.1,NaN,NaN,NaN,NaN,NaN,25,5,5,15.19,15.29,13.26,13.33
17:15:07,INCR,16.12,13.39,16.12,14.26,658,291,4.58,16765.36,642,3304,2,0.1,NaN,NaN,NaN,NaN,NaN,25,5,5,15.19,15.29,13.26,13.33
17:15:08,INCR,16.12,13.39,16.12,14.26,635,326,3.02,16768.38,643,3304,2,0.1,NaN,NaN,NaN,NaN,NaN,25,5,5,15.19,15.29,13.26,13.33
17:15:09,INCR,16.12,13.39,16.12,14.26,622,352,2.45,16770.82,644,3304,2,0.1,NaN,NaN,NaN,NaN,NaN,25,5,5,15.19,15.29,13.26,13.33
17:15:10,INCR,16.11,13.39,16.11,14.26,586,386,4,16774.82,645,3304,2,0.1,NaN,NaN,NaN,NaN,NaN,25,5,5,15.19,15.29,13.26,13.33
17:15:11,DECR,14.26,13.39,16.11,14.26,501,392,7.16,16781.98,645,3305,2,0.1,NaN,NaN,NaN,NaN,NaN,25,5,5,15.27,15.32,13.26,13.33
17:15:12,DECR,14.26,13.39,16.11,14.26,398,334,9.6,16791.58,645,3306,2,0.1,NaN,NaN,NaN,NaN,NaN,25,5,5,15.27,15.32,13.26,13.33
17:15:13,DECR,14.27,13.39,16.11,14.27,312,288,8.09,16799.68,645,3307,2,0.1,NaN,NaN,NaN,NaN,NaN,25,5,5,15.27,15.32,13.26,13.33
17:15:14,DECR,14.27,13.39,16.11,14.27,279,272,3.45,16803.13,645,3308,2,0.1,NaN,NaN,NaN,NaN,NaN,25,5,5,15.27,15.32,13.26,13.33
17:15:15,DECR,14.27,13.39,16.11,14.27,287,286,2.5,16805.62,645,3309,2,0.1,NaN,NaN,NaN,NaN,NaN,25,5,5,15.27,15.32,13.26,13.33
17:15:16,DECR,14.26,13.39,16.1,14.26,205,307,7.71,16813.33,645,3310,2,0.1,NaN,NaN,NaN,NaN,NaN,25,5,5,15.27,15.32,13.26,13.33
17:15:17,DECR,14.26,13.39,16.1,14.26,183,496,14.8,16828.13,645,3311,2,0.1,NaN,NaN,NaN,NaN,NaN,25,5,5,15.27,15.32,13.26,13.33
17:15:18,DECR,14.27,13.39,16.1,14.27,308,560,12.02,16840.15,645,3312,2,0.1,NaN,NaN,NaN,NaN,NaN,25,5,5,15.27,15.32,13.26,13.33
17:15:19,DECR,14.27,13.39,16.11,14.27,414,444,13.83,16853.98,645,3313,2,0.1,NaN,NaN,NaN,NaN,NaN,25,5,5,15.27,15.32,13.26,13.33
17:15:20,DECR,14.27,13.39,16.11,14.27,368,319,11.02,16865,645,3314,2,0.1,NaN,NaN,NaN,NaN,NaN,25,5,5,15.27,15.32,13.26,13.33
17:15:21,DECR,14.27,13.39,16.11,14.27,295,270,7.34,16872.34,645,3315,2,0.1,NaN,NaN,NaN,NaN,NaN,25,5,5,15.27,15.32,13.26,13.33
17:15:22,DECR,14.27,13.39,16.11,14.27,168,359,13.62,16885.96,645,3316,2,0.1,NaN,NaN,NaN,NaN,NaN,25,5,5,15.27,15.32,13.26,13.33
17:15:23,DECR,14.27,13.39,16.11,14.27,215,531,14.66,16900.62,645,3317,2,0.1,NaN,NaN,NaN,NaN,NaN,25,5,5,15.27,15.32,13.26,13.33
17:15:24,DECR,14.27,13.39,16.12,14.27,368,538,10.79,16911.4,645,3318,2,0.1,NaN,NaN,NaN,NaN,NaN,25,5,5,15.27,15.32,13.26,13.33
17:15:25,DECR,14.27,13.39,16.12,14.27,473,430,12.5,16923.91,645,3319,2,0.1,NaN,NaN,NaN,NaN,NaN,25,5,5,15.27,15.32,13.26,13.33
17:15:26,DECR,14.27,13.39,16.12,14.27,465,421,1.12,16925.03,645,3320,2,0.1,NaN,NaN,NaN,NaN,NaN,25,5,5,15.27,15.32,13.26,13.33
17:15:27,DECR,14.27,13.39,16.12,14.27,453,373,4.83,16929.86,645,3321,2,0.1,NaN,NaN,NaN,NaN,NaN,25,5,5,15.27,15.32,13.26,13.33
17:15:28,DECR,14.27,13.39,16.12,14.27,435,370,2.78,16932.64,645,3322,2,0.1,NaN,NaN,NaN,NaN,NaN,25,5,5,15.27,15.32,13.26,13.33
17:15:29,DECR,14.27,13.39,16.13,14.27,395,354,3.41,16936.04,645,3323,2,0.1,NaN,NaN,NaN,NaN,NaN,25,5,5,15.27,15.32,13.26,13.33
17:15:30,DECR,14.27,13.39,16.13,14.27,263,355,10.56,16946.6,645,3324,2,0.1,NaN,NaN,NaN,NaN,NaN,25,5,5,15.27,15.32,13.26,13.33
17:15:31,DECR,14.27,13.39,16.13,14.27,185,424,8.79,16955.39,645,3325,2,0.1,NaN,NaN,NaN,NaN,NaN,25,5,5,15.27,15.32,13.26,13.33
17:15:32,DECR,14.27,13.39,16.13,14.27,195,450,2.31,16957.7,645,3326,2,0.1,NaN,NaN,NaN,NaN,NaN,25,5,5,15.27,15.32,13.26,13.33
17:15:33,DECR,14.28,13.39,16.14,14.28,167,435,3.13,16960.83,645,3327,2,0.1,NaN,NaN,NaN,NaN,NaN,25,5,5,15.27,15.32,13.26,13.33
17:15:34,DECR,14.28,13.39,16.14,14.28,181,410,1.7,16962.53,645,3328,2,0.1,NaN,NaN,NaN,NaN,NaN,25,5,5,15.27,15.32,13.26,13.33
17:15:35,DECR,14.28,13.39,16.14,14.28,209,365,4.32,16966.85,645,3329,2,0.1,NaN,NaN,NaN,NaN,NaN,25,5,5,15.27,15.32,13.26,13.33
17:15:36,DECR,14.28,13.39,16.14,14.28,266,346,4.75,16971.6,645,3330,2,0.1,NaN,NaN,NaN,NaN,NaN,25,5,5,15.27,15.32,13.26,13.33
17:15:37,DECR,14.28,13.39,16.15,14.28,341,397,7.43,16979.03,645,3331,2,0.1,NaN,NaN,NaN,NaN,NaN,25,5,5,15.27,15.32,13.26,13.33
17:15:38,DECR,14.28,13.39,16.18,14.28,422,450,8.3,16987.33,645,3332,2,0.1,NaN,NaN,NaN,NaN,NaN,25,5,5,15.27,15.32,13.26,13.33
17:15:39,DECR,14.28,13.39,16.21,14.28,460,400,5.33,16992.66,645,3333,2,0.1,NaN,NaN,NaN,NaN,NaN,25,5,5,15.27,15.32,13.26,13.33
17:15:40,DECR,14.28,13.39,16.24,14.28,436,364,3.59,16996.25,645,3334,2,0.1,NaN,NaN,NaN,NaN,NaN,25,5,5,15.27,15.32,13.26,13.33
17:15:41,DECR,14.29,13.39,16.25,14.29,419,333,2.56,16998.81,645,3335,2,0.1,NaN,NaN,NaN,NaN,NaN,25,5,5,15.27,15.32,13.26,13.33
17:15:42,DECR,14.29,13.39,16.25,14.29,373,304,4.46,17003.27,645,3336,2,0.1,NaN,NaN,NaN,NaN,NaN,25,5,5,15.27,15.32,13.26,13.33
17:15:43,DECR,14.29,13.39,16.25,14.29,287,370,8.88,17012.15,645,3337,2,0.1,NaN,NaN,NaN,NaN,NaN,25,5,5,15.27,15.32,13.26,13.33
17:15:44,DECR,14.29,13.39,16.25,14.29,195,422,8.76,17020.91,645,3338,2,0.1,NaN,NaN,NaN,NaN,NaN,25,5,5,15.27,15.32,13.26,13.33
17:15:45,DECR,14.29,13.39,16.26,14.29,177,421,2.36,17023.27,645,3339,2,0.1,NaN,NaN,NaN,NaN,NaN,25,5,5,15.27,15.32,13.26,13.33
17:15:47,DECR,14.29,13.39,16.26,14.29,166,404,1.69,17024.96,645,3340,2,0.1,NaN,NaN,NaN,NaN,NaN,25,5,5,15.27,15.32,13.26,13.33
17:15:48,DECR,14.29,13.39,16.26,14.29,174,365,3.27,17028.22,645,3341,2,0.1,NaN,NaN,NaN,NaN,NaN,25,5,5,15.27,15.32,13.26,13.33
17:15:49,DECR,14.29,13.39,16.26,14.29,196,395,3.64,17031.86,645,3342,2,0.1,NaN,NaN,NaN,NaN,NaN,25,5,5,15.27,15.32,13.26,13.33
17:15:50,DECR,14.29,13.39,16.26,14.29,297,456,9.7,17041.56,645,3343,2,0.1,NaN,NaN,NaN,NaN,NaN,25,5,5,15.27,15.32,13.26,13.33
17:15:51,DECR,14.29,13.39,16.27,14.29,374,518,7.34,17048.9,645,3344,2,0.1,NaN,NaN,NaN,NaN,NaN,25,5,5,15.27,15.32,13.26,13.33
17:15:52,DECR,14.29,13.39,16.27,14.29,419,496,4.23,17053.13,645,3345,2,0.1,NaN,NaN,NaN,NaN,NaN,25,5,5,15.27,15.32,13.26,13.33
17:15:53,DECR,14.3,13.39,16.28,14.3,480,410,8.56,17061.7,645,3346,2,0.1,NaN,NaN,NaN,NaN,NaN,25,5,5,15.27,15.32,13.26,13.33
17:15:54,DECR,14.3,13.39,16.28,14.3,501,390,2.62,17064.32,645,3347,2,0.1,NaN,NaN,NaN,NaN,NaN,25,5,5,15.27,15.32,13.26,13.33
17:15:55,DECR,14.3,13.39,16.28,14.3,542,399,3.63,17067.94,645,3348,2,0.1,NaN,NaN,NaN,NaN,NaN,25,5,5,15.27,15.32,13.26,13.33
17:15:56,DECR,14.3,13.39,16.28,14.3,486,399,5.75,17073.7,645,3349,2,0.1,NaN,NaN,NaN,NaN,NaN,25,5,5,15.27,15.32,13.26,13.33
17:15:57,DECR,14.3,13.39,16.28,14.3,452,377,3.51,17077.21,645,3350,2,0.1,NaN,NaN,NaN,NaN,NaN,25,5,5,15.27,15.32,13.26,13.33
17:15:58,DECR,14.29,13.39,16.28,14.29,371,400,6.24,17083.45,645,3351,2,0.1,NaN,NaN,NaN,NaN,NaN,25,5,5,15.27,15.32,13.26,13.33
17:15:59,DECR,14.29,13.39,16.29,14.29,309,402,5.05,17088.5,645,3352,2,0.1,NaN,NaN,NaN,NaN,NaN,25,5,5,15.27,15.32,13.26,13.33
17:16:00,DECR,14.29,13.39,16.28,14.29,246,448,6.75,17095.25,645,3353,2,0.1,NaN,NaN,NaN,NaN,NaN,25,5,5,15.27,15.32,13.26,13.33
17:16:01,DECR,14.29,13.39,16.29,14.29,257,536,8.01,17103.26,645,3354,2,0.1,NaN,NaN,NaN,NaN,NaN,25,5,5,15.27,15.32,13.26,13.33
17:16:02,DECR,14.29,13.39,16.28,14.29,371,493,10.98,17114.24,645,3355,2,0.1,NaN,NaN,NaN,NaN,NaN,25,5,5,15.27,15.32,13.26,13.33
17:16:03,DECR,14.29,13.39,16.29,14.29,329,326,13.69,17127.93,645,3356,2,0.1,NaN,NaN,NaN,NaN,NaN,25,5,5,15.27,15.32,13.26,13.33
17:16:04,DECR,14.28,13.39,16.29,14.28,237,295,8.07,17136,645,3357,2,0.1,NaN,NaN,NaN,NaN,NaN,25,5,5,15.27,15.32,13.26,13.33
17:16:05,DECR,14.29,13.39,16.29,14.29,167,397,9.52,17145.51,645,3358,2,0.1,NaN,NaN,NaN,NaN,NaN,25,5,5,15.27,15.32,13.26,13.33
17:16:06,DECR,14.29,13.39,16.29,14.29,206,516,10.5,17156.01,645,3359,2,0.1,NaN,NaN,NaN,NaN,NaN,25,5,5,15.27,15.32,13.26,13.33
17:16:07,DECR,14.29,13.39,16.29,14.29,342,511,12.33,17168.35,645,3360,2,0.1,NaN,NaN,NaN,NaN,NaN,25,5,5,15.27,15.32,13.26,13.33
17:16:08,DECR,14.29,13.39,16.29,14.29,388,370,12.24,17180.59,645,3361,2,0.1,NaN,NaN,NaN,NaN,NaN,25,5,5,15.27,15.32,13.26,13.33
17:16:09,DECR,14.29,13.39,16.29,14.29,370,286,7.28,17187.87,645,3362,2,0.1,NaN,NaN,NaN,NaN,NaN,25,5,5,15.27,15.32,13.26,13.33
17:16:10,DECR,14.29,13.39,16.3,14.29,311,275,5.01,17192.88,645,3363,2,0.1,NaN,NaN,NaN,NaN,NaN,25,5,5,15.27,15.32,13.26,13.33
17:16:11,DECR,14.29,13.39,16.3,14.29,330,262,2.12,17195,645,3364,2,0.1,NaN,NaN,NaN,NaN,NaN,25,5,5,15.27,15.32,13.26,13.33
17:16:12,DECR,14.29,13.39,16.3,14.29,350,270,2.19,17197.19,645,3365,2,0.1,NaN,NaN,NaN,NaN,NaN,25,5,5,15.27,15.32,13.26,13.33
17:16:13,DECR,14.28,13.39,16.31,14.28,388,312,4.63,17201.83,645,3366,2,0.1,NaN,NaN,NaN,NaN,NaN,25,5,5,15.27,15.32,13.26,13.33
17:16:14,DECR,14.29,13.39,16.32,14.29,455,345,5.89,17207.71,645,3367,2,0.1,NaN,NaN,NaN,NaN,NaN,25,5,5,15.27,15.32,13.26,13.33
17:16:15,DECR,14.28,13.39,16.31,14.28,487,380,3.81,17211.53,645,3368,2,0.1,NaN,NaN,NaN,NaN,NaN,25,5,5,15.27,15.32,13.26,13.33
17:16:16,DECR,14.28,13.39,16.31,14.28,536,393,4.44,17215.96,645,3369,2,0.1,NaN,NaN,NaN,NaN,NaN,25,5,5,15.27,15.32,13.26,13.33
17:16:17,DECR,14.28,13.39,16.31,14.28,489,411,4.84,17220.8,645,3370,2,0.1,NaN,NaN,NaN,NaN,NaN,25,5,5,15.27,15.32,13.26,13.33
17:16:18,DECR,14.28,13.39,16.32,14.28,458,380,6.69,17227.5,645,3371,2,0.1,NaN,NaN,NaN,NaN,NaN,25,5,5,15.27,15.32,13.26,13.33
17:16:19,DECR,14.27,13.39,16.32,14.27,369,290,10.41,17237.9,645,3372,2,0.1,NaN,NaN,NaN,NaN,NaN,25,5,5,15.27,15.32,13.26,13.33
17:16:20,DECR,14.24,13.39,16.32,14.24,248,262,7.47,17245.38,645,3373,2,0.1,NaN,NaN,NaN,NaN,NaN,25,5,5,15.27,15.32,13.26,13.33
17:16:21,DECR,14.22,13.39,16.33,14.22,185,311,6.56,17251.94,645,3374,2,0.1,NaN,NaN,NaN,NaN,NaN,25,5,5,15.27,15.32,13.26,13.33
17:16:22,DECR,14.21,13.39,16.33,14.21,268,508,22.07,17274.01,645,3375,2,0.1,NaN,NaN,NaN,NaN,NaN,25,5,5,15.27,15.32,13.26,13.33
17:16:23,DECR,14.21,13.39,16.33,14.21,356,395,12.02,17286.03,645,3376,2,0.1,NaN,NaN,NaN,NaN,NaN,25,5,5,15.27,15.32,13.26,13.33
17:16:24,DECR,14.21,13.39,16.33,14.21,389,310,7.11,17293.13,645,3377,2,0.1,NaN,NaN,NaN,NaN,NaN,25,5,5,15.27,15.32,13.26,13.33
17:16:25,DECR,14.21,13.39,16.33,14.21,350,281,3.97,17297.11,645,3378,2,0.1,NaN,NaN,NaN,NaN,NaN,25,5,5,15.27,15.32,13.26,13.33
17:16:26,DECR,14.2,13.39,16.33,14.2,215,294,11.56,17308.67,645,3379,2,0.1,NaN,NaN,NaN,NaN,NaN,25,5,5,15.27,15.32,13.26,13.33
17:16:27,DECR,14.21,13.39,16.32,14.21,176,480,17.13,17325.8,645,3380,2,0.1,NaN,NaN,NaN,NaN,NaN,25,5,5,15.27,15.32,13.26,13.33
17:16:28,DECR,14.2,13.39,16.32,14.2,349,482,14.77,17340.57,645,3381,2,0.1,NaN,NaN,NaN,NaN,NaN,25,5,5,15.27,15.32,13.26,13.33
17:16:29,DECR,14.2,13.39,16.32,14.2,386,311,13.78,17354.35,645,3382,2,0.1,NaN,NaN,NaN,NaN,NaN,25,5,5,15.27,15.32,13.26,13.33
17:16:30,DECR,14.2,13.39,16.32,14.2,290,254,9.73,17364.09,645,3383,2,0.1,NaN,NaN,NaN,NaN,NaN,25,5,5,15.27,15.32,13.26,13.33
17:16:31,DECR,14.2,13.39,16.32,14.2,161,378,15.38,17379.47,645,3384,2,0.1,NaN,NaN,NaN,NaN,NaN,25,5,5,15.27,15.32,13.26,13.33
17:16:32,DECR,14.2,13.39,16.32,14.2,248,515,15.16,17394.63,645,3385,2,0.1,NaN,NaN,NaN,NaN,NaN,25,5,5,15.27,15.32,13.26,13.33
17:16:33,DECR,14.2,13.39,16.32,14.2,338,431,11.21,17405.84,645,3386,2,0.1,NaN,NaN,NaN,NaN,NaN,25,5,5,15.27,15.32,13.26,13.33
17:16:34,DECR,14.19,13.39,16.32,14.19,341,286,12.35,17418.18,645,3387,2,0.1,NaN,NaN,NaN,NaN,NaN,25,5,5,15.27,15.32,13.26,13.33
17:16:35,DECR,14.19,13.39,16.31,14.19,311,264,4.25,17422.44,645,3388,2,0.1,NaN,NaN,NaN,NaN,NaN,25,5,5,15.27,15.32,13.26,13.33
17:16:36,DECR,14.18,13.39,16.31,14.18,331,257,1.72,17424.16,645,3389,2,0.1,NaN,NaN,NaN,NaN,NaN,25,5,5,15.27,15.32,13.26,13.33
17:16:37,DECR,14.18,13.39,16.31,14.18,365,267,3.08,17427.23,645,3390,2,0.1,NaN,NaN,NaN,NaN,NaN,25,5,5,15.27,15.32,13.26,13.33
17:16:38,DECR,14.19,13.39,16.31,14.19,359,272,2.18,17429.42,645,3391,2,0.1,NaN,NaN,NaN,NaN,NaN,25,5,5,15.27,15.32,13.26,13.33
17:16:40,DECR,14.19,13.39,16.31,14.19,291,341,8.46,17437.87,645,3392,2,0.1,NaN,NaN,NaN,NaN,NaN,25,5,5,15.27,15.32,13.26,13.33
17:16:41,DECR,14.19,13.39,16.3,14.19,195,443,11.27,17449.14,645,3393,2,0.1,NaN,NaN,NaN,NaN,NaN,25,5,5,15.27,15.32,13.26,13.33
17:16:42,DECR,14.18,13.39,16.3,14.18,172,425,2.44,17451.58,645,3394,2,0.1,NaN,NaN,NaN,NaN,NaN,25,5,5,15.27,15.32,13.26,13.33
17:16:43,DECR,14.18,13.39,16.3,14.18,172,400,2.4,17453.99,645,3395,2,0.1,NaN,NaN,NaN,NaN,NaN,25,5,5,15.27,15.32,13.26,13.33
17:16:44,DECR,14.18,13.39,16.29,14.18,171,366,2.78,17456.77,645,3396,2,0.1,NaN,NaN,NaN,NaN,NaN,25,5,5,15.27,15.32,13.26,13.33
17:16:45,DECR,14.18,13.39,16.29,14.18,204,298,6.13,17462.9,645,3397,2,0.1,NaN,NaN,NaN,NaN,NaN,25,5,5,15.27,15.32,13.26,13.33
17:16:46,DECR,14.18,13.39,16.28,14.18,288,249,5.77,17468.67,645,3398,2,0.1,NaN,NaN,NaN,NaN,NaN,25,5,5,15.27,15.32,13.26,13.33
17:16:47,DECR,14.17,13.39,16.26,14.17,371,259,6.94,17475.6,645,3399,2,0.1,NaN,NaN,NaN,NaN,NaN,25,5,5,15.27,15.32,13.26,13.33
17:16:48,DECR,14.17,13.39,16.22,14.17,434,301,6.32,17481.92,645,3400,2,0.1,NaN,NaN,NaN,NaN,NaN,25,5,5,15.27,15.32,13.26,13.33
17:16:49,DECR,14.17,13.39,16.2,14.17,470,358,5.45,17487.37,645,3401,2,0.1,NaN,NaN,NaN,NaN,NaN,25,5,5,15.27,15.32,13.26,13.33
17:16:50,INCR,16.2,13.39,16.2,14.16,597,391,11.35,17498.71,646,3401,2,0.1,NaN,NaN,NaN,NaN,NaN,25,5,5,15.27,15.32,13.34,13.35
17:16:51,INCR,16.18,13.39,16.18,14.16,748,324,11.83,17510.54,647,3401,2,0.1,NaN,NaN,NaN,NaN,NaN,25,5,5,15.27,15.32,13.34,13.35
17:16:52,INCR,16.15,13.39,16.15,14.16,814,290,6.23,17516.77,648,3401,2,0.1,NaN,NaN,NaN,NaN,NaN,25,5,5,15.27,15.32,13.34,13.35
17:16:53,INCR,16.12,13.39,16.12,14.16,898,356,9.01,17525.78,649,3401,2,0.1,NaN,NaN,NaN,NaN,NaN,25,5,5,15.27,15.32,13.34,13.35
17:16:54,INCR,16.11,13.39,16.11,14.16,889,472,9.43,17535.21,650,3401,2,0.1,NaN,NaN,NaN,NaN,NaN,25,5,5,15.27,15.32,13.34,13.35
17:16:55,INCR,16.1,13.39,16.1,14.15,832,527,6.64,17541.86,651,3401,2,0.1,NaN,NaN,NaN,NaN,NaN,25,5,5,15.27,15.32,13.34,13.35
17:16:56,INCR,16.09,13.39,16.09,14.15,762,541,5.94,17547.79,652,3401,2,0.1,NaN,NaN,NaN,NaN,NaN,25,5,5,15.27,15.32,13.34,13.35
17:16:57,INCR,16.06,13.39,16.06,14.15,703,463,8.46,17556.25,653,3401,2,0.1,NaN,NaN,NaN,NaN,NaN,25,5,5,15.27,15.32,13.34,13.35
17:16:58,INCR,16.03,13.39,16.03,14.15,734,391,5.91,17562.17,654,3401,2,0.1,NaN,NaN,NaN,NaN,NaN,25,5,5,15.27,15.32,13.34,13.35
17:16:59,INCR,16.02,13.39,16.02,14.14,742,295,7.68,17569.84,655,3401,2,0.1,NaN,NaN,NaN,NaN,NaN,25,5,5,15.27,15.32,13.34,13.35
17:17:00,INCR,16.01,13.39,16.01,14.14,797,285,4.74,17574.59,656,3401,2,0.1,NaN,NaN,NaN,NaN,NaN,25,5,5,15.27,15.32,13.34,13.35
17:17:01,INCR,16.01,13.39,16.01,14.14,876,333,6.59,17581.17,657,3401,2,0.1,NaN,NaN,NaN,NaN,NaN,25,5,5,15.27,15.32,13.34,13.35
17:17:02,INCR,16,13.39,16,14.14,910,432,8.09,17589.27,658,3401,2,0.1,NaN,NaN,NaN,NaN,NaN,25,5,5,15.27,15.32,13.34,13.35
17:17:03,INCR,16,13.39,16,14.14,865,519,7.67,17596.94,659,3401,2,0.1,NaN,NaN,NaN,NaN,NaN,25,5,5,15.27,15.32,13.34,13.35
17:17:04,INCR,15.97,13.39,15.97,14.13,810,553,5.29,17602.23,660,3401,2,0.1,NaN,NaN,NaN,NaN,NaN,25,5,5,15.27,15.32,13.34,13.35
17:17:05,INCR,15.95,13.39,15.95,14.13,715,482,10.77,17613,661,3401,2,0.1,NaN,NaN,NaN,NaN,NaN,25,5,5,15.27,15.32,13.34,13.35
17:17:06,INCR,15.93,13.39,15.93,14.13,731,348,9.75,17622.75,662,3401,2,0.1,NaN,NaN,NaN,NaN,NaN,25,5,5,15.27,15.32,13.34,13.35
17:17:07,INCR,15.93,13.39,15.93,14.12,791,292,6.62,17629.37,663,3401,2,0.1,NaN,NaN,NaN,NaN,NaN,25,5,5,15.27,15.32,13.34,13.35
17:17:08,INCR,15.92,13.39,15.92,14.13,863,314,6.3,17635.66,664,3401,2,0.1,NaN,NaN,NaN,NaN,NaN,25,5,5,15.27,15.32,13.34,13.35
17:17:09,INCR,15.93,13.39,15.93,14.13,909,413,7.29,17642.95,665,3401,2,0.1,NaN,NaN,NaN,NaN,NaN,25,5,5,15.27,15.32,13.34,13.35
17:17:10,INCR,15.93,13.39,15.93,14.13,870,510,6.2,17649.15,666,3401,2,0.1,NaN,NaN,NaN,NaN,NaN,25,5,5,15.27,15.32,13.34,13.35
17:17:11,INCR,15.93,13.39,15.93,14.12,785,558,8.16,17657.32,667,3401,2,0.1,NaN,NaN,NaN,NaN,NaN,25,5,5,15.27,15.32,13.34,13.35
17:17:12,INCR,15.92,13.39,15.92,14.12,680,520,9.26,17666.58,668,3401,2,0.1,NaN,NaN,NaN,NaN,NaN,25,5,5,15.27,15.32,13.34,13.35
17:17:13,INCR,15.92,13.39,15.92,14.12,610,388,12.59,17679.17,669,3401,2,0.1,NaN,NaN,NaN,NaN,NaN,25,5,5,15.27,15.32,13.34,13.35
17:17:14,INCR,15.92,13.39,15.92,14.12,702,261,12.33,17691.5,670,3401,2,0.1,NaN,NaN,NaN,NaN,NaN,25,5,5,15.27,15.32,13.34,13.35
17:17:15,INCR,15.92,13.39,15.92,14.12,832,268,10.89,17702.39,671,3401,2,0.1,NaN,NaN,NaN,NaN,NaN,25,5,5,15.27,15.32,13.34,13.35
17:17:16,INCR,15.92,13.39,15.92,14.12,915,389,11.11,17713.49,672,3401,2,0.1,NaN,NaN,NaN,NaN,NaN,25,5,5,15.27,15.32,13.34,13.35
17:17:17,INCR,15.92,13.39,15.92,14.12,888,493,8.95,17722.44,673,3401,2,0.1,NaN,NaN,NaN,NaN,NaN,25,5,5,15.27,15.32,13.34,13.35
17:17:18,INCR,15.92,13.39,15.92,14.12,773,515,9.64,17732.08,674,3401,2,0.1,NaN,NaN,NaN,NaN,NaN,25,5,5,15.27,15.32,13.34,13.35
17:17:19,INCR,15.92,13.39,15.92,14.12,709,422,9.13,17741.21,675,3401,2,0.1,NaN,NaN,NaN,NaN,NaN,25,5,5,15.27,15.32,13.34,13.35
17:17:20,INCR,15.92,13.39,15.92,14.11,705,331,6.69,17747.9,676,3401,2,0.1,NaN,NaN,NaN,NaN,NaN,25,5,5,15.27,15.32,13.34,13.35
17:17:21,INCR,15.93,13.39,15.93,14.11,771,281,6.78,17754.68,677,3401,2,0.1,NaN,NaN,NaN,NaN,NaN,25,5,5,15.27,15.32,13.34,13.35
17:17:22,INCR,15.93,13.39,15.93,14.11,844,303,6.4,17761.07,678,3401,2,0.1,NaN,NaN,NaN,NaN,NaN,25,5,5,15.27,15.32,13.34,13.35
17:17:23,INCR,15.93,13.39,15.93,14.12,878,393,8.48,17769.55,679,3401,2,0.1,NaN,NaN,NaN,NaN,NaN,25,5,5,15.27,15.32,13.34,13.35
17:17:24,INCR,15.93,13.39,15.93,14.12,902,401,4.56,17774.11,680,3401,2,0.1,NaN,NaN,NaN,NaN,NaN,25,5,5,15.27,15.32,13.34,13.35
17:17:26,INCR,15.93,13.39,15.93,14.12,896,339,5.08,17779.19,681,3401,2,0.1,NaN,NaN,NaN,NaN,NaN,25,5,5,15.27,15.32,13.34,13.35
17:17:27,INCR,15.93,13.39,15.93,14.12,860,293,4.43,17783.62,682,3401,2,0.1,NaN,NaN,NaN,NaN,NaN,25,5,5,15.27,15.32,13.34,13.35
17:17:28,INCR,15.94,13.39,15.94,14.12,824,270,3.58,17787.2,683,3401,2,0.1,NaN,NaN,NaN,NaN,NaN,25,5,5,15.27,15.32,13.34,13.35
17:17:29,INCR,15.94,13.39,15.94,14.12,781,256,4.09,17791.29,684,3401,2,0.1,NaN,NaN,NaN,NaN,NaN,25,5,5,15.27,15.32,13.34,13.35
17:17:30,INCR,15.94,13.39,15.94,14.11,706,261,6.64,17797.93,685,3401,2,0.1,NaN,NaN,NaN,NaN,NaN,25,5,5,15.27,15.32,13.34,13.35
17:17:31,INCR,15.95,13.39,15.95,14.11,654,297,8.46,17806.39,686,3401,2,0.1,NaN,NaN,NaN,NaN,NaN,25,5,5,15.27,15.32,13.34,13.35
17:17:32,INCR,15.98,13.39,15.98,14.11,661,304,0.98,17807.37,687,3401,2,0.1,NaN,NaN,NaN,NaN,NaN,25,5,5,15.27,15.32,13.34,13.35
17:17:33,INCR,16,13.39,16,14.11,632,323,3.18,17810.55,688,3401,2,0.1,NaN,NaN,NaN,NaN,NaN,25,5,5,15.27,15.32,13.34,13.35
17:17:34,INCR,16.02,13.39,16.02,14.11,611,359,3.26,17813.8,689,3401,2,0.1,NaN,NaN,NaN,NaN,NaN,25,5,5,15.27,15.32,13.34,13.35
17:17:35,INCR,16.02,13.39,16.02,14.11,606,396,3.99,17817.8,690,3401,2,0.1,NaN,NaN,NaN,NaN,NaN,25,5,5,15.27,15.32,13.34,13.35
17:17:36,INCR,16.02,13.39,16.02,14.11,646,457,5.8,17823.6,691,3401,2,0.1,NaN,NaN,NaN,NaN,NaN,25,5,5,15.27,15.32,13.34,13.35
17:17:37,INCR,16.03,13.39,16.03,14.12,660,504,4.07,17827.66,692,3401,2,0.1,NaN,NaN,NaN,NaN,NaN,25,5,5,15.27,15.32,13.34,13.35
17:17:38,INCR,16.03,13.39,16.03,14.12,695,545,4.02,17831.68,693,3401,2,0.1,NaN,NaN,NaN,NaN,NaN,25,5,5,15.27,15.32,13.34,13.35
17:17:39,INCR,16.03,13.39,16.03,14.12,724,529,3.44,17835.12,694,3401,2,0.1,NaN,NaN,NaN,NaN,NaN,25,5,5,15.27,15.32,13.34,13.35
17:17:40,INCR,16.03,13.39,16.03,14.12,789,495,6.09,17841.21,695,3401,2,0.1,NaN,NaN,NaN,NaN,NaN,25,5,5,15.27,15.32,13.34,13.35
17:17:41,INCR,16.03,13.39,16.03,14.12,872,471,6.74,17847.95,696,3401,2,0.1,NaN,NaN,NaN,NaN,NaN,25,5,5,15.27,15.32,13.34,13.35
17:17:42,INCR,16.04,13.39,16.04,14.12,903,434,4.31,17852.26,697,3401,2,0.1,NaN,NaN,NaN,NaN,NaN,25,5,5,15.27,15.32,13.34,13.35
17:17:43,INCR,16.04,13.39,16.04,14.13,897,337,8.19,17860.45,698,3401,2,0.1,NaN,NaN,NaN,NaN,NaN,25,5,5,15.27,15.32,13.34,13.35
17:17:44,INCR,16.05,13.39,16.05,14.12,838,278,6.72,17867.17,699,3401,2,0.1,NaN,NaN,NaN,NaN,NaN,25,5,5,15.27,15.32,13.34,13.35
17:17:45,INCR,16.05,13.39,16.05,14.13,786,279,4.21,17871.39,700,3401,2,0.1,NaN,NaN,NaN,NaN,NaN,25,5,5,15.27,15.32,13.34,13.35
17:17:46,INCR,16.06,13.39,16.06,14.13,775,414,11.22,17882.61,701,3401,2,0.1,NaN,NaN,NaN,NaN,NaN,25,5,5,15.27,15.32,13.34,13.35
17:17:47,INCR,16.09,13.39,16.09,14.13,816,512,8.71,17891.32,702,3401,2,0.1,NaN,NaN,NaN,NaN,NaN,25,5,5,15.27,15.32,13.34,13.35
17:17:48,INCR,16.12,13.39,16.12,14.13,866,509,5.17,17896.49,703,3401,2,0.1,NaN,NaN,NaN,NaN,NaN,25,5,5,15.27,15.32,13.34,13.35
17:17:49,INCR,16.13,13.39,16.13,14.13,890,470,3.56,17900.05,704,3401,2,0.1,NaN,NaN,NaN,NaN,NaN,25,5,5,15.27,15.32,13.34,13.35
17:17:50,INCR,16.14,13.39,16.14,14.13,904,385,7.1,17907.15,705,3401,2,0.1,NaN,NaN,NaN,NaN,NaN,25,5,5,15.27,15.32,13.34,13.35
17:17:51,INCR,16.13,13.39,16.13,14.13,878,321,5.96,17913.11,706,3401,2,0.1,NaN,NaN,NaN,NaN,NaN,25,5,5,15.27,15.32,13.34,13.35
17:17:52,INCR,16.14,13.39,16.14,14.14,810,318,6.57,17919.68,707,3401,2,0.1,NaN,NaN,NaN,NaN,NaN,25,5,5,15.27,15.32,13.34,13.35
17:17:53,INCR,16.14,13.39,16.14,14.14,776,460,12.29,17931.97,708,3401,2,0.1,NaN,NaN,NaN,NaN,NaN,25,5,5,15.27,15.32,13.34,13.35
17:17:54,INCR,16.14,13.39,16.14,14.14,805,526,5.2,17937.17,709,3401,2,0.1,NaN,NaN,NaN,NaN,NaN,25,5,5,15.27,15.32,13.34,13.35
17:17:55,INCR,16.14,13.39,16.14,14.13,822,537,1.9,17939.07,710,3401,2,0.1,NaN,NaN,NaN,NaN,NaN,25,5,5,15.27,15.32,13.34,13.35
17:17:56,INCR,16.15,13.39,16.15,14.14,807,538,1.21,17940.28,711,3401,2,0.1,NaN,NaN,NaN,NaN,NaN,25,5,5,15.27,15.32,13.34,13.35
17:17:57,INCR,16.15,13.39,16.15,14.14,778,542,1.88,17942.16,712,3401,2,0.1,NaN,NaN,NaN,NaN,NaN,25,5,5,15.27,15.32,13.34,13.35
17:17:58,INCR,16.16,13.39,16.16,14.15,808,521,4.02,17946.18,713,3401,2,0.1,NaN,NaN,NaN,NaN,NaN,25,5,5,15.27,15.32,13.34,13.35
17:17:59,INCR,16.16,13.39,16.16,14.15,862,506,4.44,17950.61,714,3401,2,0.1,NaN,NaN,NaN,NaN,NaN,25,5,5,15.27,15.32,13.34,13.35
17:18:00,INCR,16.16,13.39,16.16,14.15,891,471,4.04,17954.66,715,3401,2,0.1,NaN,NaN,NaN,NaN,NaN,25,5,5,15.27,15.32,13.34,13.35
17:18:01,INCR,16.18,13.39,16.18,14.15,905,405,5.16,17959.82,716,3401,2,0.1,NaN,NaN,NaN,NaN,NaN,25,5,5,15.27,15.32,13.34,13.35
17:18:02,INCR,16.22,13.39,16.22,14.15,902,387,2.03,17961.85,717,3401,2,0.1,NaN,NaN,NaN,NaN,NaN,25,5,5,15.27,15.32,13.34,13.35
17:18:03,INCR,16.26,13.39,16.26,14.15,754,444,13.82,17975.67,718,3401,2,0.1,NaN,NaN,NaN,NaN,NaN,25,5,5,15.27,15.32,13.34,13.35
17:18:04,INCR,16.29,13.39,16.29,14.16,783,523,7.3,17982.97,719,3401,2,0.1,NaN,NaN,NaN,NaN,NaN,25,5,5,15.27,15.32,13.34,13.35
17:18:05,INCR,16.3,13.39,16.3,14.16,825,510,4.94,17987.91,720,3401,2,0.1,NaN,NaN,NaN,NaN,NaN,25,5,5,15.27,15.32,13.34,13.35
17:18:06,INCR,16.3,13.39,16.3,14.16,830,507,1.26,17989.17,721,3401,2,0.1,NaN,NaN,NaN,NaN,NaN,25,5,5,15.27,15.32,13.34,13.35
17:18:07,INCR,16.3,13.39,16.3,14.16,807,523,2.27,17991.44,722,3401,2,0.1,NaN,NaN,NaN,NaN,NaN,25,5,5,15.27,15.32,13.34,13.35
17:18:08,INCR,16.3,13.39,16.3,14.16,762,527,3.82,17995.26,723,3401,2,0.1,NaN,NaN,NaN,NaN,NaN,25,5,5,15.27,15.32,13.34,13.35
17:18:09,INCR,16.3,13.39,16.3,14.16,698,518,5.46,18000.72,724,3401,2,0.1,NaN,NaN,NaN,NaN,NaN,25,5,5,15.27,15.32,13.34,13.35
17:18:10,INCR,16.31,13.39,16.31,14.16,637,468,6.59,18007.31,725,3401,2,0.1,NaN,NaN,NaN,NaN,NaN,25,5,5,15.27,15.32,13.34,13.35
17:18:11,INCR,16.31,13.39,16.31,14.16,558,400,8.71,18016.02,726,3401,2,0.1,NaN,NaN,NaN,NaN,NaN,25,5,5,15.27,15.32,13.34,13.35
17:18:12,DECR,14.16,13.39,16.31,14.16,526,394,3,18019.02,726,3402,2,0.1,NaN,NaN,NaN,NaN,NaN,25,5,5,15.36,15.36,13.34,13.35
17:18:14,DECR,14.16,13.39,16.31,14.16,457,382,5.8,18024.81,726,3403,2,0.1,NaN,NaN,NaN,NaN,NaN,25,5,5,15.36,15.36,13.34,13.35
17:18:15,DECR,14.16,13.39,16.31,14.16,355,410,8.88,18033.69,726,3404,2,0.1,NaN,NaN,NaN,NaN,NaN,25,5,5,15.36,15.36,13.34,13.35
17:18:16,DECR,14.16,13.39,16.31,14.16,336,482,6.13,18039.81,726,3405,2,0.1,NaN,NaN,NaN,NaN,NaN,25,5,5,15.36,15.36,13.34,13.35
17:18:17,DECR,14.16,13.39,16.31,14.16,391,505,4.76,18044.57,726,3406,2,0.1,NaN,NaN,NaN,NaN,NaN,25,5,5,15.36,15.36,13.34,13.35
17:18:18,DECR,14.17,13.39,16.31,14.17,446,460,5.89,18050.46,726,3407,2,0.1,NaN,NaN,NaN,NaN,NaN,25,5,5,15.36,15.36,13.34,13.35
17:18:19,DECR,14.17,13.39,16.32,14.17,425,306,6.88,18057.34,726,3408,2,0.1,NaN,NaN,NaN,NaN,NaN,25,5,5,15.36,15.36,13.34,13.35
17:18:20,DECR,14.17,13.39,16.31,14.17,284,253,12.9,18070.24,726,3409,2,0.1,NaN,NaN,NaN,NaN,NaN,25,5,5,15.36,15.36,13.34,13.35
17:18:21,DECR,14.17,13.39,16.32,14.17,166,388,15.65,18085.9,726,3410,2,0.1,NaN,NaN,NaN,NaN,NaN,25,5,5,15.36,15.36,13.34,13.35
17:18:22,DECR,14.18,13.39,16.32,14.18,290,514,14.15,18100.04,726,3411,2,0.1,NaN,NaN,NaN,NaN,NaN,25,5,5,15.36,15.36,13.34,13.35
17:18:23,DECR,14.2,13.39,16.32,14.2,414,471,11.2,18111.24,726,3412,2,0.1,NaN,NaN,NaN,NaN,NaN,25,5,5,15.36,15.36,13.34,13.35
17:18:24,DECR,14.23,13.39,16.32,14.23,467,398,7.47,18118.71,726,3413,2,0.1,NaN,NaN,NaN,NaN,NaN,25,5,5,15.36,15.36,13.34,13.35
17:18:25,DECR,14.25,13.39,16.32,14.25,469,373,3.54,18122.25,726,3414,2,0.1,NaN,NaN,NaN,NaN,NaN,25,5,5,15.36,15.36,13.34,13.35
17:18:26,DECR,14.25,13.39,16.33,14.25,443,340,4.08,18126.33,726,3415,2,0.1,NaN,NaN,NaN,NaN,NaN,25,5,5,15.36,15.36,13.34,13.35
17:18:27,DECR,14.25,13.39,16.33,14.25,393,333,4.5,18130.83,726,3416,2,0.1,NaN,NaN,NaN,NaN,NaN,25,5,5,15.36,15.36,13.34,13.35
17:18:28,DECR,14.25,13.39,16.33,14.25,295,345,8.78,18139.61,726,3417,2,0.1,NaN,NaN,NaN,NaN,NaN,25,5,5,15.36,15.36,13.34,13.35
17:18:29,DECR,14.26,13.39,16.33,14.26,281,396,4.36,18143.97,726,3418,2,0.1,NaN,NaN,NaN,NaN,NaN,25,5,5,15.36,15.36,13.34,13.35
17:18:30,DECR,14.26,13.39,16.33,14.26,296,428,3.48,18147.45,726,3419,2,0.1,NaN,NaN,NaN,NaN,NaN,25,5,5,15.36,15.36,13.34,13.35
17:18:31,DECR,14.26,13.39,16.34,14.26,338,411,3.79,18151.24,726,3420,2,0.1,NaN,NaN,NaN,NaN,NaN,25,5,5,15.36,15.36,13.34,13.35
17:18:32,DECR,14.27,13.39,16.35,14.27,330,285,10.61,18161.85,726,3421,2,0.1,NaN,NaN,NaN,NaN,NaN,25,5,5,15.36,15.36,13.34,13.35
17:18:33,DECR,14.28,13.39,16.37,14.28,317,271,1.87,18163.72,726,3422,2,0.1,NaN,NaN,NaN,NaN,NaN,25,5,5,15.36,15.36,13.34,13.35
17:18:34,DECR,14.3,13.39,16.39,14.3,306,277,0.64,18164.36,726,3423,2,0.1,NaN,NaN,NaN,NaN,NaN,25,5,5,15.36,15.36,13.34,13.35
17:18:35,DECR,14.33,13.39,16.4,14.33,291,292,2.22,18166.57,726,3424,2,0.1,NaN,NaN,NaN,NaN,NaN,25,5,5,15.36,15.36,13.34,13.35
17:18:36,DECR,14.35,13.39,16.41,14.35,322,313,5.21,18171.79,726,3425,2,0.1,NaN,NaN,NaN,NaN,NaN,25,5,5,15.36,15.36,13.34,13.35
17:18:37,DECR,14.36,13.39,16.41,14.36,348,292,2.67,18174.46,726,3426,2,0.1,NaN,NaN,NaN,NaN,NaN,25,5,5,15.36,15.36,13.34,13.35
17:18:38,DECR,14.36,13.39,16.41,14.36,349,293,2.27,18176.73,726,3427,2,0.1,NaN,NaN,NaN,NaN,NaN,25,5,5,15.36,15.36,13.34,13.35
17:18:39,DECR,14.37,13.39,16.41,14.37,228,281,10.96,18187.68,726,3428,2,0.1,NaN,NaN,NaN,NaN,NaN,25,5,5,15.36,15.36,13.34,13.35
17:18:40,DECR,14.37,13.39,16.41,14.37,178,416,12.86,18200.54,726,3429,2,0.1,NaN,NaN,NaN,NaN,NaN,25,5,5,15.36,15.36,13.34,13.35
17:18:41,DECR,14.37,13.39,16.41,14.37,324,435,12.53,18213.07,726,3430,2,0.1,NaN,NaN,NaN,NaN,NaN,25,5,5,15.36,15.36,13.34,13.35
17:18:42,DECR,14.37,13.39,16.41,14.37,382,333,9.57,18222.64,726,3431,2,0.1,NaN,NaN,NaN,NaN,NaN,25,5,5,15.36,15.36,13.34,13.35
17:18:43,DECR,14.38,13.39,16.4,14.38,348,273,6.08,18228.72,726,3432,2,0.1,NaN,NaN,NaN,NaN,NaN,25,5,5,15.36,15.36,13.34,13.35
17:18:44,DECR,14.38,13.39,16.4,14.38,341,276,0.84,18229.55,726,3433,2,0.1,NaN,NaN,NaN,NaN,NaN,25,5,5,15.36,15.36,13.34,13.35
17:18:45,DECR,14.38,13.39,16.4,14.38,273,271,6.35,18235.9,726,3434,2,0.1,NaN,NaN,NaN,NaN,NaN,25,5,5,15.36,15.36,13.34,13.35
17:18:46,DECR,14.38,13.39,16.39,14.38,198,347,7.3,18243.2,726,3435,2,0.1,NaN,NaN,NaN,NaN,NaN,25,5,5,15.36,15.36,13.34,13.35
17:18:47,DECR,14.38,13.39,16.39,14.38,191,327,2.95,18246.14,726,3436,2,0.1,NaN,NaN,NaN,NaN,NaN,25,5,5,15.36,15.36,13.34,13.35
17:18:48,DECR,14.38,13.39,16.39,14.38,233,275,5.14,18251.29,726,3437,2,0.1,NaN,NaN,NaN,NaN,NaN,25,5,5,15.36,15.36,13.34,13.35
17:18:49,DECR,14.39,13.39,16.38,14.39,283,256,4.43,18255.72,726,3438,2,0.1,NaN,NaN,NaN,NaN,NaN,25,5,5,15.36,15.36,13.34,13.35
17:18:50,DECR,14.39,13.39,16.36,14.39,324,264,2.83,18258.54,726,3439,2,0.1,NaN,NaN,NaN,NaN,NaN,25,5,5,15.36,15.36,13.34,13.35
17:18:51,DECR,14.39,13.39,16.33,14.39,372,269,4.19,18262.73,726,3440,2,0.1,NaN,NaN,NaN,NaN,NaN,25,5,5,15.36,15.36,13.34,13.35
17:18:52,DECR,14.39,13.39,16.31,14.39,410,312,3.9,18266.64,726,3441,2,0.1,NaN,NaN,NaN,NaN,NaN,25,5,5,15.36,15.36,13.34,13.35
17:18:53,DECR,14.39,13.39,16.31,14.39,370,377,5.48,18272.12,726,3442,2,0.1,NaN,NaN,NaN,NaN,NaN,25,5,5,15.36,15.36,13.34,13.35
17:18:54,DECR,14.4,13.39,16.3,14.4,270,436,9.17,18281.29,726,3443,2,0.1,NaN,NaN,NaN,NaN,NaN,25,5,5,15.36,15.36,13.34,13.35
17:18:55,DECR,14.4,13.39,16.31,14.4,255,512,6.93,18288.23,726,3444,2,0.1,NaN,NaN,NaN,NaN,NaN,25,5,5,15.36,15.36,13.34,13.35
17:18:57,DECR,14.4,13.39,16.3,14.4,227,525,3.15,18291.37,726,3445,2,0.1,NaN,NaN,NaN,NaN,NaN,25,5,5,15.36,15.36,13.34,13.35
17:18:58,DECR,14.41,13.39,16.3,14.41,192,501,3.37,18294.74,726,3446,2,0.1,NaN,NaN,NaN,NaN,NaN,25,5,5,15.36,15.36,13.34,13.35
17:18:59,DECR,14.41,13.39,16.29,14.41,170,455,4.14,18298.88,726,3447,2,0.1,NaN,NaN,NaN,NaN,NaN,25,5,5,15.36,15.36,13.34,13.35
17:19:00,DECR,14.41,13.39,16.29,14.41,162,379,6.28,18305.16,726,3448,2,0.1,NaN,NaN,NaN,NaN,NaN,25,5,5,15.36,15.36,13.34,13.35
17:19:01,DECR,14.41,13.39,16.29,14.41,222,292,7.32,18312.48,726,3449,2,0.1,NaN,NaN,NaN,NaN,NaN,25,5,5,15.36,15.36,13.34,13.35
17:19:02,DECR,14.42,13.39,16.29,14.42,277,258,5.3,18317.78,726,3450,2,0.1,NaN,NaN,NaN,NaN,NaN,25,5,5,15.36,15.36,13.34,13.35
17:19:03,DECR,14.42,13.39,16.28,14.42,359,269,7.2,18324.98,726,3451,2,0.1,NaN,NaN,NaN,NaN,NaN,25,5,5,15.36,15.36,13.34,13.35
17:19:04,DECR,14.43,13.39,16.28,14.43,360,382,9.16,18334.14,726,3452,2,0.1,NaN,NaN,NaN,NaN,NaN,25,5,5,15.36,15.36,13.34,13.35
17:19:05,DECR,14.43,13.4,16.27,14.43,328,462,7.15,18341.28,726,3453,2,0.1,NaN,NaN,NaN,NaN,NaN,25,5,5,15.36,15.36,13.34,13.35
17:19:06,DECR,14.43,13.4,16.27,14.43,335,529,6.76,18348.04,726,3454,2,0.1,NaN,NaN,NaN,NaN,NaN,25,5,5,15.36,15.36,13.34,13.35
17:19:07,DECR,14.43,13.4,16.27,14.43,324,549,2.07,18350.11,726,3455,2,0.1,NaN,NaN,NaN,NaN,NaN,25,5,5,15.36,15.36,13.34,13.35
17:19:08,DECR,14.43,13.4,16.26,14.43,332,528,3.3,18353.41,726,3456,2,0.1,NaN,NaN,NaN,NaN,NaN,25,5,5,15.36,15.36,13.34,13.35
17:19:09,DECR,14.43,13.4,16.26,14.43,415,509,7.2,18360.6,726,3457,2,0.1,NaN,NaN,NaN,NaN,NaN,25,5,5,15.36,15.36,13.34,13.35
17:19:10,DECR,14.43,13.4,16.25,14.43,442,316,14.68,18375.28,726,3458,2,0.1,NaN,NaN,NaN,NaN,NaN,25,5,5,15.36,15.36,13.34,13.35
17:19:11,DECR,14.44,13.4,16.25,14.44,290,255,9.09,18384.37,726,3459,2,0.1,NaN,NaN,NaN,NaN,NaN,25,5,5,15.36,15.36,13.34,13.35
17:19:12,DECR,14.43,13.4,16.25,14.43,161,373,14.43,18398.8,726,3460,2,0.1,NaN,NaN,NaN,NaN,NaN,25,5,5,15.36,15.36,13.34,13.35
17:19:13,DECR,14.44,13.4,16.25,14.44,222,535,14.87,18413.67,726,3461,2,0.1,NaN,NaN,NaN,NaN,NaN,25,5,5,15.36,15.36,13.34,13.35
17:19:14,DECR,14.44,13.4,16.25,14.44,401,514,16.22,18429.88,726,3462,2,0.1,NaN,NaN,NaN,NaN,NaN,25,5,5,15.36,15.36,13.34,13.35
17:19:15,DECR,14.44,13.4,16.25,14.44,416,351,13.73,18443.61,726,3463,2,0.1,NaN,NaN,NaN,NaN,NaN,25,5,5,15.36,15.36,13.34,13.35
17:19:16,DECR,14.44,13.4,16.25,14.44,249,264,16.1,18459.71,726,3464,2,0.1,NaN,NaN,NaN,NaN,NaN,25,5,5,15.36,15.36,13.34,13.35
17:19:17,DECR,14.44,13.4,16.25,14.44,173,408,13.88,18473.59,726,3465,2,0.1,NaN,NaN,NaN,NaN,NaN,25,5,5,15.36,15.36,13.34,13.35
17:19:18,DECR,14.45,13.4,16.25,14.45,199,457,4.96,18478.55,726,3466,2,0.1,NaN,NaN,NaN,NaN,NaN,25,5,5,15.36,15.36,13.34,13.35
17:19:19,DECR,14.44,13.4,16.24,14.44,168,443,3.76,18482.31,726,3467,2,0.1,NaN,NaN,NaN,NaN,NaN,25,5,5,15.36,15.36,13.34,13.35
17:19:20,DECR,14.45,13.4,16.25,14.45,188,475,3.36,18485.67,726,3468,2,0.1,NaN,NaN,NaN,NaN,NaN,25,5,5,15.36,15.36,13.34,13.35
17:19:21,DECR,14.45,13.4,16.25,14.45,249,480,5.34,18491.01,726,3469,2,0.1,NaN,NaN,NaN,NaN,NaN,25,5,5,15.36,15.36,13.34,13.35
17:19:22,DECR,14.45,13.4,16.25,14.45,361,511,8.78,18499.8,726,3470,2,0.1,NaN,NaN,NaN,NaN,NaN,25,5,5,15.36,15.36,13.34,13.35
17:19:23,DECR,14.45,13.4,16.25,14.45,422,498,5.49,18505.29,726,3471,2,0.1,NaN,NaN,NaN,NaN,NaN,25,5,5,15.36,15.36,13.34,13.35
17:19:24,DECR,14.45,13.4,16.25,14.45,410,357,12.91,18518.2,726,3472,2,0.1,NaN,NaN,NaN,NaN,NaN,25,5,5,15.36,15.36,13.34,13.35
17:19:25,DECR,14.45,13.4,16.25,14.45,330,269,9.79,18527.98,726,3473,2,0.1,NaN,NaN,NaN,NaN,NaN,25,5,5,15.36,15.36,13.34,13.35
17:19:26,DECR,14.45,13.4,16.26,14.45,191,320,13.2,18541.18,726,3474,2,0.1,NaN,NaN,NaN,NaN,NaN,25,5,5,15.36,15.36,13.34,13.35
17:19:27,DECR,14.45,13.4,16.26,14.45,174,470,12.7,18553.88,726,3475,2,0.1,NaN,NaN,NaN,NaN,NaN,25,5,5,15.36,15.36,13.34,13.35
17:19:28,DECR,14.45,13.4,16.26,14.45,302,459,11.01,18564.89,726,3476,2,0.1,NaN,NaN,NaN,NaN,NaN,25,5,5,15.36,15.36,13.34,13.35
17:19:29,DECR,14.46,13.4,16.26,14.46,224,315,17.9,18582.79,726,3477,2,0.1,NaN,NaN,NaN,NaN,NaN,25,5,5,15.36,15.36,13.34,13.35
17:19:30,DECR,14.46,13.4,16.26,14.46,182,365,5.56,18588.35,726,3478,2,0.1,NaN,NaN,NaN,NaN,NaN,25,5,5,15.36,15.36,13.34,13.35
17:19:31,DECR,14.46,13.4,16.26,14.46,193,407,4.11,18592.45,726,3479,2,0.1,NaN,NaN,NaN,NaN,NaN,25,5,5,15.36,15.36,13.34,13.35
17:19:32,DECR,14.46,13.4,16.26,14.46,227,530,11.34,18603.79,726,3480,2,0.1,NaN,NaN,NaN,NaN,NaN,25,5,5,15.36,15.36,13.34,13.35
17:19:33,DECR,14.46,13.4,16.26,14.46,393,537,11.78,18615.57,726,3481,2,0.1,NaN,NaN,NaN,NaN,NaN,25,5,5,15.36,15.36,13.34,13.35
17:19:34,DECR,14.46,13.4,16.26,14.46,460,432,10.64,18626.22,726,3482,2,0.1,NaN,NaN,NaN,NaN,NaN,25,5,5,15.36,15.36,13.34,13.35
17:19:35,DECR,14.46,13.4,16.27,14.46,377,306,12.94,18639.16,726,3483,2,0.1,NaN,NaN,NaN,NaN,NaN,25,5,5,15.36,15.36,13.34,13.35
17:19:36,DECR,14.46,13.4,16.27,14.46,222,287,13.26,18652.42,726,3484,2,0.1,NaN,NaN,NaN,NaN,NaN,25,5,5,15.36,15.36,13.34,13.35
17:19:37,DECR,14.47,13.4,16.27,14.47,165,455,11.11,18663.53,726,3485,2,0.1,NaN,NaN,NaN,NaN,NaN,25,5,5,15.36,15.36,13.34,13.35
17:19:38,DECR,14.47,13.4,16.28,14.47,248,555,10.76,18674.29,726,3486,2,0.1,NaN,NaN,NaN,NaN,NaN,25,5,5,15.36,15.36,13.34,13.35
17:19:39,DECR,14.47,13.4,16.28,14.47,452,462,18.7,18692.99,726,3487,2,0.1,NaN,NaN,NaN,NaN,NaN,25,5,5,15.36,15.36,13.34,13.35
17:19:40,DECR,14.46,13.4,16.28,14.46,438,316,12.89,18705.88,726,3488,2,0.1,NaN,NaN,NaN,NaN,NaN,25,5,5,15.36,15.36,13.34,13.35
17:19:41,DECR,14.46,13.4,16.28,14.46,226,277,19.51,18725.39,726,3489,2,0.1,NaN,NaN,NaN,NaN,NaN,25,5,5,15.36,15.36,13.34,13.35
17:19:42,DECR,14.46,13.4,16.28,14.46,173,418,12.92,18738.3,726,3490,2,0.1,NaN,NaN,NaN,NaN,NaN,25,5,5,15.36,15.36,13.34,13.35
17:19:43,DECR,14.47,13.4,16.29,14.47,184,449,5.47,18743.77,726,3491,2,0.1,NaN,NaN,NaN,NaN,NaN,25,5,5,15.36,15.36,13.34,13.35
17:19:44,DECR,14.47,13.4,16.29,14.47,189,448,2.5,18746.27,726,3492,2,0.1,NaN,NaN,NaN,NaN,NaN,25,5,5,15.36,15.36,13.34,13.35
17:19:45,DECR,14.46,13.4,16.29,14.46,211,474,4.5,18750.77,726,3493,2,0.1,NaN,NaN,NaN,NaN,NaN,25,5,5,15.36,15.36,13.34,13.35
17:19:46,DECR,14.47,13.4,16.3,14.47,193,481,1.75,18752.52,726,3494,2,0.1,NaN,NaN,NaN,NaN,NaN,25,5,5,15.36,15.36,13.34,13.35
17:19:47,DECR,14.47,13.4,16.3,14.47,190,481,1.65,18754.16,726,3495,2,0.1,NaN,NaN,NaN,NaN,NaN,25,5,5,15.36,15.36,13.34,13.35
17:19:48,DECR,14.47,13.4,16.3,14.47,235,496,4.27,18758.43,726,3496,2,0.1,NaN,NaN,NaN,NaN,NaN,25,5,5,15.36,15.36,13.34,13.35
17:19:50,DECR,14.47,13.4,16.3,14.47,265,529,3.94,18762.37,726,3497,2,0.1,NaN,NaN,NaN,NaN,NaN,25,5,5,15.36,15.36,13.34,13.35
17:19:51,DECR,14.47,13.4,16.3,14.47,372,534,8.05,18770.42,726,3498,2,0.1,NaN,NaN,NaN,NaN,NaN,25,5,5,15.36,15.36,13.34,13.35
17:19:52,DECR,14.46,13.4,16.3,14.46,455,462,9.27,18779.69,726,3499,2,0.1,NaN,NaN,NaN,NaN,NaN,25,5,5,15.36,15.36,13.34,13.35
17:19:53,DECR,14.46,13.4,16.3,14.46,489,388,6.66,18786.34,726,3500,2,0.1,NaN,NaN,NaN,NaN,NaN,25,5,5,15.36,15.36,13.34,13.35
17:19:54,DECR,14.46,13.4,16.31,14.46,511,395,1.98,18788.32,726,3501,2,0.1,NaN,NaN,NaN,NaN,NaN,25,5,5,15.36,15.36,13.34,13.35
17:19:55,DECR,14.46,13.4,16.31,14.46,465,387,5.13,18793.45,726,3502,2,0.1,NaN,NaN,NaN,NaN,NaN,25,5,5,15.36,15.36,13.34,13.35
17:19:56,DECR,14.47,13.4,16.32,14.47,393,333,7.8,18801.25,726,3503,2,0.1,NaN,NaN,NaN,NaN,NaN,25,5,5,15.36,15.36,13.34,13.35
17:19:57,DECR,14.47,13.4,16.32,14.47,333,347,5.07,18806.32,726,3504,2,0.1,NaN,NaN,NaN,NaN,NaN,25,5,5,15.36,15.36,13.34,13.35
17:19:58,DECR,14.46,13.4,16.32,14.46,250,361,6.31,18812.63,726,3505,2,0.1,NaN,NaN,NaN,NaN,NaN,25,5,5,15.36,15.36,13.34,13.35
17:19:59,DECR,14.47,13.4,16.33,14.47,191,368,5.36,18817.99,726,3506,2,0.1,NaN,NaN,NaN,NaN,NaN,25,5,5,15.36,15.36,13.34,13.35
17:20:00,DECR,14.46,13.4,16.33,14.46,164,377,4.09,18822.08,726,3507,2,0.1,NaN,NaN,NaN,NaN,NaN,25,5,5,15.36,15.36,13.34,13.35
17:20:01,DECR,14.46,13.4,16.34,14.46,205,299,6.91,18829,726,3508,2,0.1,NaN,NaN,NaN,NaN,NaN,25,5,5,15.36,15.36,13.34,13.35
17:20:02,DECR,14.46,13.4,16.33,14.46,258,270,4.89,18833.88,726,3509,2,0.1,NaN,NaN,NaN,NaN,NaN,25,5,5,15.36,15.36,13.34,13.35
17:20:03,DECR,14.46,13.4,16.34,14.46,266,265,1.31,18835.19,726,3510,2,0.1,NaN,NaN,NaN,NaN,NaN,25,5,5,15.36,15.36,13.34,13.35
17:20:04,DECR,14.46,13.4,16.34,14.46,301,272,2.72,18837.91,726,3511,2,0.1,NaN,NaN,NaN,NaN,NaN,25,5,5,15.36,15.36,13.34,13.35
17:20:05,DECR,14.45,13.4,16.34,14.45,357,292,4.86,18842.78,726,3512,2,0.1,NaN,NaN,NaN,NaN,NaN,25,5,5,15.36,15.36,13.34,13.35
17:20:06,DECR,14.45,13.4,16.36,14.45,418,320,5.61,18848.38,726,3513,2,0.1,NaN,NaN,NaN,NaN,NaN,25,5,5,15.36,15.36,13.34,13.35
17:20:07,DECR,14.45,13.4,16.39,14.45,382,294,6.96,18855.34,726,3514,2,0.1,NaN,NaN,NaN,NaN,NaN,25,5,5,15.36,15.36,13.34,13.35
17:20:08,DECR,14.46,13.4,16.42,14.46,306,268,6.73,18862.08,726,3515,2,0.1,NaN,NaN,NaN,NaN,NaN,25,5,5,15.36,15.36,13.34,13.35
17:20:09,DECR,14.46,13.4,16.43,14.46,262,281,5.59,18867.67,726,3516,2,0.1,NaN,NaN,NaN,NaN,NaN,25,5,5,15.36,15.36,13.34,13.35
17:20:10,DECR,14.46,13.4,16.43,14.46,299,278,2.95,18870.61,726,3517,2,0.1,NaN,NaN,NaN,NaN,NaN,25,5,5,15.36,15.36,13.34,13.35
17:20:11,DECR,14.45,13.4,16.43,14.45,258,282,4.28,18874.89,726,3518,2,0.1,NaN,NaN,NaN,NaN,NaN,25,5,5,15.36,15.36,13.34,13.35
17:20:12,DECR,14.45,13.4,16.46,14.45,208,339,6.53,18881.42,726,3519,2,0.1,NaN,NaN,NaN,NaN,NaN,25,5,5,15.36,15.36,13.34,13.35
17:20:13,DECR,14.46,13.4,16.49,14.46,187,383,4.24,18885.65,726,3520,2,0.1,NaN,NaN,NaN,NaN,NaN,25,5,5,15.36,15.36,13.34,13.35
17:20:14,DECR,14.46,13.4,16.51,14.46,187,416,4.49,18890.14,726,3521,2,0.1,NaN,NaN,NaN,NaN,NaN,25,5,5,15.36,15.36,13.34,13.35
17:20:15,DECR,14.46,13.4,16.51,14.46,200,441,2.7,18892.84,726,3522,2,0.1,NaN,NaN,NaN,NaN,NaN,25,5,5,15.36,15.36,13.34,13.35
17:20:16,DECR,14.45,13.4,16.51,14.45,176,437,3.5,18896.34,726,3523,2,0.1,NaN,NaN,NaN,NaN,NaN,25,5,5,15.36,15.36,13.34,13.35
17:20:17,DECR,14.46,13.4,16.51,14.46,185,449,1.47,18897.82,726,3524,2,0.1,NaN,NaN,NaN,NaN,NaN,25,5,5,15.36,15.36,13.34,13.35
17:20:18,DECR,14.45,13.4,16.51,14.45,204,463,1.16,18898.98,726,3525,2,0.1,NaN,NaN,NaN,NaN,NaN,25,5,5,15.36,15.36,13.34,13.35
17:20:19,DECR,14.46,13.4,16.52,14.46,250,530,5.06,18904.04,726,3526,2,0.1,NaN,NaN,NaN,NaN,NaN,25,5,5,15.36,15.36,13.34,13.35
17:20:20,DECR,14.46,13.4,16.53,14.46,293,540,3.61,18907.64,726,3527,2,0.1,NaN,NaN,NaN,NaN,NaN,25,5,5,15.36,15.36,13.34,13.35
17:20:21,DECR,14.47,13.4,16.53,14.47,461,452,16.46,18924.1,726,3528,2,0.1,NaN,NaN,NaN,NaN,NaN,25,5,5,15.36,15.36,13.34,13.35
17:20:22,DECR,14.47,13.4,16.53,14.47,506,391,5.88,18929.98,726,3529,2,0.1,NaN,NaN,NaN,NaN,NaN,25,5,5,15.36,15.36,13.34,13.35
17:20:23,DECR,14.47,13.4,16.54,14.47,517,400,1.83,18931.81,726,3530,2,0.1,NaN,NaN,NaN,NaN,NaN,25,5,5,15.36,15.36,13.34,13.35
17:20:24,DECR,14.46,13.4,16.54,14.46,477,398,3.81,18935.62,726,3531,2,0.1,NaN,NaN,NaN,NaN,NaN,25,5,5,15.36,15.36,13.34,13.35
17:20:25,DECR,14.46,13.4,16.54,14.46,442,389,5.61,18941.23,726,3532,2,0.1,NaN,NaN,NaN,NaN,NaN,25,5,5,15.36,15.36,13.34,13.35
17:20:26,DECR,14.47,13.4,16.54,14.47,341,334,9.26,18950.49,726,3533,2,0.1,NaN,NaN,NaN,NaN,NaN,25,5,5,15.36,15.36,13.34,13.35
17:20:27,DECR,14.48,13.4,16.55,14.48,230,331,9.06,18959.55,726,3534,2,0.1,NaN,NaN,NaN,NaN,NaN,25,5,5,15.36,15.36,13.34,13.35
17:20:28,DECR,14.47,13.4,16.55,14.47,200,368,4.71,18964.26,726,3535,2,0.1,NaN,NaN,NaN,NaN,NaN,25,5,5,15.36,15.36,13.34,13.35
17:20:29,DECR,14.47,13.4,16.55,14.47,177,404,3.71,18967.97,726,3536,2,0.1,NaN,NaN,NaN,NaN,NaN,25,5,5,15.36,15.36,13.34,13.35
17:20:30,DECR,14.47,13.4,16.55,14.47,265,498,11.43,18979.4,726,3537,2,0.1,NaN,NaN,NaN,NaN,NaN,25,5,5,15.36,15.36,13.34,13.35
17:20:31,DECR,14.47,13.4,16.55,14.47,408,462,11.79,18991.19,726,3538,2,0.1,NaN,NaN,NaN,NaN,NaN,25,5,5,15.36,15.36,13.34,13.35
17:20:32,DECR,14.47,13.4,16.55,14.47,464,369,9.08,19000.28,726,3539,2,0.1,NaN,NaN,NaN,NaN,NaN,25,5,5,15.36,15.36,13.34,13.35
17:20:33,DECR,14.48,13.4,16.56,14.48,411,281,8.64,19008.91,726,3540,2,0.1,NaN,NaN,NaN,NaN,NaN,25,5,5,15.36,15.36,13.34,13.35
17:20:34,DECR,14.47,13.4,16.56,14.47,277,256,11.52,19020.43,726,3541,2,0.1,NaN,NaN,NaN,NaN,NaN,25,5,5,15.36,15.36,13.34,13.35
17:20:35,DECR,14.47,13.4,16.56,14.47,297,399,16.9,19037.34,726,3542,2,0.1,NaN,NaN,NaN,NaN,NaN,25,5,5,15.36,15.36,13.34,13.35
17:20:36,DECR,14.47,13.4,16.56,14.47,409,338,10.39,19047.73,726,3543,2,0.1,NaN,NaN,NaN,NaN,NaN,25,5,5,15.36,15.36,13.34,13.35
17:20:38,DECR,14.47,13.4,16.57,14.47,355,276,6.33,19054.06,726,3544,2,0.1,NaN,NaN,NaN,NaN,NaN,25,5,5,15.36,15.36,13.34,13.35
17:20:39,DECR,14.47,13.4,16.57,14.47,240,275,9.76,19063.81,726,3545,2,0.1,NaN,NaN,NaN,NaN,NaN,25,5,5,15.36,15.36,13.34,13.35
17:20:40,DECR,14.47,13.4,16.57,14.47,222,429,16.33,19080.14,726,3546,2,0.1,NaN,NaN,NaN,NaN,NaN,25,5,5,15.36,15.36,13.34,13.35
17:20:41,DECR,14.47,13.4,16.57,14.47,393,405,13.53,19093.67,726,3547,2,0.1,NaN,NaN,NaN,NaN,NaN,25,5,5,15.36,15.36,13.34,13.35
17:20:42,DECR,14.47,13.4,16.57,14.47,490,389,8.16,19101.83,726,3548,2,0.1,NaN,NaN,NaN,NaN,NaN,25,5,5,15.36,15.36,13.34,13.35
17:20:43,DECR,14.47,13.4,16.57,14.47,524,401,3.14,19104.97,726,3549,2,0.1,NaN,NaN,NaN,NaN,NaN,25,5,5,15.36,15.36,13.34,13.35
17:20:44,INCR,16.57,13.4,16.57,14.47,584,391,4.25,19109.22,727,3549,2,0.1,NaN,NaN,NaN,NaN,NaN,25,5,5,15.36,15.36,13.43,13.36
17:20:45,INCR,16.57,13.4,16.57,14.46,684,353,8.71,19117.93,728,3549,2,0.1,NaN,NaN,NaN,NaN,NaN,25,5,5,15.36,15.36,13.43,13.36
17:20:46,INCR,16.57,13.4,16.57,14.46,798,334,9.48,19127.41,729,3549,2,0.1,NaN,NaN,NaN,NaN,NaN,25,5,5,15.36,15.36,13.43,13.36
17:20:47,INCR,16.57,13.4,16.57,14.46,872,374,7.02,19134.42,730,3549,2,0.1,NaN,NaN,NaN,NaN,NaN,25,5,5,15.36,15.36,13.43,13.36
17:20:48,INCR,16.57,13.4,16.57,14.46,903,377,4.86,19139.29,731,3549,2,0.1,NaN,NaN,NaN,NaN,NaN,25,5,5,15.36,15.36,13.43,13.36
17:20:49,INCR,16.58,13.4,16.58,14.46,891,336,3.66,19142.95,732,3549,2,0.1,NaN,NaN,NaN,NaN,NaN,25,5,5,15.36,15.36,13.43,13.36
17:20:50,INCR,16.58,13.4,16.58,14.46,863,299,3.96,19146.91,733,3549,2,0.1,NaN,NaN,NaN,NaN,NaN,25,5,5,15.36,15.36,13.43,13.36
17:20:51,INCR,16.58,13.4,16.58,14.46,831,288,2.87,19149.78,734,3549,2,0.1,NaN,NaN,NaN,NaN,NaN,25,5,5,15.36,15.36,13.43,13.36
17:20:52,INCR,16.57,13.4,16.57,14.46,829,283,1.51,19151.29,735,3549,2,0.1,NaN,NaN,NaN,NaN,NaN,25,5,5,15.36,15.36,13.43,13.36
17:20:53,INCR,16.58,13.4,16.58,14.46,818,303,2.42,19153.71,736,3549,2,0.1,NaN,NaN,NaN,NaN,NaN,25,5,5,15.36,15.36,13.43,13.36
17:20:54,INCR,16.58,13.4,16.58,14.45,760,365,6.53,19160.24,737,3549,2,0.1,NaN,NaN,NaN,NaN,NaN,25,5,5,15.36,15.36,13.43,13.36
17:20:55,INCR,16.58,13.4,16.58,14.45,774,477,8.75,19168.99,738,3549,2,0.1,NaN,NaN,NaN,NaN,NaN,25,5,5,15.36,15.36,13.43,13.36
17:20:56,INCR,16.57,13.4,16.57,14.44,772,522,3.87,19172.86,739,3549,2,0.1,NaN,NaN,NaN,NaN,NaN,25,5,5,15.36,15.36,13.43,13.36
17:20:57,INCR,16.57,13.4,16.57,14.44,768,545,2.19,19175.05,740,3549,2,0.1,NaN,NaN,NaN,NaN,NaN,25,5,5,15.36,15.36,13.43,13.36
17:20:58,INCR,16.57,13.4,16.57,14.44,826,528,5.17,19180.22,741,3549,2,0.1,NaN,NaN,NaN,NaN,NaN,25,5,5,15.36,15.36,13.43,13.36
17:20:59,INCR,16.57,13.4,16.57,14.44,861,501,3.15,19183.37,742,3549,2,0.1,NaN,NaN,NaN,NaN,NaN,25,5,5,15.36,15.36,13.43,13.36
17:21:00,INCR,16.56,13.4,16.56,14.43,888,485,3.05,19186.42,743,3549,2,0.1,NaN,NaN,NaN,NaN,NaN,25,5,5,15.36,15.36,13.43,13.36
17:21:01,INCR,16.56,13.4,16.56,14.42,869,326,13.15,19199.57,744,3549,2,0.1,NaN,NaN,NaN,NaN,NaN,25,5,5,15.36,15.36,13.43,13.36
17:21:02,INCR,16.56,13.4,16.56,14.42,815,271,6.71,19206.28,745,3549,2,0.1,NaN,NaN,NaN,NaN,NaN,25,5,5,15.36,15.36,13.43,13.36
17:21:03,INCR,16.56,13.4,16.56,14.43,784,267,2.56,19208.84,746,3549,2,0.1,NaN,NaN,NaN,NaN,NaN,25,5,5,15.36,15.36,13.43,13.36
17:21:04,INCR,16.56,13.4,16.56,14.43,777,292,2.51,19211.35,747,3549,2,0.1,NaN,NaN,NaN,NaN,NaN,25,5,5,15.36,15.36,13.43,13.36
17:21:05,INCR,16.56,13.4,16.56,14.44,772,336,2.19,19213.54,748,3549,2,0.1,NaN,NaN,NaN,NaN,NaN,25,5,5,15.36,15.36,13.43,13.36
17:21:06,INCR,16.56,13.4,16.56,14.44,744,435,8.42,19221.96,749,3549,2,0.1,NaN,NaN,NaN,NaN,NaN,25,5,5,15.36,15.36,13.43,13.36
17:21:07,INCR,16.56,13.4,16.56,14.43,750,494,4.99,19226.95,750,3549,2,0.1,NaN,NaN,NaN,NaN,NaN,25,5,5,15.36,15.36,13.43,13.36
17:21:08,INCR,16.56,13.4,16.56,14.43,793,537,5.06,19232.01,751,3549,2,0.1,NaN,NaN,NaN,NaN,NaN,25,5,5,15.36,15.36,13.43,13.36
17:21:09,INCR,16.56,13.4,16.56,14.44,825,515,3.12,19235.13,752,3549,2,0.1,NaN,NaN,NaN,NaN,NaN,25,5,5,15.36,15.36,13.43,13.36
17:21:10,INCR,16.56,13.4,16.56,14.44,827,516,1.1,19236.23,753,3549,2,0.1,NaN,NaN,NaN,NaN,NaN,25,5,5,15.36,15.36,13.43,13.36
17:21:11,INCR,16.56,13.4,16.56,14.44,785,517,3.52,19239.75,754,3549,2,0.1,NaN,NaN,NaN,NaN,NaN,25,5,5,15.36,15.36,13.43,13.36
17:21:12,INCR,16.56,13.4,16.56,14.46,734,523,4.32,19244.07,755,3549,2,0.1,NaN,NaN,NaN,NaN,NaN,25,5,5,15.36,15.36,13.43,13.36
17:21:13,INCR,16.57,13.4,16.57,14.49,673,483,5.82,19249.88,756,3549,2,0.1,NaN,NaN,NaN,NaN,NaN,25,5,5,15.36,15.36,13.43,13.36
17:21:14,INCR,16.57,13.4,16.57,14.51,613,418,7,19256.89,757,3549,2,0.1,NaN,NaN,NaN,NaN,NaN,25,5,5,15.36,15.36,13.43,13.36
17:21:15,INCR,16.57,13.4,16.57,14.52,574,390,4.31,19261.2,758,3549,2,0.1,NaN,NaN,NaN,NaN,NaN,25,5,5,15.36,15.36,13.43,13.36
17:21:16,INCR,16.57,13.4,16.57,14.52,551,397,2.05,19263.25,759,3549,2,0.1,NaN,NaN,NaN,NaN,NaN,25,5,5,15.36,15.36,13.43,13.36
17:21:17,DECR,14.54,13.4,16.57,14.54,505,391,3.94,19267.19,759,3550,2,0.1,NaN,NaN,NaN,NaN,NaN,25,5,5,15.45,15.39,13.43,13.36
17:21:18,DECR,14.57,13.4,16.57,14.57,421,358,7.46,19274.65,759,3551,2,0.1,NaN,NaN,NaN,NaN,NaN,25,5,5,15.45,15.39,13.43,13.36
17:21:19,DECR,14.59,13.4,16.57,14.59,435,432,8.45,19283.1,759,3552,2,0.1,NaN,NaN,NaN,NaN,NaN,25,5,5,15.45,15.39,13.43,13.36
17:21:21,DECR,14.61,13.4,16.57,14.61,462,410,2.88,19285.97,759,3553,2,0.1,NaN,NaN,NaN,NaN,NaN,25,5,5,15.45,15.39,13.43,13.36
17:21:22,DECR,14.64,13.4,16.58,14.64,531,390,5.75,19291.72,759,3554,2,0.1,NaN,NaN,NaN,NaN,NaN,25,5,5,15.45,15.39,13.43,13.36
17:21:23,INCR,16.58,13.4,16.58,14.67,646,375,8.49,19300.21,760,3554,2,0.1,NaN,NaN,NaN,NaN,NaN,25,5,5,15.45,15.39,13.51,13.38
17:21:24,INCR,16.59,13.4,16.59,14.7,756,386,9.07,19309.28,761,3554,2,0.1,NaN,NaN,NaN,NaN,NaN,25,5,5,15.45,15.39,13.51,13.38
17:21:25,INCR,16.59,13.4,16.59,14.7,770,454,5.95,19315.23,762,3554,2,0.1,NaN,NaN,NaN,NaN,NaN,25,5,5,15.45,15.39,13.51,13.38
17:21:26,INCR,16.6,13.4,16.6,14.71,773,506,4.53,19319.76,763,3554,2,0.1,NaN,NaN,NaN,NaN,NaN,25,5,5,15.45,15.39,13.51,13.38
17:21:27,INCR,16.6,13.4,16.6,14.73,772,529,3.05,19322.81,764,3554,2,0.1,NaN,NaN,NaN,NaN,NaN,25,5,5,15.45,15.39,13.51,13.38
17:21:28,INCR,16.6,13.4,16.6,14.76,742,519,3.02,19325.83,765,3554,2,0.1,NaN,NaN,NaN,NaN,NaN,25,5,5,15.45,15.39,13.51,13.38
17:21:29,INCR,16.61,13.4,16.61,14.78,677,480,6.42,19332.25,766,3554,2,0.1,NaN,NaN,NaN,NaN,NaN,25,5,5,15.45,15.39,13.51,13.38
17:21:30,INCR,16.63,13.4,16.63,14.79,635,363,10.56,19342.81,767,3554,2,0.1,NaN,NaN,NaN,NaN,NaN,25,5,5,15.45,15.39,13.51,13.38
17:21:31,INCR,16.66,13.4,16.66,14.79,682,278,8.24,19351.05,768,3554,2,0.1,NaN,NaN,NaN,NaN,NaN,25,5,5,15.45,15.39,13.51,13.38
17:21:32,INCR,16.68,13.4,16.68,14.81,885,327,18.11,19369.16,769,3554,2,0.1,NaN,NaN,NaN,NaN,NaN,25,5,5,15.45,15.39,13.51,13.38
17:21:33,INCR,16.68,13.4,16.68,14.83,894,458,10.54,19379.71,770,3554,2,0.1,NaN,NaN,NaN,NaN,NaN,25,5,5,15.45,15.39,13.51,13.38
17:21:34,INCR,16.68,13.4,16.68,14.86,806,530,9.35,19389.06,771,3554,2,0.1,NaN,NaN,NaN,NaN,NaN,25,5,5,15.45,15.39,13.51,13.38
17:21:35,INCR,16.69,13.4,16.69,14.87,621,485,16.77,19405.83,772,3554,2,0.1,NaN,NaN,NaN,NaN,NaN,25,5,5,15.45,15.39,13.51,13.38
17:21:36,INCR,16.69,13.4,16.69,14.87,663,291,17.84,19423.67,773,3554,2,0.1,NaN,NaN,NaN,NaN,NaN,25,5,5,15.45,15.39,13.51,13.38
17:21:37,INCR,16.69,13.4,16.69,14.87,902,379,24.87,19448.55,774,3554,2,0.1,NaN,NaN,NaN,NaN,NaN,25,5,5,15.45,15.39,13.51,13.38
17:21:38,INCR,16.7,13.4,16.7,14.88,878,500,9.83,19458.37,775,3554,2,0.1,NaN,NaN,NaN,NaN,NaN,25,5,5,15.45,15.39,13.51,13.38
17:21:39,INCR,16.71,13.4,16.71,14.88,835,548,5.37,19463.74,776,3554,2,0.1,NaN,NaN,NaN,NaN,NaN,25,5,5,15.45,15.39,13.51,13.38
17:21:40,INCR,16.74,13.4,16.74,14.89,724,550,9.13,19472.87,777,3554,2,0.1,NaN,NaN,NaN,NaN,NaN,25,5,5,15.45,15.39,13.51,13.38
17:21:41,INCR,16.77,13.4,16.77,14.89,666,504,6.19,19479.06,778,3554,2,0.1,NaN,NaN,NaN,NaN,NaN,25,5,5,15.45,15.39,13.51,13.38
17:21:42,INCR,16.78,13.4,16.78,14.89,614,419,8.2,19487.26,779,3554,2,0.1,NaN,NaN,NaN,NaN,NaN,25,5,5,15.45,15.39,13.51,13.38
17:21:43,INCR,16.79,13.4,16.79,14.89,664,300,10.68,19497.94,780,3554,2,0.1,NaN,NaN,NaN,NaN,NaN,25,5,5,15.45,15.39,13.51,13.38
17:21:44,INCR,16.79,13.4,16.79,14.89,741,259,7.14,19505.08,781,3554,2,0.1,NaN,NaN,NaN,NaN,NaN,25,5,5,15.45,15.39,13.51,13.38
17:21:45,INCR,16.79,13.4,16.79,14.9,868,312,12.16,19517.24,782,3554,2,0.1,NaN,NaN,NaN,NaN,NaN,25,5,5,15.45,15.39,13.51,13.38
17:21:46,INCR,16.79,13.4,16.79,14.9,867,443,0,19517.24,783,3554,2,0.1,NaN,NaN,NaN,NaN,NaN,25,5,5,15.45,15.39,13.51,13.38
17:21:47,INCR,16.79,13.4,16.79,14.9,772,461,8.03,19525.27,784,3554,2,0.1,NaN,NaN,NaN,NaN,NaN,25,5,5,15.45,15.39,13.51,13.38
17:21:48,INCR,16.79,13.4,16.79,14.9,709,404,6.84,19532.12,785,3554,2,0.1,NaN,NaN,NaN,NaN,NaN,25,5,5,15.45,15.39,13.51,13.38
17:21:49,INCR,16.8,13.4,16.8,14.9,729,317,6.94,19539.05,786,3554,2,0.1,NaN,NaN,NaN,NaN,NaN,25,5,5,15.45,15.39,13.51,13.38
17:21:50,INCR,16.81,13.4,16.81,14.91,779,284,5.18,19544.23,787,3554,2,0.1,NaN,NaN,NaN,NaN,NaN,25,5,5,15.45,15.39,13.51,13.38
17:21:51,INCR,16.81,13.4,16.81,14.91,837,310,5.22,19549.45,788,3554,2,0.1,NaN,NaN,NaN,NaN,NaN,25,5,5,15.45,15.39,13.51,13.38
17:21:52,INCR,16.81,13.4,16.81,14.92,881,379,6.75,19556.2,789,3554,2,0.1,NaN,NaN,NaN,NaN,NaN,25,5,5,15.45,15.39,13.51,13.38
17:21:53,INCR,16.81,13.4,16.81,14.92,882,408,2.62,19558.82,790,3554,2,0.1,NaN,NaN,NaN,NaN,NaN,25,5,5,15.45,15.39,13.51,13.38
17:21:54,INCR,16.81,13.4,16.81,14.92,902,412,4.67,19563.49,791,3554,2,0.1,NaN,NaN,NaN,NaN,NaN,25,5,5,15.45,15.39,13.51,13.38
17:21:55,INCR,16.81,13.4,16.81,14.92,899,360,4.35,19567.84,792,3554,2,0.1,NaN,NaN,NaN,NaN,NaN,25,5,5,15.45,15.39,13.51,13.38
17:21:56,INCR,16.82,13.4,16.82,14.93,890,340,1.84,19569.69,793,3554,2,0.1,NaN,NaN,NaN,NaN,NaN,25,5,5,15.45,15.39,13.51,13.38
17:21:57,INCR,16.81,13.4,16.81,14.93,891,344,0.9,19570.58,794,3554,2,0.1,NaN,NaN,NaN,NaN,NaN,25,5,5,15.45,15.39,13.51,13.38
17:21:58,INCR,16.82,13.4,16.82,14.93,882,328,2.32,19572.9,795,3554,2,0.1,NaN,NaN,NaN,NaN,NaN,25,5,5,15.45,15.39,13.51,13.38
17:21:59,INCR,16.82,13.4,16.82,14.93,887,317,2.01,19574.91,796,3554,2,0.1,NaN,NaN,NaN,NaN,NaN,25,5,5,15.45,15.39,13.51,13.38
17:22:01,INCR,16.82,13.4,16.82,14.93,889,322,0.78,19575.69,797,3554,2,0.1,NaN,NaN,NaN,NaN,NaN,25,5,5,15.45,15.39,13.51,13.38
17:22:02,INCR,16.82,13.4,16.82,14.94,885,329,0.75,19576.45,798,3554,2,0.1,NaN,NaN,NaN,NaN,NaN,25,5,5,15.45,15.39,13.51,13.38
17:22:03,INCR,16.82,13.4,16.82,14.94,872,320,2.44,19578.89,799,3554,2,0.1,NaN,NaN,NaN,NaN,NaN,25,5,5,15.45,15.39,13.51,13.38
17:22:04,INCR,16.82,13.4,16.82,14.94,768,351,8.58,19587.47,800,3554,2,0.1,NaN,NaN,NaN,NaN,NaN,25,5,5,15.45,15.39,13.51,13.38
17:22:05,INCR,16.82,13.4,16.82,14.94,715,339,4.54,19592,801,3554,2,0.1,NaN,NaN,NaN,NaN,NaN,25,5,5,15.45,15.39,13.51,13.38
17:22:06,INCR,16.82,13.4,16.82,14.94,650,344,5.46,19597.46,802,3554,2,0.1,NaN,NaN,NaN,NaN,NaN,25,5,5,15.45,15.39,13.51,13.38
17:22:07,INCR,16.82,13.4,16.82,14.95,626,338,2.71,19600.18,803,3554,2,0.1,NaN,NaN,NaN,NaN,NaN,25,5,5,15.45,15.39,13.51,13.38
17:22:08,INCR,16.82,13.4,16.82,14.95,652,341,2.36,19602.54,804,3554,2,0.1,NaN,NaN,NaN,NaN,NaN,25,5,5,15.45,15.39,13.51,13.38
17:22:09,INCR,16.82,13.4,16.82,14.95,747,446,11.78,19614.32,805,3554,2,0.1,NaN,NaN,NaN,NaN,NaN,25,5,5,15.45,15.39,13.51,13.38
17:22:10,INCR,16.81,13.4,16.81,14.95,794,480,4.82,19619.13,806,3554,2,0.1,NaN,NaN,NaN,NaN,NaN,25,5,5,15.45,15.39,13.51,13.38
17:22:11,INCR,16.81,13.4,16.81,14.95,751,518,4.02,19623.16,807,3554,2,0.1,NaN,NaN,NaN,NaN,NaN,25,5,5,15.45,15.39,13.51,13.38
17:22:12,INCR,16.81,13.4,16.81,14.95,683,494,6.63,19629.78,808,3554,2,0.1,NaN,NaN,NaN,NaN,NaN,25,5,5,15.45,15.39,13.51,13.38
17:22:13,INCR,16.81,13.4,16.81,14.95,646,475,4.35,19634.13,809,3554,2,0.1,NaN,NaN,NaN,NaN,NaN,25,5,5,15.45,15.39,13.51,13.38
17:22:14,INCR,16.81,13.4,16.81,14.95,641,493,1.52,19635.65,810,3554,2,0.1,NaN,NaN,NaN,NaN,NaN,25,5,5,15.45,15.39,13.51,13.38
17:22:15,INCR,16.8,13.4,16.8,14.95,662,486,2.96,19638.62,811,3554,2,0.1,NaN,NaN,NaN,NaN,NaN,25,5,5,15.45,15.39,13.51,13.38
17:22:16,INCR,16.8,13.4,16.8,14.96,653,475,1.31,19639.92,812,3554,2,0.1,NaN,NaN,NaN,NaN,NaN,25,5,5,15.45,15.39,13.51,13.38
17:22:17,INCR,16.8,13.4,16.8,14.96,639,437,3.61,19643.54,813,3554,2,0.1,NaN,NaN,NaN,NaN,NaN,25,5,5,15.45,15.39,13.51,13.38
17:22:18,INCR,16.8,13.4,16.8,14.96,751,345,10.95,19654.48,814,3554,2,0.1,NaN,NaN,NaN,NaN,NaN,25,5,5,15.45,15.39,13.51,13.38
17:22:19,INCR,16.8,13.4,16.8,14.96,844,328,7.82,19662.31,815,3554,2,0.1,NaN,NaN,NaN,NaN,NaN,25,5,5,15.45,15.39,13.51,13.38
17:22:20,INCR,16.79,13.4,16.79,14.96,872,311,3.29,19665.59,816,3554,2,0.1,NaN,NaN,NaN,NaN,NaN,25,5,5,15.45,15.39,13.51,13.38
17:22:21,INCR,16.79,13.4,16.79,14.96,844,289,3.01,19668.6,817,3554,2,0.1,NaN,NaN,NaN,NaN,NaN,25,5,5,15.45,15.39,13.51,13.38
17:22:22,INCR,16.79,13.4,16.79,14.96,841,289,0.36,19668.96,818,3554,2,0.1,NaN,NaN,NaN,NaN,NaN,25,5,5,15.45,15.39,13.51,13.38
17:22:23,INCR,16.78,13.4,16.78,14.96,850,296,0.81,19669.77,819,3554,2,0.1,NaN,NaN,NaN,NaN,NaN,25,5,5,15.45,15.39,13.51,13.38
17:22:24,INCR,16.78,13.4,16.78,14.97,853,303,0.47,19670.24,820,3554,2,0.1,NaN,NaN,NaN,NaN,NaN,25,5,5,15.45,15.39,13.51,13.38
17:22:25,INCR,16.77,13.4,16.77,14.97,862,312,0.53,19670.76,821,3554,2,0.1,NaN,NaN,NaN,NaN,NaN,25,5,5,15.45,15.39,13.51,13.38
17:22:26,INCR,16.77,13.4,16.77,14.97,870,332,1.8,19672.57,822,3554,2,0.1,NaN,NaN,NaN,NaN,NaN,25,5,5,15.45,15.39,13.51,13.38
17:22:27,INCR,16.77,13.4,16.77,14.97,881,348,1.58,19674.15,823,3554,2,0.1,NaN,NaN,NaN,NaN,NaN,25,5,5,15.45,15.39,13.51,13.38
17:22:28,INCR,16.76,13.4,16.76,14.97,882,376,2.35,19676.5,824,3554,2,0.1,NaN,NaN,NaN,NaN,NaN,25,5,5,15.45,15.39,13.51,13.38
17:22:29,INCR,16.76,13.4,16.76,14.96,869,402,2.49,19678.99,825,3554,2,0.1,NaN,NaN,NaN,NaN,NaN,25,5,5,15.45,15.39,13.51,13.38
17:22:30,INCR,16.74,13.4,16.74,14.97,888,396,3.14,19682.13,826,3554,2,0.1,NaN,NaN,NaN,NaN,NaN,25,5,5,15.45,15.39,13.51,13.38
17:22:31,INCR,16.72,13.4,16.72,14.98,895,430,2.69,19684.82,827,3554,2,0.1,NaN,NaN,NaN,NaN,NaN,25,5,5,15.45,15.39,13.51,13.38
17:22:32,INCR,16.69,13.4,16.69,14.97,890,436,1.44,19686.26,828,3554,2,0.1,NaN,NaN,NaN,NaN,NaN,25,5,5,15.45,15.39,13.51,13.38
17:22:33,INCR,16.68,13.4,16.68,14.97,905,422,1.55,19687.82,829,3554,2,0.1,NaN,NaN,NaN,NaN,NaN,25,5,5,15.45,15.39,13.51,13.38
17:22:34,INCR,16.68,13.4,16.68,14.97,910,379,3.66,19691.48,830,3554,2,0.1,NaN,NaN,NaN,NaN,NaN,25,5,5,15.45,15.39,13.51,13.38
17:22:35,INCR,16.68,13.4,16.68,14.97,890,371,2.1,19693.58,831,3554,2,0.1,NaN,NaN,NaN,NaN,NaN,25,5,5,15.45,15.39,13.51,13.38
17:22:36,INCR,16.68,13.4,16.68,14.97,883,375,1.06,19694.63,832,3554,2,0.1,NaN,NaN,NaN,NaN,NaN,25,5,5,15.45,15.39,13.51,13.38
17:22:37,INCR,16.68,13.4,16.68,14.97,889,381,0.6,19695.23,833,3554,2,0.1,NaN,NaN,NaN,NaN,NaN,25,5,5,15.45,15.39,13.51,13.38
17:22:38,INCR,16.67,13.4,16.67,14.98,906,380,3.58,19698.81,834,3554,2,0.1,NaN,NaN,NaN,NaN,NaN,25,5,5,15.45,15.39,13.51,13.38
17:22:39,INCR,16.68,13.4,16.68,14.98,869,399,4.21,19703.02,835,3554,2,0.1,NaN,NaN,NaN,NaN,NaN,25,5,5,15.45,15.39,13.51,13.38
17:22:40,INCR,16.67,13.4,16.67,14.98,849,522,11.2,19714.22,836,3554,2,0.1,NaN,NaN,NaN,NaN,NaN,25,5,5,15.45,15.39,13.51,13.38
17:22:41,INCR,16.67,13.4,16.67,14.97,873,400,10.94,19725.16,837,3554,2,0.1,NaN,NaN,NaN,NaN,NaN,25,5,5,15.45,15.39,13.51,13.38
17:22:42,INCR,16.67,13.4,16.67,14.97,867,363,2.95,19728.11,838,3554,2,0.1,NaN,NaN,NaN,NaN,NaN,25,5,5,15.45,15.39,13.51,13.38
17:22:43,INCR,16.66,13.4,16.66,14.97,880,357,1.16,19729.27,839,3554,2,0.1,NaN,NaN,NaN,NaN,NaN,25,5,5,15.45,15.39,13.51,13.38
17:22:44,INCR,16.66,13.4,16.66,14.97,891,372,1.65,19730.91,840,3554,2,0.1,NaN,NaN,NaN,NaN,NaN,25,5,5,15.45,15.39,13.51,13.38
17:22:45,INCR,16.65,13.4,16.65,14.97,896,388,1.39,19732.3,841,3554,2,0.1,NaN,NaN,NaN,NaN,NaN,25,5,5,15.45,15.39,13.51,13.38
17:22:46,INCR,16.65,13.4,16.65,14.97,892,412,2.45,19734.75,842,3554,2,0.1,NaN,NaN,NaN,NaN,NaN,25,5,5,15.45,15.39,13.51,13.38
17:22:47,INCR,16.65,13.4,16.65,14.97,883,404,1.7,19736.44,843,3554,2,0.1,NaN,NaN,NaN,NaN,NaN,25,5,5,15.45,15.39,13.51,13.38
17:22:48,INCR,16.65,13.4,16.65,14.97,888,392,1.46,19737.91,844,3554,2,0.1,NaN,NaN,NaN,NaN,NaN,25,5,5,15.45,15.39,13.51,13.38
17:22:49,INCR,16.64,13.4,16.64,14.96,910,389,2.24,19740.14,845,3554,2,0.1,NaN,NaN,NaN,NaN,NaN,25,5,5,15.45,15.39,13.51,13.38
17:22:50,INCR,16.64,13.4,16.64,14.97,908,392,2.56,19742.7,846,3554,2,0.1,NaN,NaN,NaN,NaN,NaN,25,5,5,15.45,15.39,13.51,13.38
17:22:51,INCR,16.64,13.4,16.64,14.97,894,381,1.99,19744.7,847,3554,2,0.1,NaN,NaN,NaN,NaN,NaN,25,5,5,15.45,15.39,13.51,13.38
17:22:53,INCR,16.63,13.4,16.63,14.96,898,371,0.87,19745.56,848,3554,2,0.1,NaN,NaN,NaN,NaN,NaN,25,5,5,15.45,15.39,13.51,13.38
17:22:54,INCR,16.63,13.4,16.63,14.95,890,354,1.61,19747.17,849,3554,2,0.1,NaN,NaN,NaN,NaN,NaN,25,5,5,15.45,15.39,13.51,13.38
17:22:55,INCR,16.63,13.4,16.63,14.95,889,338,1.32,19748.49,850,3554,2,0.1,NaN,NaN,NaN,NaN,NaN,25,5,5,15.45,15.39,13.51,13.38
17:22:56,INCR,16.63,13.4,16.63,14.95,878,317,1.8,19750.29,851,3554,2,0.1,NaN,NaN,NaN,NaN,NaN,25,5,5,15.45,15.39,13.51,13.38
17:22:57,INCR,16.63,13.4,16.63,14.95,863,298,1.96,19752.25,852,3554,2,0.1,NaN,NaN,NaN,NaN,NaN,25,5,5,15.45,15.39,13.51,13.38
17:22:58,INCR,16.63,13.4,16.63,14.95,842,277,2.81,19755.06,853,3554,2,0.1,NaN,NaN,NaN,NaN,NaN,25,5,5,15.45,15.39,13.51,13.38
17:22:59,INCR,16.63,13.4,16.63,14.94,821,270,1.98,19757.05,854,3554,2,0.1,NaN,NaN,NaN,NaN,NaN,25,5,5,15.45,15.39,13.51,13.38
17:23:00,INCR,16.63,13.4,16.63,14.94,815,265,1.22,19758.27,855,3554,2,0.1,NaN,NaN,NaN,NaN,NaN,25,5,5,15.45,15.39,13.51,13.38
17:23:01,INCR,16.63,13.4,16.63,14.95,811,261,1.25,19759.52,856,3554,2,0.1,NaN,NaN,NaN,NaN,NaN,25,5,5,15.45,15.39,13.51,13.38
17:23:02,INCR,16.63,13.4,16.63,14.94,786,288,4.08,19763.6,857,3554,2,0.1,NaN,NaN,NaN,NaN,NaN,25,5,5,15.45,15.39,13.51,13.38
17:23:03,INCR,16.63,13.4,16.63,14.94,771,348,5.06,19768.66,858,3554,2,0.1,NaN,NaN,NaN,NaN,NaN,25,5,5,15.45,15.39,13.51,13.38
17:23:04,INCR,16.63,13.4,16.63,14.91,758,463,9.54,19778.2,859,3554,2,0.1,NaN,NaN,NaN,NaN,NaN,25,5,5,15.45,15.39,13.51,13.38
17:23:05,INCR,16.63,13.41,16.63,14.89,780,540,7.29,19785.5,860,3554,2,0.1,NaN,NaN,NaN,NaN,NaN,25,5,5,15.45,15.39,13.51,13.38
17:23:06,INCR,16.62,13.41,16.62,14.86,861,505,6.83,19792.33,861,3554,2,0.1,NaN,NaN,NaN,NaN,NaN,25,5,5,15.45,15.39,13.51,13.38
17:23:07,INCR,16.62,13.41,16.62,14.85,883,322,16.75,19809.08,862,3554,2,0.1,NaN,NaN,NaN,NaN,NaN,25,5,5,15.45,15.39,13.51,13.38
17:23:08,INCR,16.62,13.41,16.62,14.85,852,289,3.8,19812.88,863,3554,2,0.1,NaN,NaN,NaN,NaN,NaN,25,5,5,15.45,15.39,13.51,13.38
17:23:09,INCR,16.62,13.41,16.62,14.85,856,294,0.59,19813.47,864,3554,2,0.1,NaN,NaN,NaN,NaN,NaN,25,5,5,15.45,15.39,13.51,13.38
17:23:10,INCR,16.63,13.41,16.63,14.85,862,305,1.34,19814.8,865,3554,2,0.1,NaN,NaN,NaN,NaN,NaN,25,5,5,15.45,15.39,13.51,13.38
17:23:11,INCR,16.63,13.41,16.63,14.85,873,326,1.93,19816.73,866,3554,2,0.1,NaN,NaN,NaN,NaN,NaN,25,5,5,15.45,15.39,13.51,13.38
17:23:12,INCR,16.64,13.41,16.64,14.85,791,379,8.43,19825.16,867,3554,2,0.1,NaN,NaN,NaN,NaN,NaN,25,5,5,15.45,15.39,13.51,13.38
17:23:13,INCR,16.63,13.41,16.63,14.84,714,502,11.86,19837.02,868,3554,2,0.1,NaN,NaN,NaN,NaN,NaN,25,5,5,15.45,15.39,13.51,13.38
17:23:14,INCR,16.64,13.41,16.64,14.84,747,547,5.47,19842.49,869,3554,2,0.1,NaN,NaN,NaN,NaN,NaN,25,5,5,15.45,15.39,13.51,13.38
17:23:15,INCR,16.63,13.41,16.63,14.83,798,548,4.01,19846.5,870,3554,2,0.1,NaN,NaN,NaN,NaN,NaN,25,5,5,15.45,15.39,13.51,13.38
17:23:16,INCR,16.64,13.41,16.64,14.83,839,520,4.14,19850.63,871,3554,2,0.1,NaN,NaN,NaN,NaN,NaN,25,5,5,15.45,15.39,13.51,13.38
17:23:17,INCR,16.65,13.41,16.65,14.83,848,509,1.07,19851.7,872,3554,2,0.1,NaN,NaN,NaN,NaN,NaN,25,5,5,15.45,15.39,13.51,13.38
17:23:18,INCR,16.65,13.41,16.65,14.83,852,516,0.92,19852.62,873,3554,2,0.1,NaN,NaN,NaN,NaN,NaN,25,5,5,15.45,15.39,13.51,13.38
17:23:19,INCR,16.65,13.41,16.65,14.83,839,528,1.46,19854.09,874,3554,2,0.1,NaN,NaN,NaN,NaN,NaN,25,5,5,15.45,15.39,13.51,13.38
17:23:20,INCR,16.65,13.41,16.65,14.83,820,545,2.22,19856.31,875,3554,2,0.1,NaN,NaN,NaN,NaN,NaN,25,5,5,15.45,15.39,13.51,13.38
17:23:21,INCR,16.65,13.41,16.65,14.83,804,529,3.32,19859.63,876,3554,2,0.1,NaN,NaN,NaN,NaN,NaN,25,5,5,15.45,15.39,13.51,13.38
17:23:22,INCR,16.66,13.41,16.66,14.83,800,464,5.54,19865.16,877,3554,2,0.1,NaN,NaN,NaN,NaN,NaN,25,5,5,15.45,15.39,13.51,13.38
17:23:23,INCR,16.66,13.41,16.66,14.83,834,405,5.6,19870.77,878,3554,2,0.1,NaN,NaN,NaN,NaN,NaN,25,5,5,15.45,15.39,13.51,13.38
17:23:24,INCR,16.66,13.41,16.66,14.82,865,357,5.69,19876.46,879,3554,2,0.1,NaN,NaN,NaN,NaN,NaN,25,5,5,15.45,15.39,13.51,13.38
17:23:25,INCR,16.67,13.41,16.67,14.82,814,271,9.03,19885.49,880,3554,2,0.1,NaN,NaN,NaN,NaN,NaN,25,5,5,15.45,15.39,13.51,13.38
17:23:26,INCR,16.67,13.41,16.67,14.82,805,264,1.82,19887.3,881,3554,2,0.1,NaN,NaN,NaN,NaN,NaN,25,5,5,15.45,15.39,13.51,13.38
17:23:27,INCR,16.67,13.41,16.67,14.82,824,277,1.89,19889.2,882,3554,2,0.1,NaN,NaN,NaN,NaN,NaN,25,5,5,15.45,15.39,13.51,13.38
17:23:28,INCR,16.68,13.41,16.68,14.82,855,306,3.47,19892.67,883,3554,2,0.1,NaN,NaN,NaN,NaN,NaN,25,5,5,15.45,15.39,13.51,13.38
17:23:29,INCR,16.68,13.41,16.68,14.82,884,351,3.07,19895.74,884,3554,2,0.1,NaN,NaN,NaN,NaN,NaN,25,5,5,15.45,15.39,13.51,13.38
17:23:30,INCR,16.69,13.41,16.69,14.81,889,399,3.71,19899.45,885,3554,2,0.1,NaN,NaN,NaN,NaN,NaN,25,5,5,15.45,15.39,13.51,13.38
17:23:31,INCR,16.71,13.41,16.71,14.82,878,438,2.92,19902.37,886,3554,2,0.1,NaN,NaN,NaN,NaN,NaN,25,5,5,15.45,15.39,13.51,13.38
17:23:32,INCR,16.74,13.41,16.74,14.82,883,414,4.8,19907.17,887,3554,2,0.1,NaN,NaN,NaN,NaN,NaN,25,5,5,15.45,15.39,13.51,13.38
17:23:33,INCR,16.75,13.41,16.75,14.82,908,413,2.68,19909.85,888,3554,2,0.1,NaN,NaN,NaN,NaN,NaN,25,5,5,15.45,15.39,13.51,13.38
17:23:34,INCR,16.75,13.41,16.75,14.81,905,442,2.44,19912.29,889,3554,2,0.1,NaN,NaN,NaN,NaN,NaN,25,5,5,15.45,15.39,13.51,13.38
17:23:35,INCR,16.76,13.41,16.76,14.81,893,456,1.77,19914.06,890,3554,2,0.1,NaN,NaN,NaN,NaN,NaN,25,5,5,15.45,15.39,13.51,13.38
17:23:37,INCR,16.76,13.41,16.76,14.81,884,473,1.78,19915.83,891,3554,2,0.1,NaN,NaN,NaN,NaN,NaN,25,5,5,15.45,15.39,13.51,13.38
17:23:38,INCR,16.77,13.41,16.77,14.82,867,482,2.18,19918.01,892,3554,2,0.1,NaN,NaN,NaN,NaN,NaN,25,5,5,15.45,15.39,13.51,13.38
17:23:39,INCR,16.77,13.41,16.77,14.82,864,481,0.6,19918.62,893,3554,2,0.1,NaN,NaN,NaN,NaN,NaN,25,5,5,15.45,15.39,13.51,13.38
17:23:40,INCR,16.78,13.41,16.78,14.81,866,476,0.39,19919.01,894,3554,2,0.1,NaN,NaN,NaN,NaN,NaN,25,5,5,15.45,15.39,13.51,13.38
17:23:41,INCR,16.78,13.41,16.78,14.81,886,456,2.27,19921.28,895,3554,2,0.1,NaN,NaN,NaN,NaN,NaN,25,5,5,15.45,15.39,13.51,13.38
17:23:42,INCR,16.78,13.41,16.78,14.81,898,434,2.04,19923.32,896,3554,2,0.1,NaN,NaN,NaN,NaN,NaN,25,5,5,15.45,15.39,13.51,13.38
17:23:43,INCR,16.78,13.41,16.78,14.81,912,393,3.55,19926.87,897,3554,2,0.1,NaN,NaN,NaN,NaN,NaN,25,5,5,15.45,15.39,13.51,13.38
17:23:44,INCR,16.79,13.41,16.79,14.81,888,361,3.3,19930.17,898,3554,2,0.1,NaN,NaN,NaN,NaN,NaN,25,5,5,15.45,15.39,13.51,13.38
17:23:45,INCR,16.79,13.41,16.79,14.81,885,354,0.59,19930.76,899,3554,2,0.1,NaN,NaN,NaN,NaN,NaN,25,5,5,15.45,15.39,13.51,13.38
17:23:46,INCR,16.79,13.41,16.79,14.81,886,353,0.41,19931.17,900,3554,2,0.1,NaN,NaN,NaN,NaN,NaN,25,5,5,15.45,15.39,13.51,13.38
17:23:47,INCR,16.79,13.41,16.79,14.81,881,356,0.47,19931.65,901,3554,2,0.1,NaN,NaN,NaN,NaN,NaN,25,5,5,15.45,15.39,13.51,13.38
17:23:48,INCR,16.8,13.41,16.8,14.81,815,387,5.67,19937.31,902,3554,2,0.1,NaN,NaN,NaN,NaN,NaN,25,5,5,15.45,15.39,13.51,13.38
17:23:49,INCR,16.81,13.41,16.81,14.81,748,374,7.05,19944.36,903,3554,2,0.1,NaN,NaN,NaN,NaN,NaN,25,5,5,15.45,15.39,13.51,13.38
17:23:50,INCR,16.81,13.41,16.81,14.81,754,324,4.27,19948.63,904,3554,2,0.1,NaN,NaN,NaN,NaN,NaN,25,5,5,15.45,15.39,13.51,13.38
17:23:51,INCR,16.81,13.41,16.81,14.8,789,296,3.56,19952.19,905,3554,2,0.1,NaN,NaN,NaN,NaN,NaN,25,5,5,15.45,15.39,13.51,13.38
17:23:52,INCR,16.81,13.41,16.81,14.8,800,273,2.26,19954.45,906,3554,2,0.1,NaN,NaN,NaN,NaN,NaN,25,5,5,15.45,15.39,13.51,13.38
17:23:53,INCR,16.82,13.41,16.82,14.8,796,273,0.96,19955.41,907,3554,2,0.1,NaN,NaN,NaN,NaN,NaN,25,5,5,15.45,15.39,13.51,13.38
17:23:54,INCR,16.82,13.41,16.82,14.79,815,280,1.41,19956.82,908,3554,2,0.1,NaN,NaN,NaN,NaN,NaN,25,5,5,15.45,15.39,13.51,13.38
17:23:55,INCR,16.83,13.41,16.83,14.79,839,300,2.63,19959.45,909,3554,2,0.1,NaN,NaN,NaN,NaN,NaN,25,5,5,15.45,15.39,13.51,13.38
17:23:56,INCR,16.83,13.41,16.83,14.79,869,336,3.8,19963.25,910,3554,2,0.1,NaN,NaN,NaN,NaN,NaN,25,5,5,15.45,15.39,13.51,13.38
17:23:57,INCR,16.83,13.41,16.83,14.79,882,381,3.31,19966.56,911,3554,2,0.1,NaN,NaN,NaN,NaN,NaN,25,5,5,15.45,15.39,13.51,13.38
17:23:58,INCR,16.83,13.41,16.83,14.79,867,400,2.45,19969.01,912,3554,2,0.1,NaN,NaN,NaN,NaN,NaN,25,5,5,15.45,15.39,13.51,13.38
17:23:59,INCR,16.84,13.41,16.84,14.78,865,405,1.51,19970.52,913,3554,2,0.1,NaN,NaN,NaN,NaN,NaN,25,5,5,15.45,15.39,13.51,13.38
17:24:00,INCR,16.84,13.41,16.84,14.78,858,419,1.52,19972.04,914,3554,2,0.1,NaN,NaN,NaN,NaN,NaN,25,5,5,15.45,15.39,13.51,13.38
17:24:01,INCR,16.85,13.41,16.85,14.78,866,410,1.83,19973.87,915,3554,2,0.1,NaN,NaN,NaN,NaN,NaN,25,5,5,15.45,15.39,13.51,13.38
17:24:02,INCR,16.85,13.41,16.85,14.78,902,406,3.67,19977.54,916,3554,2,0.1,NaN,NaN,NaN,NaN,NaN,25,5,5,15.45,15.39,13.51,13.38
17:24:03,INCR,16.85,13.41,16.85,14.77,899,394,1.31,19978.85,917,3554,2,0.1,NaN,NaN,NaN,NaN,NaN,25,5,5,15.45,15.39,13.51,13.38
17:24:04,INCR,16.85,13.41,16.85,14.78,899,383,1.38,19980.24,918,3554,2,0.1,NaN,NaN,NaN,NaN,NaN,25,5,5,15.45,15.39,13.51,13.38
17:24:05,INCR,16.86,13.41,16.86,14.78,892,380,0.79,19981.03,919,3554,2,0.1,NaN,NaN,NaN,NaN,NaN,25,5,5,15.45,15.39,13.51,13.38
17:24:06,INCR,16.86,13.41,16.86,14.78,882,371,1.21,19982.24,920,3554,2,0.1,NaN,NaN,NaN,NaN,NaN,25,5,5,15.45,15.39,13.51,13.38
17:24:07,INCR,16.87,13.41,16.87,14.78,860,349,1.89,19984.13,921,3554,2,0.1,NaN,NaN,NaN,NaN,NaN,25,5,5,15.45,15.39,13.51,13.38
17:24:08,INCR,16.86,13.41,16.86,14.78,857,337,1,19985.13,922,3554,2,0.1,NaN,NaN,NaN,NaN,NaN,25,5,5,15.45,15.39,13.51,13.38
17:24:09,INCR,16.86,13.41,16.86,14.77,847,330,1.26,19986.4,923,3554,2,0.1,NaN,NaN,NaN,NaN,NaN,25,5,5,15.45,15.39,13.51,13.38
17:24:10,INCR,16.87,13.41,16.87,14.77,841,326,0.47,19986.87,924,3554,2,0.1,NaN,NaN,NaN,NaN,NaN,25,5,5,15.45,15.39,13.51,13.38
17:24:11,INCR,16.87,13.41,16.87,14.77,853,330,1.01,19987.87,925,3554,2,0.1,NaN,NaN,NaN,NaN,NaN,25,5,5,15.45,15.39,13.51,13.38
17:24:12,INCR,16.87,13.41,16.87,14.77,853,334,0.68,19988.56,926,3554,2,0.1,NaN,NaN,NaN,NaN,NaN,25,5,5,15.45,15.39,13.51,13.38
17:24:13,INCR,16.87,13.41,16.87,14.78,857,340,0.38,19988.94,927,3554,2,0.1,NaN,NaN,NaN,NaN,NaN,25,5,5,15.45,15.39,13.51,13.38
17:24:14,INCR,16.88,13.41,16.88,14.77,857,351,0.91,19989.85,928,3554,2,0.1,NaN,NaN,NaN,NaN,NaN,25,5,5,15.45,15.39,13.51,13.38
17:24:15,INCR,16.88,13.41,16.88,14.78,859,368,1.45,19991.31,929,3554,2,0.1,NaN,NaN,NaN,NaN,NaN,25,5,5,15.45,15.39,13.51,13.38
17:24:16,INCR,16.88,13.41,16.88,14.77,845,372,1.12,19992.43,930,3554,2,0.1,NaN,NaN,NaN,NaN,NaN,25,5,5,15.45,15.39,13.51,13.38
17:24:17,INCR,16.89,13.41,16.89,14.78,835,387,1.2,19993.63,931,3554,2,0.1,NaN,NaN,NaN,NaN,NaN,25,5,5,15.45,15.39,13.51,13.38
17:24:18,INCR,16.88,13.41,16.88,14.77,791,399,3.95,19997.58,932,3554,2,0.1,NaN,NaN,NaN,NaN,NaN,25,5,5,15.45,15.39,13.51,13.38
17:24:19,INCR,16.88,13.41,16.88,14.78,681,466,10.52,20008.1,933,3554,2,0.1,NaN,NaN,NaN,NaN,NaN,25,5,5,15.45,15.39,13.51,13.38
17:24:20,INCR,16.88,13.41,16.88,14.77,701,524,6.85,20014.95,934,3554,2,0.1,NaN,NaN,NaN,NaN,NaN,25,5,5,15.45,15.39,13.51,13.38
17:24:21,INCR,16.88,13.41,16.88,14.77,754,528,4.11,20019.06,935,3554,2,0.1,NaN,NaN,NaN,NaN,NaN,25,5,5,15.45,15.39,13.51,13.38
17:24:22,INCR,16.88,13.41,16.88,14.77,769,539,1.54,20020.6,936,3554,2,0.1,NaN,NaN,NaN,NaN,NaN,25,5,5,15.45,15.39,13.51,13.38
17:24:23,INCR,16.88,13.41,16.88,14.77,768,544,0.82,20021.42,937,3554,2,0.1,NaN,NaN,NaN,NaN,NaN,25,5,5,15.45,15.39,13.51,13.38
17:24:24,INCR,16.88,13.41,16.88,14.77,787,537,1.72,20023.14,938,3554,2,0.1,NaN,NaN,NaN,NaN,NaN,25,5,5,15.45,15.39,13.51,13.38
17:24:25,INCR,16.88,13.41,16.88,14.77,821,531,2.74,20025.88,939,3554,2,0.1,NaN,NaN,NaN,NaN,NaN,25,5,5,15.45,15.39,13.51,13.38
17:24:26,INCR,16.88,13.41,16.88,14.77,853,524,2.79,20028.68,940,3554,2,0.1,NaN,NaN,NaN,NaN,NaN,25,5,5,15.45,15.39,13.51,13.38
17:24:28,INCR,16.87,13.41,16.87,14.78,879,506,2.9,20031.58,941,3554,2,0.1,NaN,NaN,NaN,NaN,NaN,25,5,5,15.45,15.39,13.51,13.38
17:24:29,INCR,16.87,13.41,16.87,14.78,892,476,3.03,20034.6,942,3554,2,0.1,NaN,NaN,NaN,NaN,NaN,25,5,5,15.45,15.39,13.51,13.38
17:24:30,INCR,16.87,13.41,16.87,14.78,896,439,3.07,20037.67,943,3554,2,0.1,NaN,NaN,NaN,NaN,NaN,25,5,5,15.45,15.39,13.51,13.38
17:24:31,INCR,16.86,13.41,16.86,14.78,890,411,2.62,20040.29,944,3554,2,0.1,NaN,NaN,NaN,NaN,NaN,25,5,5,15.45,15.39,13.51,13.38
17:24:32,INCR,16.86,13.41,16.86,14.78,886,376,2.99,20043.28,945,3554,2,0.1,NaN,NaN,NaN,NaN,NaN,25,5,5,15.45,15.39,13.51,13.38
17:24:33,INCR,16.86,13.41,16.86,14.78,880,374,0.52,20043.8,946,3554,2,0.1,NaN,NaN,NaN,NaN,NaN,25,5,5,15.45,15.39,13.51,13.38
17:24:34,INCR,16.86,13.41,16.86,14.78,876,377,0.36,20044.16,947,3554,2,0.1,NaN,NaN,NaN,NaN,NaN,25,5,5,15.45,15.39,13.51,13.38
17:24:35,INCR,16.86,13.41,16.86,14.79,876,384,0.4,20044.56,948,3554,2,0.1,NaN,NaN,NaN,NaN,NaN,25,5,5,15.45,15.39,13.51,13.38
17:24:36,INCR,16.86,13.41,16.86,14.79,879,405,1.47,20046.03,949,3554,2,0.1,NaN,NaN,NaN,NaN,NaN,25,5,5,15.45,15.39,13.51,13.38
17:24:37,INCR,16.86,13.41,16.86,14.8,879,418,1.11,20047.14,950,3554,2,0.1,NaN,NaN,NaN,NaN,NaN,25,5,5,15.45,15.39,13.51,13.38
17:24:38,INCR,16.85,13.41,16.85,14.8,893,398,2.22,20049.37,951,3554,2,0.1,NaN,NaN,NaN,NaN,NaN,25,5,5,15.45,15.39,13.51,13.38
17:24:39,INCR,16.85,13.41,16.85,14.83,900,402,1.77,20051.14,952,3554,2,0.1,NaN,NaN,NaN,NaN,NaN,25,5,5,15.45,15.39,13.51,13.38
17:24:40,INCR,16.85,13.41,16.85,14.87,896,410,0.87,20052.01,953,3554,2,0.1,NaN,NaN,NaN,NaN,NaN,25,5,5,15.45,15.39,13.51,13.38
17:24:41,INCR,16.85,13.41,16.85,14.9,899,400,1.87,20053.88,954,3554,2,0.1,NaN,NaN,NaN,NaN,NaN,25,5,5,15.45,15.39,13.51,13.38
17:24:42,INCR,16.85,13.41,16.85,14.93,903,412,2.04,20055.92,955,3554,2,0.1,NaN,NaN,NaN,NaN,NaN,25,5,5,15.45,15.39,13.51,13.38
17:24:43,INCR,16.85,13.41,16.85,14.96,904,393,1.89,20057.81,956,3554,2,0.1,NaN,NaN,NaN,NaN,NaN,25,5,5,15.45,15.39,13.51,13.38
17:24:44,INCR,16.84,13.41,16.84,14.99,882,391,2.67,20060.48,957,3554,2,0.1,NaN,NaN,NaN,NaN,NaN,25,5,5,15.45,15.39,13.51,13.38
17:24:45,INCR,16.84,13.41,16.84,15.02,901,390,1.75,20062.23,958,3554,2,0.1,NaN,NaN,NaN,NaN,NaN,25,5,5,15.45,15.39,13.51,13.38
17:24:46,INCR,16.84,13.41,16.84,15.05,860,415,4.42,20066.65,959,3554,2,0.1,NaN,NaN,NaN,NaN,NaN,25,5,5,15.45,15.39,13.51,13.38
17:24:47,INCR,16.83,13.41,16.83,15.08,758,424,9.66,20076.3,960,3554,2,0.1,NaN,NaN,NaN,NaN,NaN,25,5,5,15.45,15.39,13.51,13.38
17:24:48,INCR,16.83,13.41,16.83,15.11,771,345,6.45,20082.75,961,3554,2,0.1,NaN,NaN,NaN,NaN,NaN,25,5,5,15.45,15.39,13.51,13.38
17:24:49,INCR,16.83,13.41,16.83,15.14,833,325,5.44,20088.19,962,3554,2,0.1,NaN,NaN,NaN,NaN,NaN,25,5,5,15.45,15.39,13.51,13.38
17:24:50,INCR,16.83,13.41,16.83,15.14,861,352,3.33,20091.51,963,3554,2,0.1,NaN,NaN,NaN,NaN,NaN,25,5,5,15.45,15.39,13.51,13.38
17:24:51,INCR,16.83,13.41,16.83,15.14,875,408,4.69,20096.21,964,3554,2,0.1,NaN,NaN,NaN,NaN,NaN,25,5,5,15.45,15.39,13.51,13.38
17:24:52,INCR,16.82,13.41,16.82,15.14,870,473,5.44,20101.65,965,3554,2,0.1,NaN,NaN,NaN,NaN,NaN,25,5,5,15.45,15.39,13.51,13.38
17:24:53,INCR,16.83,13.41,16.83,15.15,816,536,6.88,20108.53,966,3554,2,0.1,NaN,NaN,NaN,NaN,NaN,25,5,5,15.45,15.39,13.51,13.38
17:24:54,INCR,16.81,13.41,16.81,15.15,662,525,13.24,20121.77,967,3554,2,0.1,NaN,NaN,NaN,NaN,NaN,25,5,5,15.45,15.39,13.51,13.38
17:24:55,INCR,16.82,13.41,16.82,15.18,606,446,9.15,20130.92,968,3554,2,0.1,NaN,NaN,NaN,NaN,NaN,25,5,5,15.45,15.39,13.51,13.38
17:24:56,DECR,15.22,13.41,16.82,15.22,534,391,7.64,20138.56,968,3555,2,0.1,NaN,NaN,NaN,NaN,NaN,25,5,5,15.55,15.44,13.51,13.38
17:24:57,DECR,15.24,13.41,16.82,15.24,425,382,7.65,20146.21,968,3556,2,0.1,NaN,NaN,NaN,NaN,NaN,25,5,5,15.55,15.44,13.51,13.38
17:24:58,DECR,15.24,13.41,16.81,15.24,315,362,9.14,20155.35,968,3557,2,0.1,NaN,NaN,NaN,NaN,NaN,25,5,5,15.55,15.44,13.51,13.38
17:24:59,DECR,15.23,13.41,16.81,15.23,264,332,5.24,20160.59,968,3558,2,0.1,NaN,NaN,NaN,NaN,NaN,25,5,5,15.55,15.44,13.51,13.38
17:25:00,DECR,15.24,13.41,16.81,15.24,276,307,2.12,20162.71,968,3559,2,0.1,NaN,NaN,NaN,NaN,NaN,25,5,5,15.55,15.44,13.51,13.38
17:25:01,DECR,15.24,13.41,16.81,15.24,280,291,1.93,20164.64,968,3560,2,0.1,NaN,NaN,NaN,NaN,NaN,25,5,5,15.55,15.44,13.51,13.38
17:25:02,DECR,15.24,13.41,16.81,15.24,282,277,1.78,20166.42,968,3561,2,0.1,NaN,NaN,NaN,NaN,NaN,25,5,5,15.55,15.44,13.51,13.38
17:25:03,DECR,15.25,13.41,16.81,15.25,274,288,1.3,20167.72,968,3562,2,0.1,NaN,NaN,NaN,NaN,NaN,25,5,5,15.55,15.44,13.51,13.38
17:25:04,DECR,15.26,13.41,16.82,15.26,258,281,1.67,20169.39,968,3563,2,0.1,NaN,NaN,NaN,NaN,NaN,25,5,5,15.55,15.44,13.51,13.38
17:25:05,DECR,15.26,13.41,16.82,15.26,287,264,2.76,20172.15,968,3564,2,0.1,NaN,NaN,NaN,NaN,NaN,25,5,5,15.55,15.44,13.51,13.38
17:25:06,DECR,15.26,13.41,16.82,15.26,268,285,2.12,20174.27,968,3565,2,0.1,NaN,NaN,NaN,NaN,NaN,25,5,5,15.55,15.44,13.51,13.38
17:25:07,DECR,15.27,13.41,16.82,15.27,281,294,1.42,20175.69,968,3566,2,0.1,NaN,NaN,NaN,NaN,NaN,25,5,5,15.55,15.44,13.51,13.38
17:25:08,DECR,15.27,13.41,16.83,15.27,282,290,0.17,20175.85,968,3567,2,0.1,NaN,NaN,NaN,NaN,NaN,25,5,5,15.55,15.44,13.51,13.38
17:25:09,DECR,15.27,13.41,16.83,15.27,279,283,0.42,20176.27,968,3568,2,0.1,NaN,NaN,NaN,NaN,NaN,25,5,5,15.55,15.44,13.51,13.38
17:25:10,DECR,15.27,13.41,16.84,15.27,276,268,1.04,20177.31,968,3569,2,0.1,NaN,NaN,NaN,NaN,NaN,25,5,5,15.55,15.44,13.51,13.38
17:25:11,DECR,15.27,13.41,16.84,15.27,257,268,1.22,20178.53,968,3570,2,0.1,NaN,NaN,NaN,NaN,NaN,25,5,5,15.55,15.44,13.51,13.38
17:25:12,DECR,15.27,13.41,16.84,15.27,281,278,3.29,20181.82,968,3571,2,0.1,NaN,NaN,NaN,NaN,NaN,25,5,5,15.55,15.44,13.51,13.38
17:25:14,DECR,15.27,13.41,16.84,15.27,263,284,1.63,20183.45,968,3572,2,0.1,NaN,NaN,NaN,NaN,NaN,25,5,5,15.55,15.44,13.51,13.38
17:25:15,DECR,15.27,13.41,16.86,15.27,248,291,2.38,20185.83,968,3573,2,0.1,NaN,NaN,NaN,NaN,NaN,25,5,5,15.55,15.44,13.51,13.38
17:25:16,DECR,15.28,13.41,16.89,15.28,253,297,1.39,20187.22,968,3574,2,0.1,NaN,NaN,NaN,NaN,NaN,25,5,5,15.55,15.44,13.51,13.38
17:25:17,DECR,15.27,13.41,16.92,15.27,259,280,2.18,20189.4,968,3575,2,0.1,NaN,NaN,NaN,NaN,NaN,25,5,5,15.55,15.44,13.51,13.38
17:25:18,DECR,15.27,13.41,16.94,15.27,257,283,0.6,20190,968,3576,2,0.1,NaN,NaN,NaN,NaN,NaN,25,5,5,15.55,15.44,13.51,13.38
17:25:19,DECR,15.27,13.41,16.97,15.27,253,297,2.19,20192.19,968,3577,2,0.1,NaN,NaN,NaN,NaN,NaN,25,5,5,15.55,15.44,13.51,13.38
17:25:20,DECR,15.27,13.41,17,15.27,251,318,1.84,20194.03,968,3578,2,0.1,NaN,NaN,NaN,NaN,NaN,25,5,5,15.55,15.44,13.51,13.38
17:25:21,DECR,15.27,13.41,17.01,15.27,253,332,1.22,20195.25,968,3579,2,0.1,NaN,NaN,NaN,NaN,NaN,25,5,5,15.55,15.44,13.51,13.38
17:25:22,DECR,15.27,13.41,17.01,15.27,265,341,1.17,20196.42,968,3580,2,0.1,NaN,NaN,NaN,NaN,NaN,25,5,5,15.55,15.44,13.51,13.38
17:25:23,DECR,15.27,13.41,17.01,15.27,262,347,0.48,20196.9,968,3581,2,0.1,NaN,NaN,NaN,NaN,NaN,25,5,5,15.55,15.44,13.51,13.38
17:25:24,DECR,15.27,13.41,17.01,15.27,298,360,3.13,20200.03,968,3582,2,0.1,NaN,NaN,NaN,NaN,NaN,25,5,5,15.55,15.44,13.51,13.38
17:25:25,DECR,15.27,13.41,17.01,15.27,341,364,3.29,20203.32,968,3583,2,0.1,NaN,NaN,NaN,NaN,NaN,25,5,5,15.55,15.44,13.51,13.38
17:25:26,DECR,15.27,13.41,17.01,15.27,367,361,1.63,20204.95,968,3584,2,0.1,NaN,NaN,NaN,NaN,NaN,25,5,5,15.55,15.44,13.51,13.38
17:25:27,DECR,15.27,13.41,17.02,15.27,379,352,1.15,20206.1,968,3585,2,0.1,NaN,NaN,NaN,NaN,NaN,25,5,5,15.55,15.44,13.51,13.38
17:25:28,DECR,15.27,13.41,17.02,15.27,383,346,0.32,20206.42,968,3586,2,0.1,NaN,NaN,NaN,NaN,NaN,25,5,5,15.55,15.44,13.51,13.38
17:25:29,DECR,15.27,13.41,17.02,15.27,384,351,0.23,20206.65,968,3587,2,0.1,NaN,NaN,NaN,NaN,NaN,25,5,5,15.55,15.44,13.51,13.38
17:25:30,DECR,15.27,13.41,17.02,15.27,380,354,0.31,20206.96,968,3588,2,0.1,NaN,NaN,NaN,NaN,NaN,25,5,5,15.55,15.44,13.51,13.38
17:25:31,DECR,15.26,13.41,17.02,15.26,381,363,0.44,20207.41,968,3589,2,0.1,NaN,NaN,NaN,NaN,NaN,25,5,5,15.55,15.44,13.51,13.38
17:25:32,DECR,15.26,13.41,17.02,15.26,369,370,1.53,20208.94,968,3590,2,0.1,NaN,NaN,NaN,NaN,NaN,25,5,5,15.55,15.44,13.51,13.38
17:25:33,DECR,15.26,13.41,17.02,15.26,361,414,3.65,20212.6,968,3591,2,0.1,NaN,NaN,NaN,NaN,NaN,25,5,5,15.55,15.44,13.51,13.38
17:25:34,DECR,15.26,13.41,17.03,15.26,376,472,4.99,20217.58,968,3592,2,0.1,NaN,NaN,NaN,NaN,NaN,25,5,5,15.55,15.44,13.51,13.38
17:25:35,DECR,15.26,13.41,17.03,15.26,417,478,4.48,20222.07,968,3593,2,0.1,NaN,NaN,NaN,NaN,NaN,25,5,5,15.55,15.44,13.51,13.38
17:25:36,DECR,15.26,13.41,17.03,15.26,445,458,2.6,20224.67,968,3594,2,0.1,NaN,NaN,NaN,NaN,NaN,25,5,5,15.55,15.44,13.51,13.38
17:25:37,DECR,15.26,13.41,17.03,15.26,462,434,2.33,20227,968,3595,2,0.1,NaN,NaN,NaN,NaN,NaN,25,5,5,15.55,15.44,13.51,13.38
17:25:38,DECR,15.25,13.41,17.04,15.25,446,375,4.76,20231.76,968,3596,2,0.1,NaN,NaN,NaN,NaN,NaN,25,5,5,15.55,15.44,13.51,13.38
17:25:39,DECR,15.26,13.41,17.04,15.26,444,355,1.76,20233.53,968,3597,2,0.1,NaN,NaN,NaN,NaN,NaN,25,5,5,15.55,15.44,13.51,13.38
17:25:40,DECR,15.25,13.41,17.05,15.25,426,320,3.45,20236.98,968,3598,2,0.1,NaN,NaN,NaN,NaN,NaN,25,5,5,15.55,15.44,13.51,13.38
17:25:41,DECR,15.25,13.41,17.04,15.25,394,364,4.02,20241,968,3599,2,0.1,NaN,NaN,NaN,NaN,NaN,25,5,5,15.55,15.44,13.51,13.38
17:25:42,DECR,15.25,13.41,17.04,15.25,389,414,4.18,20245.18,968,3600,2,0.1,NaN,NaN,NaN,NaN,NaN,25,5,5,15.55,15.44,13.51,13.38
17:25:43,DECR,15.25,13.41,17.04,15.25,428,441,4.28,20249.46,968,3601,2,0.1,NaN,NaN,NaN,NaN,NaN,25,5,5,15.55,15.44,13.51,13.38
17:25:44,DECR,15.25,13.41,17.04,15.25,404,461,3.02,20252.48,968,3602,2,0.1,NaN,NaN,NaN,NaN,NaN,25,5,5,15.55,15.44,13.51,13.38
17:25:45,DECR,15.25,13.41,17.04,15.25,324,413,6.9,20259.38,968,3603,2,0.1,NaN,NaN,NaN,NaN,NaN,25,5,5,15.55,15.44,13.51,13.38
17:25:46,DECR,15.24,13.41,17.04,15.24,295,295,11.22,20270.6,968,3604,2,0.1,NaN,NaN,NaN,NaN,NaN,25,5,5,15.55,15.44,13.51,13.38
17:25:47,DECR,15.24,13.41,17.04,15.24,399,312,11.05,20281.65,968,3605,2,0.1,NaN,NaN,NaN,NaN,NaN,25,5,5,15.55,15.44,13.51,13.38
17:25:48,DECR,15.24,13.41,17.04,15.24,411,345,2.82,20284.47,968,3606,2,0.1,NaN,NaN,NaN,NaN,NaN,25,5,5,15.55,15.44,13.51,13.38
17:25:49,DECR,15.23,13.41,17.04,15.23,430,344,1.7,20286.16,968,3607,2,0.1,NaN,NaN,NaN,NaN,NaN,25,5,5,15.55,15.44,13.51,13.38
17:25:50,DECR,15.24,13.41,17.04,15.24,408,335,1.8,20287.96,968,3608,2,0.1,NaN,NaN,NaN,NaN,NaN,25,5,5,15.55,15.44,13.51,13.38
17:25:51,DECR,15.24,13.41,17.05,15.24,384,338,1.74,20289.71,968,3609,2,0.1,NaN,NaN,NaN,NaN,NaN,25,5,5,15.55,15.44,13.51,13.38
17:25:52,DECR,15.24,13.41,17.05,15.24,363,333,1.69,20291.4,968,3610,2,0.1,NaN,NaN,NaN,NaN,NaN,25,5,5,15.55,15.44,13.51,13.38
17:25:53,DECR,15.24,13.41,17.06,15.24,347,327,1.22,20292.61,968,3611,2,0.1,NaN,NaN,NaN,NaN,NaN,25,5,5,15.55,15.44,13.51,13.38
17:25:54,DECR,15.23,13.41,17.05,15.23,327,323,1.43,20294.04,968,3612,2,0.1,NaN,NaN,NaN,NaN,NaN,25,5,5,15.55,15.44,13.51,13.38
17:25:55,DECR,15.23,13.41,17.05,15.23,316,310,1.31,20295.35,968,3613,2,0.1,NaN,NaN,NaN,NaN,NaN,25,5,5,15.55,15.44,13.51,13.38
17:25:56,DECR,15.23,13.41,17.05,15.23,297,308,1.3,20296.65,968,3614,2,0.1,NaN,NaN,NaN,NaN,NaN,25,5,5,15.55,15.44,13.51,13.38
17:25:58,DECR,15.23,13.41,17.05,15.23,273,314,1.66,20298.31,968,3615,2,0.1,NaN,NaN,NaN,NaN,NaN,25,5,5,15.55,15.44,13.51,13.38
17:25:58,DECR,15.23,13.41,17.05,15.23,265,314,0.49,20298.79,968,3616,2,0.1,NaN,NaN,NaN,NaN,NaN,25,5,5,15.55,15.44,13.51,13.38
17:26:00,DECR,15.23,13.41,17.05,15.23,261,313,0.28,20299.08,968,3617,2,0.1,NaN,NaN,NaN,NaN,NaN,25,5,5,15.55,15.44,13.51,13.38
17:26:01,DECR,15.22,13.41,17.05,15.22,262,310,0.12,20299.2,968,3618,2,0.1,NaN,NaN,NaN,NaN,NaN,25,5,5,15.55,15.44,13.51,13.38
17:26:02,DECR,15.22,13.41,17.04,15.22,269,299,0.69,20299.89,968,3619,2,0.1,NaN,NaN,NaN,NaN,NaN,25,5,5,15.55,15.44,13.51,13.38
17:26:03,DECR,15.21,13.41,17.04,15.21,279,299,0.69,20300.58,968,3620,2,0.1,NaN,NaN,NaN,NaN,NaN,25,5,5,15.55,15.44,13.51,13.38
17:26:04,DECR,15.21,13.41,17.04,15.21,287,299,0.47,20301.05,968,3621,2,0.1,NaN,NaN,NaN,NaN,NaN,25,5,5,15.55,15.44,13.51,13.38
17:26:05,DECR,15.21,13.41,17.04,15.21,299,293,1.12,20302.17,968,3622,2,0.1,NaN,NaN,NaN,NaN,NaN,25,5,5,15.55,15.44,13.51,13.38
17:26:06,DECR,15.21,13.41,17.04,15.21,305,286,0.67,20302.84,968,3623,2,0.1,NaN,NaN,NaN,NaN,NaN,25,5,5,15.55,15.44,13.51,13.38
17:26:07,DECR,15.21,13.41,17.04,15.21,299,284,0.32,20303.16,968,3624,2,0.1,NaN,NaN,NaN,NaN,NaN,25,5,5,15.55,15.44,13.51,13.38
17:26:08,DECR,15.21,13.41,17.04,15.21,284,288,1.14,20304.3,968,3625,2,0.1,NaN,NaN,NaN,NaN,NaN,25,5,5,15.55,15.44,13.51,13.38
17:26:09,DECR,15.21,13.41,17.04,15.21,258,303,2.27,20306.56,968,3626,2,0.1,NaN,NaN,NaN,NaN,NaN,25,5,5,15.55,15.44,13.51,13.38
17:26:10,DECR,15.2,13.41,17.03,15.2,233,317,1.57,20308.13,968,3627,2,0.1,NaN,NaN,NaN,NaN,NaN,25,5,5,15.55,15.44,13.51,13.38
17:26:11,DECR,15.2,13.41,17.03,15.2,214,326,1.87,20310,968,3628,2,0.1,NaN,NaN,NaN,NaN,NaN,25,5,5,15.55,15.44,13.51,13.38
17:26:12,DECR,15.19,13.41,17.03,15.19,198,347,2.31,20312.31,968,3629,2,0.1,NaN,NaN,NaN,NaN,NaN,25,5,5,15.55,15.44,13.51,13.38
17:26:13,DECR,15.19,13.41,17.03,15.19,246,369,4.92,20317.23,968,3630,2,0.1,NaN,NaN,NaN,NaN,NaN,25,5,5,15.55,15.44,13.51,13.38
17:26:14,DECR,15.18,13.41,17.02,15.18,316,375,5.63,20322.86,968,3631,2,0.1,NaN,NaN,NaN,NaN,NaN,25,5,5,15.55,15.44,13.51,13.38
17:26:15,DECR,15.18,13.41,17.02,15.18,372,398,5.02,20327.88,968,3632,2,0.1,NaN,NaN,NaN,NaN,NaN,25,5,5,15.55,15.44,13.51,13.38
17:26:16,DECR,15.18,13.41,17.02,15.18,432,393,5.9,20333.78,968,3633,2,0.1,NaN,NaN,NaN,NaN,NaN,25,5,5,15.55,15.44,13.51,13.38
17:26:17,DECR,15.16,13.41,17.02,15.16,389,301,8.77,20342.54,968,3634,2,0.1,NaN,NaN,NaN,NaN,NaN,25,5,5,15.55,15.44,13.51,13.38
17:26:18,DECR,15.13,13.41,17.02,15.13,243,274,12.67,20355.21,968,3635,2,0.1,NaN,NaN,NaN,NaN,NaN,25,5,5,15.55,15.44,13.51,13.38
17:26:19,DECR,15.11,13.41,17.01,15.11,171,433,16.02,20371.24,968,3636,2,0.1,NaN,NaN,NaN,NaN,NaN,25,5,5,15.55,15.44,13.51,13.38
17:26:20,DECR,15.1,13.41,17.01,15.1,331,448,13.72,20384.96,968,3637,2,0.1,NaN,NaN,NaN,NaN,NaN,25,5,5,15.55,15.44,13.51,13.38
17:26:21,DECR,15.1,13.41,17.01,15.1,373,342,8.54,20393.5,968,3638,2,0.1,NaN,NaN,NaN,NaN,NaN,25,5,5,15.55,15.44,13.51,13.38
17:26:22,DECR,15.1,13.41,17.01,15.1,257,274,9.25,20402.75,968,3639,2,0.1,NaN,NaN,NaN,NaN,NaN,25,5,5,15.55,15.44,13.51,13.38
17:26:23,DECR,15.1,13.41,17.01,15.1,163,420,15.44,20418.19,968,3640,2,0.1,NaN,NaN,NaN,NaN,NaN,25,5,5,15.55,15.44,13.51,13.38
17:26:24,DECR,15.09,13.41,17.01,15.09,322,478,15.11,20433.3,968,3641,2,0.1,NaN,NaN,NaN,NaN,NaN,25,5,5,15.55,15.44,13.51,13.38
17:26:25,DECR,15.08,13.41,17,15.08,398,365,11.44,20444.74,968,3642,2,0.1,NaN,NaN,NaN,NaN,NaN,25,5,5,15.55,15.44,13.51,13.38
17:26:26,DECR,15.06,13.41,16.97,15.06,283,259,14.14,20458.87,968,3643,2,0.1,NaN,NaN,NaN,NaN,NaN,25,5,5,15.55,15.44,13.51,13.38
17:26:27,DECR,15.03,13.41,16.95,15.03,163,428,17.09,20475.97,968,3644,2,0.1,NaN,NaN,NaN,NaN,NaN,25,5,5,15.55,15.44,13.51,13.38
17:26:28,DECR,15.02,13.41,16.93,15.02,314,487,14.68,20490.65,968,3645,2,0.1,NaN,NaN,NaN,NaN,NaN,25,5,5,15.55,15.44,13.51,13.38
17:26:29,DECR,15.01,13.41,16.93,15.01,321,372,10.98,20501.63,968,3646,2,0.1,NaN,NaN,NaN,NaN,NaN,25,5,5,15.55,15.44,13.51,13.38
17:26:30,DECR,15.01,13.41,16.94,15.01,263,296,7.95,20509.58,968,3647,2,0.1,NaN,NaN,NaN,NaN,NaN,25,5,5,15.55,15.44,13.51,13.38
17:26:31,DECR,15.01,13.41,16.93,15.01,254,280,2.03,20511.61,968,3648,2,0.1,NaN,NaN,NaN,NaN,NaN,25,5,5,15.55,15.44,13.51,13.38
17:26:32,DECR,15.01,13.41,16.93,15.01,266,267,1.52,20513.14,968,3649,2,0.1,NaN,NaN,NaN,NaN,NaN,25,5,5,15.55,15.44,13.51,13.38
17:26:33,DECR,15,13.41,16.92,15,286,257,1.67,20514.81,968,3650,2,0.1,NaN,NaN,NaN,NaN,NaN,25,5,5,15.55,15.44,13.51,13.38
17:26:34,DECR,15,13.41,16.92,15,288,257,0.64,20515.45,968,3651,2,0.1,NaN,NaN,NaN,NaN,NaN,25,5,5,15.55,15.44,13.51,13.38
17:26:35,DECR,14.98,13.41,16.92,14.98,299,258,1.09,20516.53,968,3652,2,0.1,NaN,NaN,NaN,NaN,NaN,25,5,5,15.55,15.44,13.51,13.38
17:26:36,DECR,14.96,13.41,16.92,14.96,307,271,1.31,20517.85,968,3653,2,0.1,NaN,NaN,NaN,NaN,NaN,25,5,5,15.55,15.44,13.51,13.38
17:26:37,DECR,14.94,13.42,16.91,14.94,323,325,4.66,20522.51,968,3654,2,0.1,NaN,NaN,NaN,NaN,NaN,25,5,5,15.55,15.44,13.51,13.38
17:26:38,DECR,14.93,13.42,16.91,14.93,302,404,7.52,20530.03,968,3655,2,0.1,NaN,NaN,NaN,NaN,NaN,25,5,5,15.55,15.44,13.51,13.38
17:26:39,DECR,14.93,13.42,16.91,14.93,290,510,8.19,20538.22,968,3656,2,0.1,NaN,NaN,NaN,NaN,NaN,25,5,5,15.55,15.44,13.51,13.38
17:26:40,DECR,14.93,13.42,16.91,14.93,380,536,7.24,20545.46,968,3657,2,0.1,NaN,NaN,NaN,NaN,NaN,25,5,5,15.55,15.44,13.51,13.38
17:26:42,DECR,14.93,13.42,16.91,14.93,434,385,13.54,20559,968,3658,2,0.1,NaN,NaN,NaN,NaN,NaN,25,5,5,15.55,15.44,13.51,13.38
17:26:43,DECR,14.93,13.42,16.9,14.93,313,261,15.03,20574.03,968,3659,2,0.1,NaN,NaN,NaN,NaN,NaN,25,5,5,15.55,15.44,13.51,13.38
17:26:44,DECR,14.93,13.42,16.9,14.93,159,380,17.63,20591.66,968,3660,2,0.1,NaN,NaN,NaN,NaN,NaN,25,5,5,15.55,15.44,13.51,13.38
17:26:45,DECR,14.92,13.42,16.89,14.92,303,458,17.15,20608.81,968,3661,2,0.1,NaN,NaN,NaN,NaN,NaN,25,5,5,15.55,15.44,13.51,13.38
17:26:46,DECR,14.92,13.42,16.89,14.92,279,356,9.14,20617.96,968,3662,2,0.1,NaN,NaN,NaN,NaN,NaN,25,5,5,15.55,15.44,13.51,13.38
17:26:47,DECR,14.92,13.42,16.89,14.92,174,400,11.74,20629.7,968,3663,2,0.1,NaN,NaN,NaN,NaN,NaN,25,5,5,15.55,15.44,13.51,13.38
17:26:48,DECR,14.92,13.42,16.89,14.92,203,507,9.28,20638.97,968,3664,2,0.1,NaN,NaN,NaN,NaN,NaN,25,5,5,15.55,15.44,13.51,13.38
17:26:49,DECR,14.92,13.42,16.9,14.92,321,443,13.81,20652.78,968,3665,2,0.1,NaN,NaN,NaN,NaN,NaN,25,5,5,15.55,15.44,13.51,13.38
17:26:50,DECR,14.92,13.42,16.9,14.92,242,359,10.09,20662.87,968,3666,2,0.1,NaN,NaN,NaN,NaN,NaN,25,5,5,15.55,15.44,13.51,13.38
17:26:51,DECR,14.91,13.42,16.9,14.91,180,387,6.24,20669.11,968,3667,2,0.1,NaN,NaN,NaN,NaN,NaN,25,5,5,15.55,15.44,13.51,13.38
17:26:52,DECR,14.91,13.42,16.9,14.91,175,343,3.84,20672.95,968,3668,2,0.1,NaN,NaN,NaN,NaN,NaN,25,5,5,15.55,15.44,13.51,13.38
17:26:53,DECR,14.91,13.42,16.9,14.91,203,302,4.09,20677.04,968,3669,2,0.1,NaN,NaN,NaN,NaN,NaN,25,5,5,15.55,15.44,13.51,13.38
17:26:54,DECR,14.91,13.42,16.9,14.91,266,258,6.32,20683.36,968,3670,2,0.1,NaN,NaN,NaN,NaN,NaN,25,5,5,15.55,15.44,13.51,13.38
17:26:55,DECR,14.91,13.42,16.91,14.91,375,260,8.95,20692.31,968,3671,2,0.1,NaN,NaN,NaN,NaN,NaN,25,5,5,15.55,15.44,13.51,13.38
17:26:56,DECR,14.91,13.42,16.91,14.91,433,306,5.39,20697.7,968,3672,2,0.1,NaN,NaN,NaN,NaN,NaN,25,5,5,15.55,15.44,13.51,13.38
17:26:57,DECR,14.91,13.42,16.91,14.91,436,355,4,20701.7,968,3673,2,0.1,NaN,NaN,NaN,NaN,NaN,25,5,5,15.55,15.44,13.51,13.38
17:26:58,DECR,14.91,13.42,16.92,14.91,403,395,3.28,20704.98,968,3674,2,0.1,NaN,NaN,NaN,NaN,NaN,25,5,5,15.55,15.44,13.51,13.38
17:26:59,DECR,14.92,13.42,16.92,14.92,325,477,9.32,20714.29,968,3675,2,0.1,NaN,NaN,NaN,NaN,NaN,25,5,5,15.55,15.44,13.51,13.38
17:27:00,DECR,14.91,13.42,16.92,14.91,303,534,5.34,20719.63,968,3676,2,0.1,NaN,NaN,NaN,NaN,NaN,25,5,5,15.55,15.44,13.51,13.38
17:27:01,DECR,14.91,13.42,16.92,14.91,260,544,3.81,20723.44,968,3677,2,0.1,NaN,NaN,NaN,NaN,NaN,25,5,5,15.55,15.44,13.51,13.38
17:27:02,DECR,14.91,13.42,16.92,14.91,211,520,4.42,20727.86,968,3678,2,0.1,NaN,NaN,NaN,NaN,NaN,25,5,5,15.55,15.44,13.51,13.38
17:27:03,DECR,14.92,13.42,16.93,14.92,183,486,3.79,20731.65,968,3679,2,0.1,NaN,NaN,NaN,NaN,NaN,25,5,5,15.55,15.44,13.51,13.38
17:27:04,DECR,14.92,13.42,16.93,14.92,172,449,3.13,20734.78,968,3680,2,0.1,NaN,NaN,NaN,NaN,NaN,25,5,5,15.55,15.44,13.51,13.38
17:27:05,DECR,14.92,13.42,16.93,14.92,165,420,2.38,20737.16,968,3681,2,0.1,NaN,NaN,NaN,NaN,NaN,25,5,5,15.55,15.44,13.51,13.38
17:27:06,DECR,14.93,13.42,16.93,14.93,170,367,4.72,20741.88,968,3682,2,0.1,NaN,NaN,NaN,NaN,NaN,25,5,5,15.55,15.44,13.51,13.38
17:27:07,DECR,14.93,13.42,16.94,14.93,183,435,6.93,20748.8,968,3683,2,0.1,NaN,NaN,NaN,NaN,NaN,25,5,5,15.55,15.44,13.51,13.38
17:27:08,DECR,14.93,13.42,16.94,14.93,258,541,11.61,20760.41,968,3684,2,0.1,NaN,NaN,NaN,NaN,NaN,25,5,5,15.55,15.44,13.51,13.38
17:27:09,DECR,14.93,13.42,16.94,14.93,417,513,13.62,20774.03,968,3685,2,0.1,NaN,NaN,NaN,NaN,NaN,25,5,5,15.55,15.44,13.51,13.38
17:27:10,DECR,14.93,13.42,16.94,14.93,439,339,15.42,20789.46,968,3686,2,0.1,NaN,NaN,NaN,NaN,NaN,25,5,5,15.55,15.44,13.51,13.38
17:27:11,DECR,14.94,13.42,16.95,14.94,293,253,14.03,20803.48,968,3687,2,0.1,NaN,NaN,NaN,NaN,NaN,25,5,5,15.55,15.44,13.51,13.38
17:27:12,DECR,14.95,13.42,16.95,14.95,161,400,17.51,20821,968,3688,2,0.1,NaN,NaN,NaN,NaN,NaN,25,5,5,15.55,15.44,13.51,13.38
17:27:13,DECR,14.95,13.42,16.97,14.95,278,415,14.58,20835.58,968,3689,2,0.1,NaN,NaN,NaN,NaN,NaN,25,5,5,15.55,15.44,13.51,13.38
17:27:14,DECR,14.95,13.42,16.99,14.95,258,299,10.07,20845.65,968,3690,2,0.1,NaN,NaN,NaN,NaN,NaN,25,5,5,15.55,15.44,13.51,13.38
17:27:15,DECR,14.96,13.42,17.02,14.96,257,267,3.17,20848.82,968,3691,2,0.1,NaN,NaN,NaN,NaN,NaN,25,5,5,15.55,15.44,13.51,13.38
17:27:16,DECR,14.96,13.42,17.03,14.96,325,252,5.87,20854.7,968,3692,2,0.1,NaN,NaN,NaN,NaN,NaN,25,5,5,15.55,15.44,13.51,13.38
17:27:17,DECR,14.96,13.42,17.03,14.96,356,260,3.23,20857.93,968,3693,2,0.1,NaN,NaN,NaN,NaN,NaN,25,5,5,15.55,15.44,13.51,13.38
17:27:18,DECR,14.96,13.42,17.03,14.96,313,272,6.2,20864.14,968,3694,2,0.1,NaN,NaN,NaN,NaN,NaN,25,5,5,15.55,15.44,13.51,13.38
17:27:19,DECR,14.97,13.42,17.04,14.97,177,331,12.93,20877.06,968,3695,2,0.1,NaN,NaN,NaN,NaN,NaN,25,5,5,15.55,15.44,13.51,13.38
17:27:20,DECR,15,13.42,17.04,15,233,516,18.08,20895.15,968,3696,2,0.1,NaN,NaN,NaN,NaN,NaN,25,5,5,15.55,15.44,13.51,13.38
17:27:21,DECR,15.03,13.42,17.04,15.03,406,444,15.67,20910.82,968,3697,2,0.1,NaN,NaN,NaN,NaN,NaN,25,5,5,15.55,15.44,13.51,13.38
17:27:22,DECR,15.04,13.42,17.04,15.04,432,326,10.4,20921.22,968,3698,2,0.1,NaN,NaN,NaN,NaN,NaN,25,5,5,15.55,15.44,13.51,13.38
17:27:23,DECR,15.05,13.42,17.04,15.05,268,260,15.75,20936.97,968,3699,2,0.1,NaN,NaN,NaN,NaN,NaN,25,5,5,15.55,15.44,13.51,13.38
17:27:24,DECR,15.05,13.42,17.04,15.05,213,406,15.3,20952.27,968,3700,2,0.1,NaN,NaN,NaN,NaN,NaN,25,5,5,15.55,15.44,13.51,13.38
17:27:26,DECR,15.05,13.42,17.04,15.05,361,386,14.25,20966.53,968,3701,2,0.1,NaN,NaN,NaN,NaN,NaN,25,5,5,15.55,15.44,13.51,13.38
17:27:27,DECR,15.05,13.42,17.04,15.05,360,292,8.45,20974.98,968,3702,2,0.1,NaN,NaN,NaN,NaN,NaN,25,5,5,15.55,15.44,13.51,13.38
17:27:28,DECR,15.05,13.42,17.04,15.05,334,262,5.03,20980.01,968,3703,2,0.1,NaN,NaN,NaN,NaN,NaN,25,5,5,15.55,15.44,13.51,13.38
17:27:29,DECR,15.07,13.42,17.04,15.07,366,262,2.86,20982.87,968,3704,2,0.1,NaN,NaN,NaN,NaN,NaN,25,5,5,15.55,15.44,13.51,13.38
17:27:30,DECR,15.09,13.42,17.04,15.09,379,288,2.76,20985.63,968,3705,2,0.1,NaN,NaN,NaN,NaN,NaN,25,5,5,15.55,15.44,13.51,13.38
17:27:31,DECR,15.12,13.42,17.04,15.12,400,321,3.37,20989.01,968,3706,2,0.1,NaN,NaN,NaN,NaN,NaN,25,5,5,15.55,15.44,13.51,13.38
17:27:32,DECR,15.13,13.42,17.04,15.13,415,340,3.78,20992.79,968,3707,2,0.1,NaN,NaN,NaN,NaN,NaN,25,5,5,15.55,15.44,13.51,13.38
17:27:33,DECR,15.14,13.42,17.04,15.14,381,294,6.89,20999.68,968,3708,2,0.1,NaN,NaN,NaN,NaN,NaN,25,5,5,15.55,15.44,13.51,13.38
17:27:34,DECR,15.14,13.42,17.04,15.14,337,268,5.41,21005.1,968,3709,2,0.1,NaN,NaN,NaN,NaN,NaN,25,5,5,15.55,15.44,13.51,13.38
17:27:35,DECR,15.14,13.42,17.04,15.14,336,289,2.28,21007.37,968,3710,2,0.1,NaN,NaN,NaN,NaN,NaN,25,5,5,15.55,15.44,13.51,13.38
17:27:36,DECR,15.14,13.42,17.04,15.14,230,284,9.21,21016.58,968,3711,2,0.1,NaN,NaN,NaN,NaN,NaN,25,5,5,15.55,15.44,13.51,13.38
17:27:37,DECR,15.14,13.42,17.04,15.14,178,426,14.28,21030.86,968,3712,2,0.1,NaN,NaN,NaN,NaN,NaN,25,5,5,15.55,15.44,13.51,13.38
17:27:38,DECR,15.14,13.42,17.04,15.14,328,432,13.51,21044.37,968,3713,2,0.1,NaN,NaN,NaN,NaN,NaN,25,5,5,15.55,15.44,13.51,13.38
17:27:39,DECR,15.14,13.42,17.03,15.14,352,320,9.78,21054.15,968,3714,2,0.1,NaN,NaN,NaN,NaN,NaN,25,5,5,15.55,15.44,13.51,13.38
17:27:40,DECR,15.14,13.42,17.03,15.14,242,282,10.84,21064.99,968,3715,2,0.1,NaN,NaN,NaN,NaN,NaN,25,5,5,15.55,15.44,13.51,13.38
17:27:41,DECR,15.15,13.42,17.03,15.15,240,428,15.24,21080.23,968,3716,2,0.1,NaN,NaN,NaN,NaN,NaN,25,5,5,15.55,15.44,13.51,13.38
17:27:42,DECR,15.15,13.42,17.04,15.15,354,338,12.24,21092.48,968,3717,2,0.1,NaN,NaN,NaN,NaN,NaN,25,5,5,15.55,15.44,13.51,13.38
17:27:43,DECR,15.15,13.42,17.03,15.15,338,284,5.41,21097.88,968,3718,2,0.1,NaN,NaN,NaN,NaN,NaN,25,5,5,15.55,15.44,13.51,13.38
17:27:44,DECR,15.15,13.42,17.03,15.15,316,261,2.46,21100.34,968,3719,2,0.1,NaN,NaN,NaN,NaN,NaN,25,5,5,15.55,15.44,13.51,13.38
17:27:45,DECR,15.15,13.42,17.03,15.15,322,290,2.68,21103.02,968,3720,2,0.1,NaN,NaN,NaN,NaN,NaN,25,5,5,15.55,15.44,13.51,13.38
17:27:46,DECR,15.15,13.42,17.03,15.15,408,357,9.08,21112.1,968,3721,2,0.1,NaN,NaN,NaN,NaN,NaN,25,5,5,15.55,15.44,13.51,13.38
17:27:47,DECR,15.15,13.42,17.02,15.15,443,355,3.01,21115.11,968,3722,2,0.1,NaN,NaN,NaN,NaN,NaN,25,5,5,15.55,15.44,13.51,13.38
17:27:48,DECR,15.15,13.42,17.02,15.15,467,360,1.96,21117.07,968,3723,2,0.1,NaN,NaN,NaN,NaN,NaN,25,5,5,15.55,15.44,13.51,13.38
17:27:49,DECR,15.15,13.42,17.02,15.15,509,388,4.17,21121.24,968,3724,2,0.1,NaN,NaN,NaN,NaN,NaN,25,5,5,15.55,15.44,13.51,13.38
17:27:50,INCR,17.02,13.42,17.02,15.15,611,387,8.34,21129.58,969,3724,2,0.1,NaN,NaN,NaN,NaN,NaN,25,5,5,15.55,15.44,13.62,13.39
17:27:51,INCR,17.01,13.42,17.01,15.15,764,327,10,21139.58,970,3724,2,0.1,NaN,NaN,NaN,NaN,NaN,25,5,5,15.55,15.44,13.62,13.39
17:27:52,INCR,17.01,13.42,17.01,15.15,807,272,5.34,21144.92,971,3724,2,0.1,NaN,NaN,NaN,NaN,NaN,25,5,5,15.55,15.44,13.62,13.39
17:27:53,INCR,17.01,13.42,17.01,15.15,726,257,6.91,21151.83,972,3724,2,0.1,NaN,NaN,NaN,NaN,NaN,25,5,5,15.55,15.44,13.62,13.39
17:27:54,INCR,17.01,13.42,17.01,15.16,711,260,2,21153.83,973,3724,2,0.1,NaN,NaN,NaN,NaN,NaN,25,5,5,15.55,15.44,13.62,13.39
17:27:55,INCR,17.02,13.42,17.02,15.16,749,267,3.29,21157.12,974,3724,2,0.1,NaN,NaN,NaN,NaN,NaN,25,5,5,15.55,15.44,13.62,13.39
17:27:56,INCR,17.02,13.42,17.02,15.16,759,312,4.64,21161.76,975,3724,2,0.1,NaN,NaN,NaN,NaN,NaN,25,5,5,15.55,15.44,13.62,13.39
17:27:57,INCR,17.01,13.42,17.01,15.15,795,441,10.97,21172.73,976,3724,2,0.1,NaN,NaN,NaN,NaN,NaN,25,5,5,15.55,15.44,13.62,13.39
17:27:58,INCR,17.01,13.42,17.01,15.15,833,513,6.19,21178.92,977,3724,2,0.1,NaN,NaN,NaN,NaN,NaN,25,5,5,15.55,15.44,13.62,13.39
17:27:59,INCR,17.01,13.42,17.01,15.15,851,514,1.51,21180.43,978,3724,2,0.1,NaN,NaN,NaN,NaN,NaN,25,5,5,15.55,15.44,13.62,13.39
17:28:00,INCR,17.01,13.42,17.01,15.15,879,476,3.66,21184.09,979,3724,2,0.1,NaN,NaN,NaN,NaN,NaN,25,5,5,15.55,15.44,13.62,13.39
17:28:01,INCR,17.02,13.42,17.02,15.15,886,427,3.73,21187.82,980,3724,2,0.1,NaN,NaN,NaN,NaN,NaN,25,5,5,15.55,15.44,13.62,13.39
17:28:02,INCR,17.02,13.42,17.02,15.15,897,433,1.51,21189.33,981,3724,2,0.1,NaN,NaN,NaN,NaN,NaN,25,5,5,15.55,15.44,13.62,13.39
17:28:03,INCR,17.02,13.42,17.02,15.15,900,447,1.83,21191.16,982,3724,2,0.1,NaN,NaN,NaN,NaN,NaN,25,5,5,15.55,15.44,13.62,13.39
17:28:04,INCR,17.02,13.42,17.02,15.15,903,423,1.84,21193.01,983,3724,2,0.1,NaN,NaN,NaN,NaN,NaN,25,5,5,15.55,15.44,13.62,13.39
17:28:05,INCR,17.02,13.42,17.02,15.15,900,400,1.89,21194.9,984,3724,2,0.1,NaN,NaN,NaN,NaN,NaN,25,5,5,15.55,15.44,13.62,13.39
17:28:06,INCR,17.02,13.42,17.02,15.15,902,384,1.42,21196.32,985,3724,2,0.1,NaN,NaN,NaN,NaN,NaN,25,5,5,15.55,15.44,13.62,13.39
17:28:07,INCR,17.02,13.42,17.02,15.14,906,388,0.73,21197.05,986,3724,2,0.1,NaN,NaN,NaN,NaN,NaN,25,5,5,15.55,15.44,13.62,13.39
17:28:08,INCR,17.03,13.42,17.03,15.15,905,398,1.59,21198.64,987,3724,2,0.1,NaN,NaN,NaN,NaN,NaN,25,5,5,15.55,15.44,13.62,13.39
17:28:09,INCR,17.03,13.42,17.03,15.15,872,436,2.78,21201.42,988,3724,2,0.1,NaN,NaN,NaN,NaN,NaN,25,5,5,15.55,15.44,13.62,13.39
17:28:10,INCR,17.04,13.42,17.04,15.15,857,476,3.41,21204.83,989,3724,2,0.1,NaN,NaN,NaN,NaN,NaN,25,5,5,15.55,15.44,13.62,13.39
17:28:12,INCR,17.04,13.42,17.04,15.14,811,509,4.51,21209.34,990,3724,2,0.1,NaN,NaN,NaN,NaN,NaN,25,5,5,15.55,15.44,13.62,13.39
17:28:13,INCR,17.05,13.42,17.05,15.14,751,521,4.48,21213.82,991,3724,2,0.1,NaN,NaN,NaN,NaN,NaN,25,5,5,15.55,15.44,13.62,13.39
17:28:14,INCR,17.05,13.42,17.05,15.14,715,514,2.96,21216.78,992,3724,2,0.1,NaN,NaN,NaN,NaN,NaN,25,5,5,15.55,15.44,13.62,13.39
17:28:15,INCR,17.07,13.42,17.07,15.14,666,489,4.54,21221.33,993,3724,2,0.1,NaN,NaN,NaN,NaN,NaN,25,5,5,15.55,15.44,13.62,13.39
17:28:16,INCR,17.1,13.42,17.1,15.15,678,516,2.82,21224.15,994,3724,2,0.1,NaN,NaN,NaN,NaN,NaN,25,5,5,15.55,15.44,13.62,13.39
17:28:17,INCR,17.12,13.42,17.12,15.14,713,549,3.94,21228.09,995,3724,2,0.1,NaN,NaN,NaN,NaN,NaN,25,5,5,15.55,15.44,13.62,13.39
17:28:18,INCR,17.13,13.42,17.13,15.14,766,555,4.45,21232.53,996,3724,2,0.1,NaN,NaN,NaN,NaN,NaN,25,5,5,15.55,15.44,13.62,13.39
17:28:19,INCR,17.14,13.42,17.14,15.14,827,537,5.33,21237.86,997,3724,2,0.1,NaN,NaN,NaN,NaN,NaN,25,5,5,15.55,15.44,13.62,13.39
17:28:20,INCR,17.14,13.42,17.14,15.14,879,506,4.32,21242.18,998,3724,2,0.1,NaN,NaN,NaN,NaN,NaN,25,5,5,15.55,15.44,13.62,13.39
17:28:21,INCR,17.14,13.42,17.14,15.13,897,461,3.76,21245.94,999,3724,2,0.1,NaN,NaN,NaN,NaN,NaN,25,5,5,15.55,15.44,13.62,13.39
17:28:22,INCR,17.14,13.43,17.14,15.13,905,430,2.7,21248.64,1000,3724,2,0.1,NaN,NaN,NaN,NaN,NaN,25,5,5,15.55,15.44,13.62,13.39
17:28:23,INCR,17.14,13.43,17.14,15.13,909,401,2.45,21251.09,1001,3724,2,0.1,NaN,NaN,NaN,NaN,NaN,25,5,5,15.55,15.44,13.62,13.39
17:28:24,INCR,17.15,13.43,17.15,15.13,901,395,1.53,21252.62,1002,3724,2,0.1,NaN,NaN,NaN,NaN,NaN,25,5,5,15.55,15.44,13.62,13.39
17:28:25,INCR,17.15,13.43,17.15,15.13,898,389,0.54,21253.16,1003,3724,2,0.1,NaN,NaN,NaN,NaN,NaN,25,5,5,15.55,15.44,13.62,13.39
17:28:26,INCR,17.16,13.43,17.16,15.13,884,369,2.19,21255.35,1004,3724,2,0.1,NaN,NaN,NaN,NaN,NaN,25,5,5,15.55,15.44,13.62,13.39
17:28:27,INCR,17.19,13.43,17.19,15.12,852,368,2.88,21258.23,1005,3724,2,0.1,NaN,NaN,NaN,NaN,NaN,25,5,5,15.55,15.44,13.62,13.39
17:28:28,INCR,17.21,13.43,17.21,15.12,759,506,12.55,21270.78,1006,3724,2,0.1,NaN,NaN,NaN,NaN,NaN,25,5,5,15.55,15.44,13.62,13.39
17:28:29,INCR,17.23,13.43,17.23,15.12,738,537,5.02,21275.8,1007,3724,2,0.1,NaN,NaN,NaN,NaN,NaN,25,5,5,15.55,15.44,13.62,13.39
17:28:30,INCR,17.23,13.43,17.23,15.11,767,548,2.43,21278.23,1008,3724,2,0.1,NaN,NaN,NaN,NaN,NaN,25,5,5,15.55,15.44,13.62,13.39
17:28:31,INCR,17.23,13.43,17.23,15.11,782,549,1.28,21279.51,1009,3724,2,0.1,NaN,NaN,NaN,NaN,NaN,25,5,5,15.55,15.44,13.62,13.39
17:28:32,INCR,17.24,13.43,17.24,15.11,789,553,0.68,21280.19,1010,3724,2,0.1,NaN,NaN,NaN,NaN,NaN,25,5,5,15.55,15.44,13.62,13.39
17:28:33,INCR,17.24,13.43,17.24,15.11,820,540,2.74,21282.93,1011,3724,2,0.1,NaN,NaN,NaN,NaN,NaN,25,5,5,15.55,15.44,13.62,13.39
17:28:34,INCR,17.24,13.43,17.24,15.11,844,531,2.1,21285.03,1012,3724,2,0.1,NaN,NaN,NaN,NaN,NaN,25,5,5,15.55,15.44,13.62,13.39
17:28:35,INCR,17.25,13.43,17.25,15.11,870,514,2.25,21287.28,1013,3724,2,0.1,NaN,NaN,NaN,NaN,NaN,25,5,5,15.55,15.44,13.62,13.39
17:28:36,INCR,17.25,13.43,17.25,15.11,889,474,3.18,21290.46,1014,3724,2,0.1,NaN,NaN,NaN,NaN,NaN,25,5,5,15.55,15.44,13.62,13.39
17:28:37,INCR,17.25,13.43,17.25,15.1,900,441,2.67,21293.13,1015,3724,2,0.1,NaN,NaN,NaN,NaN,NaN,25,5,5,15.55,15.44,13.62,13.39
17:28:38,INCR,17.25,13.43,17.25,15.09,912,418,2.28,21295.4,1016,3724,2,0.1,NaN,NaN,NaN,NaN,NaN,25,5,5,15.55,15.44,13.62,13.39
17:28:39,INCR,17.25,13.43,17.25,15.09,901,407,2.81,21298.21,1017,3724,2,0.1,NaN,NaN,NaN,NaN,NaN,25,5,5,15.55,15.44,13.62,13.39
17:28:40,INCR,17.25,13.43,17.25,15.09,891,408,0.96,21299.17,1018,3724,2,0.1,NaN,NaN,NaN,NaN,NaN,25,5,5,15.55,15.44,13.62,13.39
17:28:41,INCR,17.26,13.43,17.26,15.1,902,414,1.35,21300.52,1019,3724,2,0.1,NaN,NaN,NaN,NaN,NaN,25,5,5,15.55,15.44,13.62,13.39
17:28:42,INCR,17.26,13.43,17.26,15.1,902,425,1.42,21301.94,1020,3724,2,0.1,NaN,NaN,NaN,NaN,NaN,25,5,5,15.55,15.44,13.62,13.39
17:28:43,INCR,17.26,13.43,17.26,15.1,868,454,4.26,21306.2,1021,3724,2,0.1,NaN,NaN,NaN,NaN,NaN,25,5,5,15.55,15.44,13.62,13.39
17:28:44,INCR,17.26,13.43,17.26,15.09,881,472,1.99,21308.19,1022,3724,2,0.1,NaN,NaN,NaN,NaN,NaN,25,5,5,15.55,15.44,13.62,13.39
17:28:45,INCR,17.26,13.43,17.26,15.09,892,475,1.27,21309.46,1023,3724,2,0.1,NaN,NaN,NaN,NaN,NaN,25,5,5,15.55,15.44,13.62,13.39
17:28:46,INCR,17.27,13.43,17.27,15.09,892,433,3.29,21312.75,1024,3724,2,0.1,NaN,NaN,NaN,NaN,NaN,25,5,5,15.55,15.44,13.62,13.39
17:28:47,INCR,17.27,13.43,17.27,15.1,907,396,3.34,21316.09,1025,3724,2,0.1,NaN,NaN,NaN,NaN,NaN,25,5,5,15.55,15.44,13.62,13.39
17:28:48,INCR,17.27,13.43,17.27,15.1,906,404,1.19,21317.28,1026,3724,2,0.1,NaN,NaN,NaN,NaN,NaN,25,5,5,15.55,15.44,13.62,13.39
17:28:49,INCR,17.27,13.43,17.27,15.1,882,441,3.56,21320.84,1027,3724,2,0.1,NaN,NaN,NaN,NaN,NaN,25,5,5,15.55,15.44,13.62,13.39
17:28:50,INCR,17.27,13.43,17.27,15.1,834,479,5.16,21326,1028,3724,2,0.1,NaN,NaN,NaN,NaN,NaN,25,5,5,15.55,15.44,13.62,13.39
17:28:51,INCR,17.27,13.43,17.27,15.11,787,526,5.71,21331.71,1029,3724,2,0.1,NaN,NaN,NaN,NaN,NaN,25,5,5,15.55,15.44,13.62,13.39
17:28:52,INCR,17.27,13.43,17.27,15.11,712,530,6.24,21337.95,1030,3724,2,0.1,NaN,NaN,NaN,NaN,NaN,25,5,5,15.55,15.44,13.62,13.39
17:28:54,INCR,17.28,13.43,17.28,15.12,645,477,7.24,21345.19,1031,3724,2,0.1,NaN,NaN,NaN,NaN,NaN,25,5,5,15.55,15.44,13.62,13.39
17:28:55,INCR,17.28,13.43,17.28,15.14,656,344,9.58,21354.77,1032,3724,2,0.1,NaN,NaN,NaN,NaN,NaN,25,5,5,15.55,15.44,13.62,13.39
17:28:56,INCR,17.28,13.43,17.28,15.18,729,279,8.17,21362.94,1033,3724,2,0.1,NaN,NaN,NaN,NaN,NaN,25,5,5,15.55,15.44,13.62,13.39
17:28:57,INCR,17.28,13.43,17.28,15.2,833,281,8.09,21371.03,1034,3724,2,0.1,NaN,NaN,NaN,NaN,NaN,25,5,5,15.55,15.44,13.62,13.39
17:28:58,INCR,17.28,13.43,17.28,15.21,915,390,10.47,21381.49,1035,3724,2,0.1,NaN,NaN,NaN,NaN,NaN,25,5,5,15.55,15.44,13.62,13.39
17:28:59,INCR,17.28,13.43,17.28,15.21,869,511,10.93,21392.43,1036,3724,2,0.1,NaN,NaN,NaN,NaN,NaN,25,5,5,15.55,15.44,13.62,13.39
17:29:00,INCR,17.28,13.43,17.28,15.24,765,497,8.89,21401.31,1037,3724,2,0.1,NaN,NaN,NaN,NaN,NaN,25,5,5,15.55,15.44,13.62,13.39
17:29:01,INCR,17.28,13.43,17.28,15.26,753,378,9.95,21411.27,1038,3724,2,0.1,NaN,NaN,NaN,NaN,NaN,25,5,5,15.55,15.44,13.62,13.39
17:29:02,INCR,17.27,13.43,17.27,15.29,814,324,6.67,21417.94,1039,3724,2,0.1,NaN,NaN,NaN,NaN,NaN,25,5,5,15.55,15.44,13.62,13.39
17:29:03,INCR,17.27,13.43,17.27,15.29,852,309,3.56,21421.49,1040,3724,2,0.1,NaN,NaN,NaN,NaN,NaN,25,5,5,15.55,15.44,13.62,13.39
17:29:04,INCR,17.27,13.43,17.27,15.3,847,310,0.79,21422.28,1041,3724,2,0.1,NaN,NaN,NaN,NaN,NaN,25,5,5,15.55,15.44,13.62,13.39
17:29:05,INCR,17.27,13.43,17.27,15.3,861,333,1.06,21423.34,1042,3724,2,0.1,NaN,NaN,NaN,NaN,NaN,25,5,5,15.55,15.44,13.62,13.39
17:29:06,INCR,17.27,13.43,17.27,15.31,877,373,3.05,21426.4,1043,3724,2,0.1,NaN,NaN,NaN,NaN,NaN,25,5,5,15.55,15.44,13.62,13.39
17:29:07,INCR,17.27,13.43,17.27,15.34,881,419,3.11,21429.51,1044,3724,2,0.1,NaN,NaN,NaN,NaN,NaN,25,5,5,15.55,15.44,13.62,13.39
17:29:08,INCR,17.27,13.43,17.27,15.37,864,468,4.23,21433.74,1045,3724,2,0.1,NaN,NaN,NaN,NaN,NaN,25,5,5,15.55,15.44,13.62,13.39
17:29:09,INCR,17.27,13.43,17.27,15.42,822,505,4.64,21438.38,1046,3724,2,0.1,NaN,NaN,NaN,NaN,NaN,25,5,5,15.55,15.44,13.62,13.39
17:29:10,INCR,17.27,13.43,17.27,15.44,776,538,4.72,21443.1,1047,3724,2,0.1,NaN,NaN,NaN,NaN,NaN,25,5,5,15.55,15.44,13.62,13.39
17:29:11,INCR,17.27,13.43,17.27,15.47,812,544,3.38,21446.48,1048,3724,2,0.1,NaN,NaN,NaN,NaN,NaN,25,5,5,15.55,15.44,13.62,13.39
17:29:12,INCR,17.27,13.43,17.27,15.49,864,508,5.31,21451.79,1049,3724,2,0.1,NaN,NaN,NaN,NaN,NaN,25,5,5,15.55,15.44,13.62,13.39
17:29:13,INCR,17.27,13.43,17.27,15.51,900,460,5.09,21456.88,1050,3724,2,0.1,NaN,NaN,NaN,NaN,NaN,25,5,5,15.55,15.44,13.62,13.39
17:29:14,INCR,17.26,13.43,17.26,15.54,909,427,2.77,21459.65,1051,3724,2,0.1,NaN,NaN,NaN,NaN,NaN,25,5,5,15.55,15.44,13.62,13.39
17:29:15,INCR,17.26,13.43,17.26,15.55,905,386,3.6,21463.24,1052,3724,2,0.1,NaN,NaN,NaN,NaN,NaN,25,5,5,15.55,15.44,13.62,13.39
17:29:16,INCR,17.26,13.43,17.26,15.55,898,372,2.57,21465.81,1053,3724,2,0.1,NaN,NaN,NaN,NaN,NaN,25,5,5,15.55,15.44,13.62,13.39
17:29:17,INCR,17.26,13.43,17.26,15.55,794,404,9.56,21475.37,1054,3724,2,0.1,NaN,NaN,NaN,NaN,NaN,25,5,5,15.55,15.44,13.62,13.39
17:29:18,INCR,17.26,13.43,17.26,15.55,688,496,11.47,21486.84,1055,3724,2,0.1,NaN,NaN,NaN,NaN,NaN,25,5,5,15.55,15.44,13.62,13.39
17:29:19,INCR,17.26,13.43,17.26,15.56,677,524,3.64,21490.48,1056,3724,2,0.1,NaN,NaN,NaN,NaN,NaN,25,5,5,15.55,15.44,13.62,13.39
17:29:20,INCR,17.26,13.43,17.26,15.59,718,549,4.15,21494.63,1057,3724,2,0.1,NaN,NaN,NaN,NaN,NaN,25,5,5,15.55,15.44,13.62,13.39
17:29:21,INCR,17.25,13.43,17.25,15.62,798,551,6.59,21501.22,1058,3724,2,0.1,NaN,NaN,NaN,NaN,NaN,25,5,5,15.55,15.44,13.62,13.39
17:29:22,INCR,17.25,13.43,17.25,15.64,824,539,2.82,21504.04,1059,3724,2,0.1,NaN,NaN,NaN,NaN,NaN,25,5,5,15.55,15.44,13.62,13.39
17:29:23,INCR,17.25,13.43,17.25,15.64,849,444,7.91,21511.94,1060,3724,2,0.1,NaN,NaN,NaN,NaN,NaN,25,5,5,15.55,15.44,13.62,13.39
17:29:24,INCR,17.25,13.43,17.25,15.64,870,432,4.33,21516.27,1061,3724,2,0.1,NaN,NaN,NaN,NaN,NaN,25,5,5,15.55,15.44,13.62,13.39
17:29:25,INCR,17.24,13.43,17.24,15.65,856,474,4.13,21520.4,1062,3724,2,0.1,NaN,NaN,NaN,NaN,NaN,25,5,5,15.55,15.44,13.62,13.39
17:29:26,INCR,17.24,13.43,17.24,15.65,805,523,4.04,21524.44,1063,3724,2,0.1,NaN,NaN,NaN,NaN,NaN,25,5,5,15.55,15.44,13.62,13.39
17:29:27,INCR,17.24,13.43,17.24,15.65,726,537,6.34,21530.78,1064,3724,2,0.1,NaN,NaN,NaN,NaN,NaN,25,5,5,15.55,15.44,13.62,13.39
17:29:28,INCR,17.23,13.43,17.23,15.65,662,496,5.75,21536.53,1065,3724,2,0.1,NaN,NaN,NaN,NaN,NaN,25,5,5,15.55,15.44,13.62,13.39
17:29:29,INCR,17.23,13.43,17.23,15.65,617,438,6.77,21543.3,1066,3724,2,0.1,NaN,NaN,NaN,NaN,NaN,25,5,5,15.55,15.44,13.62,13.39
17:29:30,INCR,17.23,13.43,17.23,15.65,621,336,8.98,21552.29,1067,3724,2,0.1,NaN,NaN,NaN,NaN,NaN,25,5,5,15.55,15.44,13.62,13.39
17:29:31,INCR,17.23,13.43,17.23,15.66,712,260,9.88,21562.16,1068,3724,2,0.1,NaN,NaN,NaN,NaN,NaN,25,5,5,15.55,15.44,13.62,13.39
17:29:32,INCR,17.23,13.43,17.23,15.66,857,288,11.31,21573.47,1069,3724,2,0.1,NaN,NaN,NaN,NaN,NaN,25,5,5,15.55,15.44,13.62,13.39
17:29:33,INCR,17.23,13.43,17.23,15.67,905,397,10.23,21583.7,1070,3724,2,0.1,NaN,NaN,NaN,NaN,NaN,25,5,5,15.55,15.44,13.62,13.39
17:29:34,INCR,17.23,13.43,17.23,15.67,865,506,9.6,21593.31,1071,3724,2,0.1,NaN,NaN,NaN,NaN,NaN,25,5,5,15.55,15.44,13.62,13.39
17:29:35,INCR,17.22,13.43,17.22,15.67,802,528,5.59,21598.89,1072,3724,2,0.1,NaN,NaN,NaN,NaN,NaN,25,5,5,15.55,15.44,13.62,13.39
17:29:37,INCR,17.22,13.43,17.22,15.67,731,436,9.91,21608.81,1073,3724,2,0.1,NaN,NaN,NaN,NaN,NaN,25,5,5,15.55,15.44,13.62,13.39
17:29:38,INCR,17.22,13.43,17.22,15.67,802,344,9.65,21618.46,1074,3724,2,0.1,NaN,NaN,NaN,NaN,NaN,25,5,5,15.55,15.44,13.62,13.39
17:29:39,INCR,17.22,13.43,17.22,15.67,864,358,5.74,21624.2,1075,3724,2,0.1,NaN,NaN,NaN,NaN,NaN,25,5,5,15.55,15.44,13.62,13.39
17:29:40,INCR,17.21,13.43,17.21,15.67,901,387,5.89,21630.09,1076,3724,2,0.1,NaN,NaN,NaN,NaN,NaN,25,5,5,15.55,15.44,13.62,13.39
17:29:41,INCR,17.19,13.43,17.19,15.67,892,343,4.12,21634.21,1077,3724,2,0.1,NaN,NaN,NaN,NaN,NaN,25,5,5,15.55,15.44,13.62,13.39
17:29:42,INCR,17.16,13.43,17.16,15.67,879,329,2.03,21636.24,1078,3724,2,0.1,NaN,NaN,NaN,NaN,NaN,25,5,5,15.55,15.44,13.62,13.39
17:29:43,INCR,17.15,13.43,17.15,15.67,843,330,3.51,21639.75,1079,3724,2,0.1,NaN,NaN,NaN,NaN,NaN,25,5,5,15.55,15.44,13.62,13.39
17:29:44,INCR,17.15,13.43,17.15,15.66,768,450,11.72,21651.47,1080,3724,2,0.1,NaN,NaN,NaN,NaN,NaN,25,5,5,15.55,15.44,13.62,13.39
17:29:45,INCR,17.15,13.43,17.15,15.67,751,526,6.44,21657.91,1081,3724,2,0.1,NaN,NaN,NaN,NaN,NaN,25,5,5,15.55,15.44,13.62,13.39
17:29:46,INCR,17.15,13.43,17.15,15.66,699,532,5.22,21663.13,1082,3724,2,0.1,NaN,NaN,NaN,NaN,NaN,25,5,5,15.55,15.44,13.62,13.39
17:29:47,INCR,17.14,13.43,17.14,15.66,641,486,5.57,21668.7,1083,3724,2,0.1,NaN,NaN,NaN,NaN,NaN,25,5,5,15.55,15.44,13.62,13.39
17:29:48,INCR,17.14,13.43,17.14,15.66,595,405,6.31,21675,1084,3724,2,0.1,NaN,NaN,NaN,NaN,NaN,25,5,5,15.55,15.44,13.62,13.39
17:29:49,DECR,15.66,13.43,17.14,15.66,534,393,5.42,21680.42,1084,3725,2,0.1,NaN,NaN,NaN,NaN,NaN,25,5,5,15.65,15.48,13.62,13.39
17:29:50,DECR,15.66,13.43,17.14,15.66,458,377,5.16,21685.58,1084,3726,2,0.1,NaN,NaN,NaN,NaN,NaN,25,5,5,15.65,15.48,13.62,13.39
17:29:51,DECR,15.66,13.43,17.14,15.66,374,327,7.99,21693.57,1084,3727,2,0.1,NaN,NaN,NaN,NaN,NaN,25,5,5,15.65,15.48,13.62,13.39
17:29:52,DECR,15.66,13.43,17.13,15.66,261,273,10.34,21703.91,1084,3728,2,0.1,NaN,NaN,NaN,NaN,NaN,25,5,5,15.65,15.48,13.62,13.39
17:29:53,DECR,15.66,13.43,17.13,15.66,178,386,12.48,21716.39,1084,3729,2,0.1,NaN,NaN,NaN,NaN,NaN,25,5,5,15.65,15.48,13.62,13.39
17:29:54,DECR,15.66,13.43,17.12,15.66,291,518,14.44,21730.84,1084,3730,2,0.1,NaN,NaN,NaN,NaN,NaN,25,5,5,15.65,15.48,13.62,13.39
17:29:55,DECR,15.66,13.43,17.12,15.66,397,528,8.29,21739.13,1084,3731,2,0.1,NaN,NaN,NaN,NaN,NaN,25,5,5,15.65,15.48,13.62,13.39
17:29:56,DECR,15.66,13.43,17.12,15.66,478,429,10.39,21749.52,1084,3732,2,0.1,NaN,NaN,NaN,NaN,NaN,25,5,5,15.65,15.48,13.62,13.39
17:29:57,DECR,15.66,13.43,17.12,15.66,533,392,5.71,21755.22,1084,3733,2,0.1,NaN,NaN,NaN,NaN,NaN,25,5,5,15.65,15.48,13.62,13.39
17:29:58,INCR,17.12,13.43,17.12,15.66,621,388,7.26,21762.49,1085,3733,2,0.1,NaN,NaN,NaN,NaN,NaN,25,5,5,15.65,15.48,13.75,13.55
17:29:59,INCR,17.12,13.43,17.12,15.66,759,354,10.61,21773.1,1086,3733,2,0.1,NaN,NaN,NaN,NaN,NaN,25,5,5,15.65,15.48,13.75,13.55
17:30:00,INCR,17.12,13.43,17.12,15.66,835,349,6.26,21779.36,1087,3733,2,0.1,NaN,NaN,NaN,NaN,NaN,25,5,5,15.65,15.48,13.75,13.55
17:30:01,INCR,17.11,13.43,17.11,15.65,877,402,6.09,21785.45,1088,3733,2,0.1,NaN,NaN,NaN,NaN,NaN,25,5,5,15.65,15.48,13.75,13.55
17:30:02,INCR,17.12,13.43,17.12,15.65,907,377,5.91,21791.36,1089,3733,2,0.1,NaN,NaN,NaN,NaN,NaN,25,5,5,15.65,15.48,13.75,13.55
17:30:03,INCR,17.12,13.43,17.12,15.65,887,336,3.55,21794.91,1090,3733,2,0.1,NaN,NaN,NaN,NaN,NaN,25,5,5,15.65,15.48,13.75,13.55
17:30:04,INCR,17.12,13.43,17.12,15.65,864,305,3.74,21798.65,1091,3733,2,0.1,NaN,NaN,NaN,NaN,NaN,25,5,5,15.65,15.48,13.75,13.55
17:30:05,INCR,17.12,13.43,17.12,15.64,828,283,3.47,21802.12,1092,3733,2,0.1,NaN,NaN,NaN,NaN,NaN,25,5,5,15.65,15.48,13.75,13.55
17:30:06,INCR,17.12,13.43,17.12,15.64,834,284,1.07,21803.19,1093,3733,2,0.1,NaN,NaN,NaN,NaN,NaN,25,5,5,15.65,15.48,13.75,13.55
17:30:07,INCR,17.12,13.43,17.12,15.64,793,289,4.48,21807.67,1094,3733,2,0.1,NaN,NaN,NaN,NaN,NaN,25,5,5,15.65,15.48,13.75,13.55
17:30:08,INCR,17.13,13.43,17.13,15.64,728,319,6.22,21813.88,1095,3733,2,0.1,NaN,NaN,NaN,NaN,NaN,25,5,5,15.65,15.48,13.75,13.55
17:30:09,INCR,17.13,13.43,17.13,15.64,660,392,8.18,21822.06,1096,3733,2,0.1,NaN,NaN,NaN,NaN,NaN,25,5,5,15.65,15.48,13.75,13.55
17:30:10,INCR,17.13,13.43,17.13,15.64,636,410,3.28,21825.34,1097,3733,2,0.1,NaN,NaN,NaN,NaN,NaN,25,5,5,15.65,15.48,13.75,13.55
17:30:11,INCR,17.13,13.43,17.13,15.64,667,352,5.06,21830.4,1098,3733,2,0.1,NaN,NaN,NaN,NaN,NaN,25,5,5,15.65,15.48,13.75,13.55
17:30:12,INCR,17.13,13.43,17.13,15.64,683,316,3.45,21833.84,1099,3733,2,0.1,NaN,NaN,NaN,NaN,NaN,25,5,5,15.65,15.48,13.75,13.55
17:30:13,INCR,17.14,13.43,17.14,15.64,686,303,1.09,21834.94,1100,3733,2,0.1,NaN,NaN,NaN,NaN,NaN,25,5,5,15.65,15.48,13.75,13.55
17:30:14,INCR,17.14,13.43,17.14,15.63,700,292,1.51,21836.45,1101,3733,2,0.1,NaN,NaN,NaN,NaN,NaN,25,5,5,15.65,15.48,13.75,13.55
17:30:15,INCR,17.14,13.43,17.14,15.64,747,284,3.88,21840.33,1102,3733,2,0.1,NaN,NaN,NaN,NaN,NaN,25,5,5,15.65,15.48,13.75,13.55
17:30:16,INCR,17.15,13.43,17.15,15.64,791,286,3.59,21843.93,1103,3733,2,0.1,NaN,NaN,NaN,NaN,NaN,25,5,5,15.65,15.48,13.75,13.55
17:30:17,INCR,17.15,13.43,17.15,15.63,816,325,4.6,21848.53,1104,3733,2,0.1,NaN,NaN,NaN,NaN,NaN,25,5,5,15.65,15.48,13.75,13.55
17:30:18,INCR,17.16,13.43,17.16,15.63,778,457,11.27,21859.81,1105,3733,2,0.1,NaN,NaN,NaN,NaN,NaN,25,5,5,15.65,15.48,13.75,13.55
17:30:19,INCR,17.16,13.43,17.16,15.62,724,493,6.16,21865.97,1106,3733,2,0.1,NaN,NaN,NaN,NaN,NaN,25,5,5,15.65,15.48,13.75,13.55
17:30:20,INCR,17.16,13.43,17.16,15.62,684,433,4.07,21870.04,1107,3733,2,0.1,NaN,NaN,NaN,NaN,NaN,25,5,5,15.65,15.48,13.75,13.55
17:30:21,INCR,17.19,13.43,17.19,15.62,735,346,8.13,21878.17,1108,3733,2,0.1,NaN,NaN,NaN,NaN,NaN,25,5,5,15.65,15.48,13.75,13.55
17:30:22,INCR,17.21,13.43,17.21,15.62,829,317,7.52,21885.69,1109,3733,2,0.1,NaN,NaN,NaN,NaN,NaN,25,5,5,15.65,15.48,13.75,13.55
17:30:23,INCR,17.24,13.43,17.24,15.62,856,306,2.62,21888.32,1110,3733,2,0.1,NaN,NaN,NaN,NaN,NaN,25,5,5,15.65,15.48,13.75,13.55
17:30:24,INCR,17.24,13.43,17.24,15.62,836,287,2.21,21890.52,1111,3733,2,0.1,NaN,NaN,NaN,NaN,NaN,25,5,5,15.65,15.48,13.75,13.55
17:30:25,INCR,17.24,13.43,17.24,15.62,851,293,1.47,21892,1112,3733,2,0.1,NaN,NaN,NaN,NaN,NaN,25,5,5,15.65,15.48,13.75,13.55
17:30:27,INCR,17.25,13.43,17.25,15.61,772,378,7.36,21899.36,1113,3733,2,0.1,NaN,NaN,NaN,NaN,NaN,25,5,5,15.65,15.48,13.75,13.55
17:30:28,INCR,17.25,13.43,17.25,15.61,729,491,9.44,21908.8,1114,3733,2,0.1,NaN,NaN,NaN,NaN,NaN,25,5,5,15.65,15.48,13.75,13.55
17:30:29,INCR,17.25,13.43,17.25,15.61,740,540,4.05,21912.85,1115,3733,2,0.1,NaN,NaN,NaN,NaN,NaN,25,5,5,15.65,15.48,13.75,13.55
17:30:30,INCR,17.26,13.43,17.26,15.61,802,542,5.08,21917.93,1116,3733,2,0.1,NaN,NaN,NaN,NaN,NaN,25,5,5,15.65,15.48,13.75,13.55
17:30:31,INCR,17.26,13.43,17.26,15.6,867,514,5.37,21923.3,1117,3733,2,0.1,NaN,NaN,NaN,NaN,NaN,25,5,5,15.65,15.48,13.75,13.55
17:30:32,INCR,17.26,13.43,17.26,15.6,891,419,8.36,21931.66,1118,3733,2,0.1,NaN,NaN,NaN,NaN,NaN,25,5,5,15.65,15.48,13.75,13.55
17:30:33,INCR,17.26,13.43,17.26,15.6,895,371,4.02,21935.68,1119,3733,2,0.1,NaN,NaN,NaN,NaN,NaN,25,5,5,15.65,15.48,13.75,13.55
17:30:34,INCR,17.26,13.43,17.26,15.6,866,312,5.1,21940.78,1120,3733,2,0.1,NaN,NaN,NaN,NaN,NaN,25,5,5,15.65,15.48,13.75,13.55
17:30:35,INCR,17.26,13.43,17.26,15.6,808,279,5.25,21946.03,1121,3733,2,0.1,NaN,NaN,NaN,NaN,NaN,25,5,5,15.65,15.48,13.75,13.55
17:30:36,INCR,17.27,13.43,17.27,15.6,806,298,2.2,21948.23,1122,3733,2,0.1,NaN,NaN,NaN,NaN,NaN,25,5,5,15.65,15.48,13.75,13.55
17:30:37,INCR,17.27,13.43,17.27,15.59,852,325,4.65,21952.88,1123,3733,2,0.1,NaN,NaN,NaN,NaN,NaN,25,5,5,15.65,15.48,13.75,13.55
17:30:38,INCR,17.27,13.43,17.27,15.59,863,307,2.6,21955.48,1124,3733,2,0.1,NaN,NaN,NaN,NaN,NaN,25,5,5,15.65,15.48,13.75,13.55
17:30:39,INCR,17.27,13.43,17.27,15.59,829,272,3.05,21958.53,1125,3733,2,0.1,NaN,NaN,NaN,NaN,NaN,25,5,5,15.65,15.48,13.75,13.55
17:30:40,INCR,17.27,13.43,17.27,15.59,736,257,7.21,21965.73,1126,3733,2,0.1,NaN,NaN,NaN,NaN,NaN,25,5,5,15.65,15.48,13.75,13.55
17:30:41,INCR,17.27,13.43,17.27,15.59,689,278,4.86,21970.59,1127,3733,2,0.1,NaN,NaN,NaN,NaN,NaN,25,5,5,15.65,15.48,13.75,13.55
17:30:42,INCR,17.28,13.43,17.28,15.59,684,320,4.09,21974.68,1128,3733,2,0.1,NaN,NaN,NaN,NaN,NaN,25,5,5,15.65,15.48,13.75,13.55
17:30:43,INCR,17.28,13.43,17.28,15.59,661,328,2.6,21977.28,1129,3733,2,0.1,NaN,NaN,NaN,NaN,NaN,25,5,5,15.65,15.48,13.75,13.55
17:30:44,INCR,17.29,13.43,17.29,15.59,684,323,2.34,21979.62,1130,3733,2,0.1,NaN,NaN,NaN,NaN,NaN,25,5,5,15.65,15.48,13.75,13.55
17:30:45,INCR,17.28,13.43,17.28,15.59,728,287,4.66,21984.28,1131,3733,2,0.1,NaN,NaN,NaN,NaN,NaN,25,5,5,15.65,15.48,13.75,13.55
17:30:46,INCR,17.29,13.43,17.29,15.59,709,269,3.07,21987.35,1132,3733,2,0.1,NaN,NaN,NaN,NaN,NaN,25,5,5,15.65,15.48,13.75,13.55
17:30:47,INCR,17.28,13.43,17.28,15.59,719,293,3.21,21990.56,1133,3733,2,0.1,NaN,NaN,NaN,NaN,NaN,25,5,5,15.65,15.48,13.75,13.55
17:30:48,INCR,17.29,13.43,17.29,15.59,740,264,3.83,21994.39,1134,3733,2,0.1,NaN,NaN,NaN,NaN,NaN,25,5,5,15.65,15.48,13.75,13.55
17:30:49,INCR,17.29,13.43,17.29,15.59,724,261,2,21996.38,1135,3733,2,0.1,NaN,NaN,NaN,NaN,NaN,25,5,5,15.65,15.48,13.75,13.55
17:30:50,INCR,17.29,13.43,17.29,15.6,679,289,4.37,22000.75,1136,3733,2,0.1,NaN,NaN,NaN,NaN,NaN,25,5,5,15.65,15.48,13.75,13.55
17:30:51,INCR,17.29,13.43,17.29,15.6,667,313,4,22004.75,1137,3733,2,0.1,NaN,NaN,NaN,NaN,NaN,25,5,5,15.65,15.48,13.75,13.55
17:30:52,INCR,17.29,13.43,17.29,15.6,698,308,3.32,22008.07,1138,3733,2,0.1,NaN,NaN,NaN,NaN,NaN,25,5,5,15.65,15.48,13.75,13.55
17:30:53,INCR,17.29,13.43,17.29,15.59,740,280,3.85,22011.92,1139,3733,2,0.1,NaN,NaN,NaN,NaN,NaN,25,5,5,15.65,15.48,13.75,13.55
17:30:54,INCR,17.29,13.43,17.29,15.59,775,290,2.89,22014.81,1140,3733,2,0.1,NaN,NaN,NaN,NaN,NaN,25,5,5,15.65,15.48,13.75,13.55
17:30:55,INCR,17.29,13.43,17.29,15.59,806,295,2.03,22016.84,1141,3733,2,0.1,NaN,NaN,NaN,NaN,NaN,25,5,5,15.65,15.48,13.75,13.55
17:30:56,INCR,17.29,13.43,17.29,15.59,849,285,5.34,22022.18,1142,3733,2,0.1,NaN,NaN,NaN,NaN,NaN,25,5,5,15.65,15.48,13.75,13.55
17:30:57,INCR,17.3,13.43,17.3,15.6,792,265,4.27,22026.45,1143,3733,2,0.1,NaN,NaN,NaN,NaN,NaN,25,5,5,15.65,15.48,13.75,13.55
17:30:58,INCR,17.3,13.43,17.3,15.6,736,258,4.77,22031.23,1144,3733,2,0.1,NaN,NaN,NaN,NaN,NaN,25,5,5,15.65,15.48,13.75,13.55
17:30:59,INCR,17.3,13.43,17.3,15.6,668,283,5.17,22036.39,1145,3733,2,0.1,NaN,NaN,NaN,NaN,NaN,25,5,5,15.65,15.48,13.75,13.55
17:31:00,INCR,17.3,13.43,17.3,15.59,671,297,2.19,22038.59,1146,3733,2,0.1,NaN,NaN,NaN,NaN,NaN,25,5,5,15.65,15.48,13.75,13.55
17:31:01,INCR,17.29,13.43,17.29,15.59,653,325,2.77,22041.35,1147,3733,2,0.1,NaN,NaN,NaN,NaN,NaN,25,5,5,15.65,15.48,13.75,13.55
17:31:02,INCR,17.3,13.43,17.3,15.59,654,321,1.17,22042.52,1148,3733,2,0.1,NaN,NaN,NaN,NaN,NaN,25,5,5,15.65,15.48,13.75,13.55
17:31:03,INCR,17.3,13.43,17.3,15.6,667,316,1.06,22043.58,1149,3733,2,0.1,NaN,NaN,NaN,NaN,NaN,25,5,5,15.65,15.48,13.75,13.55
17:31:04,INCR,17.3,13.43,17.3,15.59,690,300,1.81,22045.39,1150,3733,2,0.1,NaN,NaN,NaN,NaN,NaN,25,5,5,15.65,15.48,13.75,13.55
17:31:05,INCR,17.29,13.43,17.29,15.59,729,295,2.89,22048.28,1151,3733,2,0.1,NaN,NaN,NaN,NaN,NaN,25,5,5,15.65,15.48,13.75,13.55
17:31:06,INCR,17.29,13.43,17.29,15.59,764,292,1.85,22050.13,1152,3733,2,0.1,NaN,NaN,NaN,NaN,NaN,25,5,5,15.65,15.48,13.75,13.55
17:31:07,INCR,17.29,13.43,17.29,15.59,804,292,2.81,22052.94,1153,3733,2,0.1,NaN,NaN,NaN,NaN,NaN,25,5,5,15.65,15.48,13.75,13.55
17:31:08,INCR,17.29,13.43,17.29,15.59,803,271,2.19,22055.12,1154,3733,2,0.1,NaN,NaN,NaN,NaN,NaN,25,5,5,15.65,15.48,13.75,13.55
17:31:09,INCR,17.29,13.43,17.29,15.59,807,269,0.99,22056.11,1155,3733,2,0.1,NaN,NaN,NaN,NaN,NaN,25,5,5,15.65,15.48,13.75,13.55
17:31:10,INCR,17.28,13.43,17.28,15.59,782,262,2.51,22058.63,1156,3733,2,0.1,NaN,NaN,NaN,NaN,NaN,25,5,5,15.65,15.48,13.75,13.55
17:31:11,INCR,17.28,13.43,17.28,15.59,801,298,4.23,22062.85,1157,3733,2,0.1,NaN,NaN,NaN,NaN,NaN,25,5,5,15.65,15.48,13.75,13.55
17:31:12,INCR,17.28,13.43,17.28,15.59,851,315,4.32,22067.17,1158,3733,2,0.1,NaN,NaN,NaN,NaN,NaN,25,5,5,15.65,15.48,13.75,13.55
17:31:13,INCR,17.28,13.43,17.28,15.59,835,283,3.5,22070.67,1159,3733,2,0.1,NaN,NaN,NaN,NaN,NaN,25,5,5,15.65,15.48,13.75,13.55
17:31:14,INCR,17.28,13.43,17.28,15.59,780,256,2.88,22073.56,1160,3733,2,0.1,NaN,NaN,NaN,NaN,NaN,25,5,5,15.65,15.48,13.75,13.55
17:31:16,INCR,17.28,13.43,17.28,15.59,712,261,5.63,22079.19,1161,3733,2,0.1,NaN,NaN,NaN,NaN,NaN,25,5,5,15.65,15.48,13.75,13.55
17:31:17,INCR,17.28,13.43,17.28,15.59,662,300,5.54,22084.72,1162,3733,2,0.1,NaN,NaN,NaN,NaN,NaN,25,5,5,15.65,15.48,13.75,13.55
17:31:18,INCR,17.27,13.43,17.27,15.59,687,318,3.63,22088.36,1163,3733,2,0.1,NaN,NaN,NaN,NaN,NaN,25,5,5,15.65,15.48,13.75,13.55
17:31:19,INCR,17.27,13.43,17.27,15.59,697,303,2.55,22090.9,1164,3733,2,0.1,NaN,NaN,NaN,NaN,NaN,25,5,5,15.65,15.48,13.75,13.55
17:31:20,INCR,17.27,13.43,17.27,15.59,728,288,3.73,22094.63,1165,3733,2,0.1,NaN,NaN,NaN,NaN,NaN,25,5,5,15.65,15.48,13.75,13.55
17:31:21,INCR,17.27,13.43,17.27,15.59,757,276,3.78,22098.41,1166,3733,2,0.1,NaN,NaN,NaN,NaN,NaN,25,5,5,15.65,15.48,13.75,13.55
17:31:22,INCR,17.27,13.43,17.27,15.59,773,283,4.05,22102.46,1167,3733,2,0.1,NaN,NaN,NaN,NaN,NaN,25,5,5,15.65,15.48,13.75,13.55
17:31:23,INCR,17.27,13.43,17.27,15.59,830,309,5.44,22107.91,1168,3733,2,0.1,NaN,NaN,NaN,NaN,NaN,25,5,5,15.65,15.48,13.75,13.55
17:31:24,INCR,17.26,13.43,17.26,15.59,873,340,4.15,22112.06,1169,3733,2,0.1,NaN,NaN,NaN,NaN,NaN,25,5,5,15.65,15.48,13.75,13.55
17:31:25,INCR,17.26,13.43,17.26,15.59,871,387,3.15,22115.21,1170,3733,2,0.1,NaN,NaN,NaN,NaN,NaN,25,5,5,15.65,15.48,13.75,13.55
17:31:26,INCR,17.26,13.43,17.26,15.59,893,417,3.38,22118.59,1171,3733,2,0.1,NaN,NaN,NaN,NaN,NaN,25,5,5,15.65,15.48,13.75,13.55
17:31:27,INCR,17.25,13.43,17.25,15.59,901,396,1.22,22119.81,1172,3733,2,0.1,NaN,NaN,NaN,NaN,NaN,25,5,5,15.65,15.48,13.75,13.55
17:31:28,INCR,17.25,13.43,17.25,15.58,891,334,5.25,22125.06,1173,3733,2,0.1,NaN,NaN,NaN,NaN,NaN,25,5,5,15.65,15.48,13.75,13.55
17:31:29,INCR,17.25,13.43,17.25,15.58,833,277,6.83,22131.88,1174,3733,2,0.1,NaN,NaN,NaN,NaN,NaN,25,5,5,15.65,15.48,13.75,13.55
17:31:30,INCR,17.24,13.43,17.24,15.58,761,254,6.46,22138.34,1175,3733,2,0.1,NaN,NaN,NaN,NaN,NaN,25,5,5,15.65,15.48,13.75,13.55
17:31:31,INCR,17.24,13.43,17.24,15.58,699,271,5.41,22143.74,1176,3733,2,0.1,NaN,NaN,NaN,NaN,NaN,25,5,5,15.65,15.48,13.75,13.55
17:31:32,INCR,17.24,13.43,17.24,15.58,684,276,1.53,22145.27,1177,3733,2,0.1,NaN,NaN,NaN,NaN,NaN,25,5,5,15.65,15.48,13.75,13.55
17:31:33,INCR,17.23,13.43,17.23,15.57,673,307,3.78,22149.05,1178,3733,2,0.1,NaN,NaN,NaN,NaN,NaN,25,5,5,15.65,15.48,13.75,13.55
17:31:34,INCR,17.23,13.43,17.23,15.57,668,310,2.1,22151.15,1179,3733,2,0.1,NaN,NaN,NaN,NaN,NaN,25,5,5,15.65,15.48,13.75,13.55
17:31:35,INCR,17.23,13.43,17.23,15.57,719,296,4.41,22155.55,1180,3733,2,0.1,NaN,NaN,NaN,NaN,NaN,25,5,5,15.65,15.48,13.75,13.55
17:31:36,INCR,17.23,13.43,17.23,15.54,736,265,3.18,22158.73,1181,3733,2,0.1,NaN,NaN,NaN,NaN,NaN,25,5,5,15.65,15.48,13.75,13.55
17:31:37,INCR,17.23,13.43,17.23,15.52,702,265,3.02,22161.76,1182,3733,2,0.1,NaN,NaN,NaN,NaN,NaN,25,5,5,15.65,15.48,13.75,13.55
17:31:38,INCR,17.23,13.43,17.23,15.5,726,294,4.24,22166,1183,3733,2,0.1,NaN,NaN,NaN,NaN,NaN,25,5,5,15.65,15.48,13.75,13.55
17:31:39,INCR,17.22,13.44,17.22,15.49,757,273,3.22,22169.22,1184,3733,2,0.1,NaN,NaN,NaN,NaN,NaN,25,5,5,15.65,15.48,13.75,13.55
17:31:40,INCR,17.22,13.44,17.22,15.49,777,268,4.15,22173.37,1185,3733,2,0.1,NaN,NaN,NaN,NaN,NaN,25,5,5,15.65,15.48,13.75,13.55
17:31:41,INCR,17.22,13.44,17.22,15.49,728,257,4.45,22177.82,1186,3733,2,0.1,NaN,NaN,NaN,NaN,NaN,25,5,5,15.65,15.48,13.75,13.55
17:31:42,INCR,17.19,13.44,17.19,15.49,638,317,8.52,22186.34,1187,3733,2,0.1,NaN,NaN,NaN,NaN,NaN,25,5,5,15.65,15.48,13.75,13.55
17:31:43,INCR,17.16,13.44,17.16,15.49,622,353,3.31,22189.65,1188,3733,2,0.1,NaN,NaN,NaN,NaN,NaN,25,5,5,15.65,15.48,13.75,13.55
17:31:44,INCR,17.14,13.44,17.14,15.49,656,351,3.25,22192.9,1189,3733,2,0.1,NaN,NaN,NaN,NaN,NaN,25,5,5,15.65,15.48,13.75,13.55
17:31:45,INCR,17.13,13.44,17.13,15.49,777,316,10.17,22203.08,1190,3733,2,0.1,NaN,NaN,NaN,NaN,NaN,25,5,5,15.65,15.48,13.75,13.55
17:31:46,INCR,17.13,13.44,17.13,15.49,802,272,4.9,22207.98,1191,3733,2,0.1,NaN,NaN,NaN,NaN,NaN,25,5,5,15.65,15.48,13.75,13.55
17:31:47,INCR,17.13,13.44,17.13,15.48,800,275,0.77,22208.75,1192,3733,2,0.1,NaN,NaN,NaN,NaN,NaN,25,5,5,15.65,15.48,13.75,13.55
17:31:48,INCR,17.12,13.44,17.12,15.48,828,291,2.7,22211.45,1193,3733,2,0.1,NaN,NaN,NaN,NaN,NaN,25,5,5,15.65,15.48,13.75,13.55
17:31:49,INCR,17.12,13.44,17.12,15.48,860,320,3.77,22215.22,1194,3733,2,0.1,NaN,NaN,NaN,NaN,NaN,25,5,5,15.65,15.48,13.75,13.55
17:31:50,INCR,17.12,13.44,17.12,15.48,870,366,3.95,22219.16,1195,3733,2,0.1,NaN,NaN,NaN,NaN,NaN,25,5,5,15.65,15.48,13.75,13.55
17:31:51,INCR,17.12,13.44,17.12,15.48,858,409,3.96,22223.12,1196,3733,2,0.1,NaN,NaN,NaN,NaN,NaN,25,5,5,15.65,15.48,13.75,13.55
17:31:52,INCR,17.12,13.44,17.12,15.48,771,450,7.94,22231.06,1197,3733,2,0.1,NaN,NaN,NaN,NaN,NaN,25,5,5,15.65,15.48,13.75,13.55
17:31:53,INCR,17.12,13.44,17.12,15.48,657,417,9.58,22240.64,1198,3733,2,0.1,NaN,NaN,NaN,NaN,NaN,25,5,5,15.65,15.48,13.75,13.55
17:31:54,INCR,17.12,13.44,17.12,15.48,638,371,4.4,22245.04,1199,3733,2,0.1,NaN,NaN,NaN,NaN,NaN,25,5,5,15.65,15.48,13.75,13.55
17:31:55,INCR,17.13,13.44,17.13,15.48,675,323,5.35,22250.39,1200,3733,2,0.1,NaN,NaN,NaN,NaN,NaN,25,5,5,15.65,15.48,13.75,13.55
17:31:56,INCR,17.13,13.44,17.13,15.48,729,282,5.31,22255.69,1201,3733,2,0.1,NaN,NaN,NaN,NaN,NaN,25,5,5,15.65,15.48,13.75,13.55
17:31:57,INCR,17.13,13.44,17.13,15.48,770,256,5.43,22261.12,1202,3733,2,0.1,NaN,NaN,NaN,NaN,NaN,25,5,5,15.65,15.48,13.75,13.55
17:31:58,INCR,17.13,13.44,17.13,15.47,719,264,4.57,22265.69,1203,3733,2,0.1,NaN,NaN,NaN,NaN,NaN,25,5,5,15.65,15.48,13.75,13.55
17:31:59,INCR,17.13,13.44,17.13,15.47,702,268,2.11,22267.79,1204,3733,2,0.1,NaN,NaN,NaN,NaN,NaN,25,5,5,15.65,15.48,13.75,13.55
17:32:00,INCR,17.12,13.44,17.12,15.47,660,291,4.28,22272.08,1205,3733,2,0.1,NaN,NaN,NaN,NaN,NaN,25,5,5,15.65,15.48,13.75,13.55
17:32:01,INCR,17.13,13.44,17.13,15.47,661,316,2.14,22274.21,1206,3733,2,0.1,NaN,NaN,NaN,NaN,NaN,25,5,5,15.65,15.48,13.75,13.55
17:32:02,INCR,17.13,13.44,17.13,15.47,646,311,1.54,22275.76,1207,3733,2,0.1,NaN,NaN,NaN,NaN,NaN,25,5,5,15.65,15.48,13.75,13.55
17:32:04,INCR,17.13,13.44,17.13,15.47,632,329,2.08,22277.83,1208,3733,2,0.1,NaN,NaN,NaN,NaN,NaN,25,5,5,15.65,15.48,13.75,13.55
17:32:05,INCR,17.13,13.44,17.13,15.47,624,353,1.48,22279.31,1209,3733,2,0.1,NaN,NaN,NaN,NaN,NaN,25,5,5,15.65,15.48,13.75,13.55
17:32:06,INCR,17.14,13.44,17.14,15.47,588,380,3.67,22282.98,1210,3733,2,0.1,NaN,NaN,NaN,NaN,NaN,25,5,5,15.65,15.48,13.75,13.55
17:32:07,DECR,15.47,13.44,17.14,15.47,507,391,5.95,22288.93,1210,3734,2,0.1,NaN,NaN,NaN,NaN,NaN,25,5,5,15.75,15.59,13.75,13.55
17:32:08,DECR,15.47,13.44,17.15,15.47,382,345,10.23,22299.16,1210,3735,2,0.1,NaN,NaN,NaN,NaN,NaN,25,5,5,15.75,15.59,13.75,13.55
17:32:09,DECR,15.47,13.44,17.15,15.47,257,375,11.12,22310.28,1210,3736,2,0.1,NaN,NaN,NaN,NaN,NaN,25,5,5,15.75,15.59,13.75,13.55
17:32:10,DECR,15.47,13.44,17.15,15.47,200,447,5.11,22315.4,1210,3737,2,0.1,NaN,NaN,NaN,NaN,NaN,25,5,5,15.75,15.59,13.75,13.55
17:32:11,DECR,15.47,13.44,17.15,15.47,207,473,2.31,22317.7,1210,3738,2,0.1,NaN,NaN,NaN,NaN,NaN,25,5,5,15.75,15.59,13.75,13.55
17:32:12,DECR,15.48,13.44,17.15,15.48,230,488,2.26,22319.96,1210,3739,2,0.1,NaN,NaN,NaN,NaN,NaN,25,5,5,15.75,15.59,13.75,13.55
17:32:13,DECR,15.48,13.44,17.15,15.48,244,488,1.4,22321.37,1210,3740,2,0.1,NaN,NaN,NaN,NaN,NaN,25,5,5,15.75,15.59,13.75,13.55
17:32:14,DECR,15.48,13.44,17.15,15.48,255,487,0.79,22322.16,1210,3741,2,0.1,NaN,NaN,NaN,NaN,NaN,25,5,5,15.75,15.59,13.75,13.55
17:32:15,DECR,15.48,13.44,17.18,15.48,268,496,1.25,22323.41,1210,3742,2,0.1,NaN,NaN,NaN,NaN,NaN,25,5,5,15.75,15.59,13.75,13.55
17:32:16,DECR,15.49,13.44,17.2,15.49,288,506,1.5,22324.91,1210,3743,2,0.1,NaN,NaN,NaN,NaN,NaN,25,5,5,15.75,15.59,13.75,13.55
17:32:17,DECR,15.48,13.44,17.23,15.48,302,512,1.03,22325.95,1210,3744,2,0.1,NaN,NaN,NaN,NaN,NaN,25,5,5,15.75,15.59,13.75,13.55
17:32:18,DECR,15.49,13.44,17.23,15.49,275,526,2.78,22328.72,1210,3745,2,0.1,NaN,NaN,NaN,NaN,NaN,25,5,5,15.75,15.59,13.75,13.55
17:32:19,DECR,15.49,13.44,17.24,15.49,280,528,2.03,22330.75,1210,3746,2,0.1,NaN,NaN,NaN,NaN,NaN,25,5,5,15.75,15.59,13.75,13.55
17:32:20,DECR,15.49,13.44,17.24,15.49,299,515,2.1,22332.85,1210,3747,2,0.1,NaN,NaN,NaN,NaN,NaN,25,5,5,15.75,15.59,13.75,13.55
17:32:21,DECR,15.49,13.44,17.24,15.49,284,503,1.59,22334.44,1210,3748,2,0.1,NaN,NaN,NaN,NaN,NaN,25,5,5,15.75,15.59,13.75,13.55
17:32:22,DECR,15.49,13.44,17.25,15.49,284,514,0.29,22334.73,1210,3749,2,0.1,NaN,NaN,NaN,NaN,NaN,25,5,5,15.75,15.59,13.75,13.55
17:32:23,DECR,15.49,13.44,17.25,15.49,282,526,1.42,22336.15,1210,3750,2,0.1,NaN,NaN,NaN,NaN,NaN,25,5,5,15.75,15.59,13.75,13.55
17:32:24,DECR,15.49,13.44,17.25,15.49,273,531,2.76,22338.91,1210,3751,2,0.1,NaN,NaN,NaN,NaN,NaN,25,5,5,15.75,15.59,13.75,13.55
17:32:25,DECR,15.49,13.44,17.25,15.49,318,532,3.54,22342.45,1210,3752,2,0.1,NaN,NaN,NaN,NaN,NaN,25,5,5,15.75,15.59,13.75,13.55
17:32:26,DECR,15.5,13.44,17.26,15.5,343,517,2.36,22344.8,1210,3753,2,0.1,NaN,NaN,NaN,NaN,NaN,25,5,5,15.75,15.59,13.75,13.55
17:32:27,DECR,15.49,13.44,17.26,15.49,347,425,7.55,22352.36,1210,3754,2,0.1,NaN,NaN,NaN,NaN,NaN,25,5,5,15.75,15.59,13.75,13.55
17:32:28,DECR,15.5,13.44,17.27,15.5,391,375,5.44,22357.8,1210,3755,2,0.1,NaN,NaN,NaN,NaN,NaN,25,5,5,15.75,15.59,13.75,13.55
17:32:29,DECR,15.49,13.44,17.27,15.49,403,344,2.75,22360.55,1210,3756,2,0.1,NaN,NaN,NaN,NaN,NaN,25,5,5,15.75,15.59,13.75,13.55
17:32:30,DECR,15.5,13.44,17.27,15.5,396,315,2.75,22363.3,1210,3757,2,0.1,NaN,NaN,NaN,NaN,NaN,25,5,5,15.75,15.59,13.75,13.55
17:32:31,DECR,15.5,13.44,17.27,15.5,378,312,1.45,22364.74,1210,3758,2,0.1,NaN,NaN,NaN,NaN,NaN,25,5,5,15.75,15.59,13.75,13.55
17:32:32,DECR,15.5,13.44,17.28,15.5,367,349,3.27,22368.01,1210,3759,2,0.1,NaN,NaN,NaN,NaN,NaN,25,5,5,15.75,15.59,13.75,13.55
17:32:33,DECR,15.5,13.44,17.28,15.5,342,393,4.46,22372.48,1210,3760,2,0.1,NaN,NaN,NaN,NaN,NaN,25,5,5,15.75,15.59,13.75,13.55
17:32:34,DECR,15.49,13.44,17.28,15.49,279,452,6.75,22379.22,1210,3761,2,0.1,NaN,NaN,NaN,NaN,NaN,25,5,5,15.75,15.59,13.75,13.55
17:32:35,DECR,15.49,13.44,17.28,15.49,231,498,5.64,22384.86,1210,3762,2,0.1,NaN,NaN,NaN,NaN,NaN,25,5,5,15.75,15.59,13.75,13.55
17:32:36,DECR,15.5,13.44,17.28,15.5,216,509,2.71,22387.57,1210,3763,2,0.1,NaN,NaN,NaN,NaN,NaN,25,5,5,15.75,15.59,13.75,13.55
17:32:37,DECR,15.5,13.44,17.29,15.5,200,502,1.26,22388.83,1210,3764,2,0.1,NaN,NaN,NaN,NaN,NaN,25,5,5,15.75,15.59,13.75,13.55
17:32:38,DECR,15.5,13.44,17.29,15.5,211,512,1.2,22390.03,1210,3765,2,0.1,NaN,NaN,NaN,NaN,NaN,25,5,5,15.75,15.59,13.75,13.55
17:32:39,DECR,15.49,13.44,17.3,15.49,228,527,1.49,22391.52,1210,3766,2,0.1,NaN,NaN,NaN,NaN,NaN,25,5,5,15.75,15.59,13.75,13.55
17:32:40,DECR,15.49,13.44,17.29,15.49,257,547,3.1,22394.63,1210,3767,2,0.1,NaN,NaN,NaN,NaN,NaN,25,5,5,15.75,15.59,13.75,13.55
17:32:41,DECR,15.49,13.44,17.3,15.49,247,509,3.44,22398.07,1210,3768,2,0.1,NaN,NaN,NaN,NaN,NaN,25,5,5,15.75,15.59,13.75,13.55
17:32:42,DECR,15.49,13.44,17.3,15.49,221,495,2.29,22400.35,1210,3769,2,0.1,NaN,NaN,NaN,NaN,NaN,25,5,5,15.75,15.59,13.75,13.55
17:32:43,DECR,15.49,13.44,17.31,15.49,229,428,5.77,22406.12,1210,3770,2,0.1,NaN,NaN,NaN,NaN,NaN,25,5,5,15.75,15.59,13.75,13.55
17:32:44,DECR,15.49,13.44,17.31,15.49,238,340,7.37,22413.49,1210,3771,2,0.1,NaN,NaN,NaN,NaN,NaN,25,5,5,15.75,15.59,13.75,13.55
17:32:45,DECR,15.48,13.44,17.3,15.48,216,299,3.62,22417.11,1210,3772,2,0.1,NaN,NaN,NaN,NaN,NaN,25,5,5,15.75,15.59,13.75,13.55
17:32:46,DECR,15.48,13.44,17.3,15.48,224,285,1.67,22418.79,1210,3773,2,0.1,NaN,NaN,NaN,NaN,NaN,25,5,5,15.75,15.59,13.75,13.55
17:32:47,DECR,15.48,13.44,17.3,15.48,251,269,2.62,22421.41,1210,3774,2,0.1,NaN,NaN,NaN,NaN,NaN,25,5,5,15.75,15.59,13.75,13.55
17:32:48,DECR,15.48,13.44,17.3,15.48,280,267,2.49,22423.9,1210,3775,2,0.1,NaN,NaN,NaN,NaN,NaN,25,5,5,15.75,15.59,13.75,13.55
17:32:49,DECR,15.47,13.44,17.3,15.47,309,285,3.18,22427.07,1210,3776,2,0.1,NaN,NaN,NaN,NaN,NaN,25,5,5,15.75,15.59,13.75,13.55
17:32:51,DECR,15.46,13.44,17.3,15.46,356,336,5.65,22432.72,1210,3777,2,0.1,NaN,NaN,NaN,NaN,NaN,25,5,5,15.75,15.59,13.75,13.55
17:32:52,DECR,15.46,13.44,17.3,15.46,376,375,3.21,22435.93,1210,3778,2,0.1,NaN,NaN,NaN,NaN,NaN,25,5,5,15.75,15.59,13.75,13.55
17:32:53,DECR,15.46,13.44,17.3,15.46,382,423,4.1,22440.03,1210,3779,2,0.1,NaN,NaN,NaN,NaN,NaN,25,5,5,15.75,15.59,13.75,13.55
17:32:54,DECR,15.46,13.44,17.3,15.46,344,499,6.36,22446.39,1210,3780,2,0.1,NaN,NaN,NaN,NaN,NaN,25,5,5,15.75,15.59,13.75,13.55
17:32:55,DECR,15.46,13.44,17.3,15.46,311,552,5.58,22451.97,1210,3781,2,0.1,NaN,NaN,NaN,NaN,NaN,25,5,5,15.75,15.59,13.75,13.55
17:32:56,DECR,15.46,13.44,17.3,15.46,259,550,4.29,22456.26,1210,3782,2,0.1,NaN,NaN,NaN,NaN,NaN,25,5,5,15.75,15.59,13.75,13.55
17:32:57,DECR,15.45,13.44,17.29,15.45,216,528,3.99,22460.25,1210,3783,2,0.1,NaN,NaN,NaN,NaN,NaN,25,5,5,15.75,15.59,13.75,13.55
17:32:58,DECR,15.45,13.44,17.29,15.45,192,500,2.94,22463.19,1210,3784,2,0.1,NaN,NaN,NaN,NaN,NaN,25,5,5,15.75,15.59,13.75,13.55
17:32:59,DECR,15.44,13.44,17.29,15.44,172,447,3.85,22467.04,1210,3785,2,0.1,NaN,NaN,NaN,NaN,NaN,25,5,5,15.75,15.59,13.75,13.55
17:33:00,DECR,15.44,13.44,17.29,15.44,160,410,2.54,22469.58,1210,3786,2,0.1,NaN,NaN,NaN,NaN,NaN,25,5,5,15.75,15.59,13.75,13.55
17:33:01,DECR,15.44,13.44,17.29,15.44,177,345,4.25,22473.83,1210,3787,2,0.1,NaN,NaN,NaN,NaN,NaN,25,5,5,15.75,15.59,13.75,13.55
17:33:02,DECR,15.44,13.44,17.28,15.44,231,280,5.52,22479.35,1210,3788,2,0.1,NaN,NaN,NaN,NaN,NaN,25,5,5,15.75,15.59,13.75,13.55
17:33:03,DECR,15.44,13.44,17.28,15.44,300,255,4.99,22484.33,1210,3789,2,0.1,NaN,NaN,NaN,NaN,NaN,25,5,5,15.75,15.59,13.75,13.55
17:33:04,DECR,15.44,13.44,17.28,15.44,347,265,4.12,22488.46,1210,3790,2,0.1,NaN,NaN,NaN,NaN,NaN,25,5,5,15.75,15.59,13.75,13.55
17:33:05,DECR,15.44,13.44,17.29,15.44,338,289,1.57,22490.03,1210,3791,2,0.1,NaN,NaN,NaN,NaN,NaN,25,5,5,15.75,15.59,13.75,13.55
17:33:06,DECR,15.44,13.44,17.28,15.44,275,271,5.64,22495.67,1210,3792,2,0.1,NaN,NaN,NaN,NaN,NaN,25,5,5,15.75,15.59,13.75,13.55
17:33:07,DECR,15.43,13.44,17.28,15.43,174,335,10.1,22505.77,1210,3793,2,0.1,NaN,NaN,NaN,NaN,NaN,25,5,5,15.75,15.59,13.75,13.55
17:33:08,DECR,15.43,13.44,17.27,15.43,241,541,20.02,22525.79,1210,3794,2,0.1,NaN,NaN,NaN,NaN,NaN,25,5,5,15.75,15.59,13.75,13.55
17:33:09,DECR,15.42,13.45,17.27,15.42,422,420,16.61,22542.4,1210,3795,2,0.1,NaN,NaN,NaN,NaN,NaN,25,5,5,15.75,15.59,13.75,13.55
17:33:10,DECR,15.41,13.45,17.27,15.41,411,301,10.3,22552.7,1210,3796,2,0.1,NaN,NaN,NaN,NaN,NaN,25,5,5,15.75,15.59,13.75,13.55
17:33:11,DECR,15.39,13.45,17.27,15.39,265,266,11.09,22563.79,1210,3797,2,0.1,NaN,NaN,NaN,NaN,NaN,25,5,5,15.75,15.59,13.75,13.55
17:33:12,DECR,15.36,13.45,17.26,15.36,164,366,12.06,22575.86,1210,3798,2,0.1,NaN,NaN,NaN,NaN,NaN,25,5,5,15.75,15.59,13.75,13.55
17:33:13,DECR,15.34,13.45,17.26,15.34,271,485,17.32,22593.18,1210,3799,2,0.1,NaN,NaN,NaN,NaN,NaN,25,5,5,15.75,15.59,13.75,13.55
17:33:14,DECR,15.34,13.45,17.25,15.34,348,364,12.23,22605.41,1210,3800,2,0.1,NaN,NaN,NaN,NaN,NaN,25,5,5,15.75,15.59,13.75,13.55
17:33:15,DECR,15.33,13.45,17.24,15.33,341,286,6.56,22611.98,1210,3801,2,0.1,NaN,NaN,NaN,NaN,NaN,25,5,5,15.75,15.59,13.75,13.55
17:33:16,DECR,15.33,13.45,17.24,15.33,224,294,10.06,22622.04,1210,3802,2,0.1,NaN,NaN,NaN,NaN,NaN,25,5,5,15.75,15.59,13.75,13.55
17:33:17,DECR,15.33,13.45,17.22,15.33,173,385,8.09,22630.13,1210,3803,2,0.1,NaN,NaN,NaN,NaN,NaN,25,5,5,15.75,15.59,13.75,13.55
17:33:18,DECR,15.33,13.45,17.2,15.33,306,452,12.86,22642.99,1210,3804,2,0.1,NaN,NaN,NaN,NaN,NaN,25,5,5,15.75,15.59,13.75,13.55
17:33:19,DECR,15.33,13.45,17.18,15.33,349,331,10.23,22653.22,1210,3805,2,0.1,NaN,NaN,NaN,NaN,NaN,25,5,5,15.75,15.59,13.75,13.55
17:33:20,DECR,15.33,13.45,17.18,15.33,307,277,6.22,22659.44,1210,3806,2,0.1,NaN,NaN,NaN,NaN,NaN,25,5,5,15.75,15.59,13.75,13.55
17:33:21,DECR,15.33,13.45,17.18,15.33,188,326,8.57,22668.01,1210,3807,2,0.1,NaN,NaN,NaN,NaN,NaN,25,5,5,15.75,15.59,13.75,13.55
17:33:22,DECR,15.33,13.45,17.18,15.33,213,470,12.66,22680.67,1210,3808,2,0.1,NaN,NaN,NaN,NaN,NaN,25,5,5,15.75,15.59,13.75,13.55
17:33:23,DECR,15.32,13.45,17.17,15.32,317,547,10.68,22691.35,1210,3809,2,0.1,NaN,NaN,NaN,NaN,NaN,25,5,5,15.75,15.59,13.75,13.55
17:33:24,DECR,15.32,13.45,17.17,15.32,447,494,12.18,22703.54,1210,3810,2,0.1,NaN,NaN,NaN,NaN,NaN,25,5,5,15.75,15.59,13.75,13.55
17:33:25,DECR,15.3,13.45,17.17,15.3,418,303,16.63,22720.17,1210,3811,2,0.1,NaN,NaN,NaN,NaN,NaN,25,5,5,15.75,15.59,13.75,13.55
17:33:26,DECR,15.28,13.45,17.17,15.28,358,278,5.95,22726.12,1210,3812,2,0.1,NaN,NaN,NaN,NaN,NaN,25,5,5,15.75,15.59,13.75,13.55
17:33:27,DECR,15.27,13.45,17.17,15.27,380,275,2.03,22728.15,1210,3813,2,0.1,NaN,NaN,NaN,NaN,NaN,25,5,5,15.75,15.59,13.75,13.55
17:33:28,DECR,15.27,13.45,17.16,15.27,391,290,2.59,22730.74,1210,3814,2,0.1,NaN,NaN,NaN,NaN,NaN,25,5,5,15.75,15.59,13.75,13.55
17:33:29,DECR,15.26,13.45,17.16,15.26,429,312,3.86,22734.6,1210,3815,2,0.1,NaN,NaN,NaN,NaN,NaN,25,5,5,15.75,15.59,13.75,13.55
17:33:30,DECR,15.26,13.45,17.16,15.26,462,354,4.5,22739.1,1210,3816,2,0.1,NaN,NaN,NaN,NaN,NaN,25,5,5,15.75,15.59,13.75,13.55
17:33:31,DECR,15.26,13.45,17.16,15.26,530,403,5.95,22745.05,1210,3817,2,0.1,NaN,NaN,NaN,NaN,NaN,25,5,5,15.75,15.59,13.75,13.55
17:33:33,INCR,17.15,13.45,17.15,15.26,614,420,7.01,22752.06,1211,3817,2,0.1,NaN,NaN,NaN,NaN,NaN,25,5,5,15.75,15.59,13.84,13.71
17:33:34,INCR,17.15,13.45,17.15,15.26,725,365,10.17,22762.23,1212,3817,2,0.1,NaN,NaN,NaN,NaN,NaN,25,5,5,15.75,15.59,13.84,13.71
17:33:35,INCR,17.15,13.45,17.15,15.25,784,271,9.54,22771.77,1213,3817,2,0.1,NaN,NaN,NaN,NaN,NaN,25,5,5,15.75,15.59,13.84,13.71
17:33:36,INCR,17.14,13.45,17.14,15.26,762,257,2.28,22774.05,1214,3817,2,0.1,NaN,NaN,NaN,NaN,NaN,25,5,5,15.75,15.59,13.84,13.71
17:33:37,INCR,17.14,13.45,17.14,15.25,749,262,2.29,22776.34,1215,3817,2,0.1,NaN,NaN,NaN,NaN,NaN,25,5,5,15.75,15.59,13.84,13.71
17:33:38,INCR,17.13,13.45,17.13,15.25,766,266,1.91,22778.24,1216,3817,2,0.1,NaN,NaN,NaN,NaN,NaN,25,5,5,15.75,15.59,13.84,13.71
17:33:39,INCR,17.13,13.45,17.13,15.25,796,296,3.42,22781.66,1217,3817,2,0.1,NaN,NaN,NaN,NaN,NaN,25,5,5,15.75,15.59,13.84,13.71
17:33:40,INCR,17.13,13.45,17.13,15.25,834,325,4.03,22785.69,1218,3817,2,0.1,NaN,NaN,NaN,NaN,NaN,25,5,5,15.75,15.59,13.84,13.71
17:33:41,INCR,17.13,13.45,17.13,15.24,864,354,3.5,22789.18,1219,3817,2,0.1,NaN,NaN,NaN,NaN,NaN,25,5,5,15.75,15.59,13.84,13.71
17:33:42,INCR,17.13,13.45,17.13,15.24,872,380,2.92,22792.1,1220,3817,2,0.1,NaN,NaN,NaN,NaN,NaN,25,5,5,15.75,15.59,13.84,13.71
17:33:43,INCR,17.13,13.45,17.13,15.24,877,435,4.62,22796.73,1221,3817,2,0.1,NaN,NaN,NaN,NaN,NaN,25,5,5,15.75,15.59,13.84,13.71
17:33:44,INCR,17.13,13.45,17.13,15.24,840,502,5.95,22802.67,1222,3817,2,0.1,NaN,NaN,NaN,NaN,NaN,25,5,5,15.75,15.59,13.84,13.71
17:33:45,INCR,17.13,13.45,17.13,15.23,842,522,3.14,22805.81,1223,3817,2,0.1,NaN,NaN,NaN,NaN,NaN,25,5,5,15.75,15.59,13.84,13.71
17:33:46,INCR,17.13,13.45,17.13,15.23,881,493,4.11,22809.92,1224,3817,2,0.1,NaN,NaN,NaN,NaN,NaN,25,5,5,15.75,15.59,13.84,13.71
17:33:47,INCR,17.12,13.45,17.12,15.23,900,433,5.32,22815.24,1225,3817,2,0.1,NaN,NaN,NaN,NaN,NaN,25,5,5,15.75,15.59,13.84,13.71
17:33:48,INCR,17.13,13.45,17.13,15.23,899,372,4.54,22819.78,1226,3817,2,0.1,NaN,NaN,NaN,NaN,NaN,25,5,5,15.75,15.59,13.84,13.71
17:33:49,INCR,17.13,13.45,17.13,15.23,878,331,3.41,22823.19,1227,3817,2,0.1,NaN,NaN,NaN,NaN,NaN,25,5,5,15.75,15.59,13.84,13.71
17:33:50,INCR,17.13,13.45,17.13,15.23,864,312,2.05,22825.24,1228,3817,2,0.1,NaN,NaN,NaN,NaN,NaN,25,5,5,15.75,15.59,13.84,13.71
17:33:51,INCR,17.13,13.45,17.13,15.22,832,280,3.74,22828.98,1229,3817,2,0.1,NaN,NaN,NaN,NaN,NaN,25,5,5,15.75,15.59,13.84,13.71
17:33:52,INCR,17.13,13.45,17.13,15.23,793,266,3.34,22832.32,1230,3817,2,0.1,NaN,NaN,NaN,NaN,NaN,25,5,5,15.75,15.59,13.84,13.71
17:33:53,INCR,17.13,13.45,17.13,15.23,778,262,1.86,22834.17,1231,3817,2,0.1,NaN,NaN,NaN,NaN,NaN,25,5,5,15.75,15.59,13.84,13.71
17:33:54,INCR,17.13,13.45,17.13,15.23,764,256,1.62,22835.8,1232,3817,2,0.1,NaN,NaN,NaN,NaN,NaN,25,5,5,15.75,15.59,13.84,13.71
17:33:55,INCR,17.14,13.45,17.14,15.23,721,256,3.48,22839.27,1233,3817,2,0.1,NaN,NaN,NaN,NaN,NaN,25,5,5,15.75,15.59,13.84,13.71
17:33:56,INCR,17.14,13.45,17.14,15.23,701,262,3.23,22842.5,1234,3817,2,0.1,NaN,NaN,NaN,NaN,NaN,25,5,5,15.75,15.59,13.84,13.71
17:33:57,INCR,17.15,13.45,17.15,15.23,658,290,4.02,22846.52,1235,3817,2,0.1,NaN,NaN,NaN,NaN,NaN,25,5,5,15.75,15.59,13.84,13.71
17:33:58,INCR,17.15,13.45,17.15,15.23,653,306,2.29,22848.81,1236,3817,2,0.1,NaN,NaN,NaN,NaN,NaN,25,5,5,15.75,15.59,13.84,13.71
17:33:59,INCR,17.15,13.45,17.15,15.23,646,307,1.73,22850.54,1237,3817,2,0.1,NaN,NaN,NaN,NaN,NaN,25,5,5,15.75,15.59,13.84,13.71
17:34:00,INCR,17.16,13.46,17.16,15.22,635,330,2.17,22852.71,1238,3817,2,0.1,NaN,NaN,NaN,NaN,NaN,25,5,5,15.75,15.59,13.84,13.71
17:34:01,INCR,17.16,13.46,17.16,15.23,652,335,2.4,22855.12,1239,3817,2,0.1,NaN,NaN,NaN,NaN,NaN,25,5,5,15.75,15.59,13.84,13.71
17:34:02,INCR,17.17,13.46,17.17,15.23,698,386,5.71,22860.83,1240,3817,2,0.1,NaN,NaN,NaN,NaN,NaN,25,5,5,15.75,15.59,13.84,13.71
17:34:03,INCR,17.17,13.46,17.17,15.23,763,464,7.56,22868.39,1241,3817,2,0.1,NaN,NaN,NaN,NaN,NaN,25,5,5,15.75,15.59,13.84,13.71
17:34:04,INCR,17.17,13.46,17.17,15.23,813,526,6.55,22874.94,1242,3817,2,0.1,NaN,NaN,NaN,NaN,NaN,25,5,5,15.75,15.59,13.84,13.71
17:34:05,INCR,17.17,13.46,17.17,15.23,840,531,2.5,22877.43,1243,3817,2,0.1,NaN,NaN,NaN,NaN,NaN,25,5,5,15.75,15.59,13.84,13.71
17:34:06,INCR,17.18,13.46,17.18,15.23,858,517,2.14,22879.58,1244,3817,2,0.1,NaN,NaN,NaN,NaN,NaN,25,5,5,15.75,15.59,13.84,13.71
17:34:07,INCR,17.18,13.46,17.18,15.23,850,494,2.21,22881.79,1245,3817,2,0.1,NaN,NaN,NaN,NaN,NaN,25,5,5,15.75,15.59,13.84,13.71
17:34:08,INCR,17.19,13.46,17.19,15.24,801,445,5.62,22887.41,1246,3817,2,0.1,NaN,NaN,NaN,NaN,NaN,25,5,5,15.75,15.59,13.84,13.71
17:34:09,INCR,17.19,13.46,17.19,15.24,663,429,11.3,22898.7,1247,3817,2,0.1,NaN,NaN,NaN,NaN,NaN,25,5,5,15.75,15.59,13.84,13.71
17:34:10,INCR,17.2,13.46,17.2,15.24,618,395,4.87,22903.57,1248,3817,2,0.1,NaN,NaN,NaN,NaN,NaN,25,5,5,15.75,15.59,13.84,13.71
17:34:11,INCR,17.2,13.46,17.2,15.24,579,395,4.83,22908.4,1249,3817,2,0.1,NaN,NaN,NaN,NaN,NaN,25,5,5,15.75,15.59,13.84,13.71
17:34:12,DECR,15.25,13.46,17.21,15.25,515,405,5.37,22913.77,1249,3818,2,0.1,NaN,NaN,NaN,NaN,NaN,25,5,5,15.83,15.69,13.84,13.71
17:34:13,DECR,15.25,13.46,17.2,15.25,411,376,6.67,22920.44,1249,3819,2,0.1,NaN,NaN,NaN,NaN,NaN,25,5,5,15.83,15.69,13.84,13.71
17:34:14,DECR,15.25,13.46,17.22,15.25,322,414,8.18,22928.62,1249,3820,2,0.1,NaN,NaN,NaN,NaN,NaN,25,5,5,15.83,15.69,13.84,13.71
17:34:15,DECR,15.25,13.46,17.25,15.25,385,492,5.45,22934.07,1249,3821,2,0.1,NaN,NaN,NaN,NaN,NaN,25,5,5,15.83,15.69,13.84,13.71
17:34:16,DECR,15.25,13.46,17.28,15.25,454,434,7.41,22941.48,1249,3822,2,0.1,NaN,NaN,NaN,NaN,NaN,25,5,5,15.83,15.69,13.84,13.71
17:34:17,DECR,15.25,13.46,17.28,15.25,441,386,4.34,22945.82,1249,3823,2,0.1,NaN,NaN,NaN,NaN,NaN,25,5,5,15.83,15.69,13.84,13.71
17:34:18,DECR,15.25,13.46,17.29,15.25,399,301,7.55,22953.37,1249,3824,2,0.1,NaN,NaN,NaN,NaN,NaN,25,5,5,15.83,15.69,13.84,13.71
17:34:19,DECR,15.26,13.46,17.3,15.26,272,275,10.41,22963.78,1249,3825,2,0.1,NaN,NaN,NaN,NaN,NaN,25,5,5,15.83,15.69,13.84,13.71
17:34:20,DECR,15.28,13.46,17.3,15.28,228,406,12.68,22976.47,1249,3826,2,0.1,NaN,NaN,NaN,NaN,NaN,25,5,5,15.83,15.69,13.84,13.71
17:34:21,DECR,15.31,13.46,17.31,15.31,327,476,10.19,22986.66,1249,3827,2,0.1,NaN,NaN,NaN,NaN,NaN,25,5,5,15.83,15.69,13.84,13.71
17:34:23,DECR,15.33,13.46,17.31,15.33,437,454,9.57,22996.23,1249,3828,2,0.1,NaN,NaN,NaN,NaN,NaN,25,5,5,15.83,15.69,13.84,13.71
17:34:24,DECR,15.33,13.46,17.31,15.33,468,404,4.85,23001.08,1249,3829,2,0.1,NaN,NaN,NaN,NaN,NaN,25,5,5,15.83,15.69,13.84,13.71
17:34:25,INCR,17.33,13.46,17.33,15.33,567,403,7.85,23008.93,1250,3829,2,0.1,NaN,NaN,NaN,NaN,NaN,25,5,5,15.83,15.69,13.92,13.71
17:34:26,INCR,17.36,13.46,17.36,15.33,657,383,7.16,23016.09,1251,3829,2,0.1,NaN,NaN,NaN,NaN,NaN,25,5,5,15.83,15.69,13.92,13.71
17:34:27,INCR,17.38,13.46,17.38,15.34,751,385,7.46,23023.55,1252,3829,2,0.1,NaN,NaN,NaN,NaN,NaN,25,5,5,15.83,15.69,13.92,13.71
17:34:28,INCR,17.39,13.46,17.39,15.34,784,448,5.29,23028.83,1253,3829,2,0.1,NaN,NaN,NaN,NaN,NaN,25,5,5,15.83,15.69,13.92,13.71
17:34:29,INCR,17.39,13.46,17.39,15.34,787,513,5.47,23034.3,1254,3829,2,0.1,NaN,NaN,NaN,NaN,NaN,25,5,5,15.83,15.69,13.92,13.71
17:34:30,INCR,17.39,13.46,17.39,15.34,798,543,2.49,23036.79,1255,3829,2,0.1,NaN,NaN,NaN,NaN,NaN,25,5,5,15.83,15.69,13.92,13.71
17:34:31,INCR,17.39,13.46,17.39,15.34,834,540,3.13,23039.93,1256,3829,2,0.1,NaN,NaN,NaN,NaN,NaN,25,5,5,15.83,15.69,13.92,13.71
17:34:32,INCR,17.4,13.46,17.4,15.35,850,526,1.8,23041.72,1257,3829,2,0.1,NaN,NaN,NaN,NaN,NaN,25,5,5,15.83,15.69,13.92,13.71
17:34:33,INCR,17.4,13.46,17.4,15.35,846,506,2.06,23043.78,1258,3829,2,0.1,NaN,NaN,NaN,NaN,NaN,25,5,5,15.83,15.69,13.92,13.71
17:34:34,INCR,17.4,13.46,17.4,15.35,729,450,10.56,23054.34,1259,3829,2,0.1,NaN,NaN,NaN,NaN,NaN,25,5,5,15.83,15.69,13.92,13.71
17:34:35,INCR,17.4,13.46,17.4,15.36,656,473,6.13,23060.47,1260,3829,2,0.1,NaN,NaN,NaN,NaN,NaN,25,5,5,15.83,15.69,13.92,13.71
17:34:36,INCR,17.41,13.46,17.41,15.36,641,496,2.56,23063.03,1261,3829,2,0.1,NaN,NaN,NaN,NaN,NaN,25,5,5,15.83,15.69,13.92,13.71
17:34:37,INCR,17.41,13.46,17.41,15.36,643,503,0.75,23063.78,1262,3829,2,0.1,NaN,NaN,NaN,NaN,NaN,25,5,5,15.83,15.69,13.92,13.71
17:34:38,INCR,17.41,13.46,17.41,15.35,635,484,1.45,23065.23,1263,3829,2,0.1,NaN,NaN,NaN,NaN,NaN,25,5,5,15.83,15.69,13.92,13.71
17:34:39,INCR,17.41,13.46,17.41,15.35,646,431,4.97,23070.2,1264,3829,2,0.1,NaN,NaN,NaN,NaN,NaN,25,5,5,15.83,15.69,13.92,13.71
17:34:40,INCR,17.41,13.46,17.41,15.36,655,383,4.1,23074.3,1265,3829,2,0.1,NaN,NaN,NaN,NaN,NaN,25,5,5,15.83,15.69,13.92,13.71
17:34:41,INCR,17.42,13.46,17.42,15.36,675,342,3.72,23078.02,1266,3829,2,0.1,NaN,NaN,NaN,NaN,NaN,25,5,5,15.83,15.69,13.92,13.71
17:34:42,INCR,17.41,13.46,17.41,15.36,708,311,2.58,23080.6,1267,3829,2,0.1,NaN,NaN,NaN,NaN,NaN,25,5,5,15.83,15.69,13.92,13.71
17:34:43,INCR,17.41,13.46,17.41,15.36,730,301,1.95,23082.55,1268,3829,2,0.1,NaN,NaN,NaN,NaN,NaN,25,5,5,15.83,15.69,13.92,13.71
17:34:44,INCR,17.41,13.46,17.41,15.35,773,299,3.48,23086.03,1269,3829,2,0.1,NaN,NaN,NaN,NaN,NaN,25,5,5,15.83,15.69,13.92,13.71
17:34:45,INCR,17.41,13.46,17.41,15.35,827,305,4.39,23090.43,1270,3829,2,0.1,NaN,NaN,NaN,NaN,NaN,25,5,5,15.83,15.69,13.92,13.71
17:34:46,INCR,17.41,13.46,17.41,15.35,838,320,2.16,23092.59,1271,3829,2,0.1,NaN,NaN,NaN,NaN,NaN,25,5,5,15.83,15.69,13.92,13.71
17:34:47,INCR,17.41,13.46,17.41,15.34,768,378,7.83,23100.42,1272,3829,2,0.1,NaN,NaN,NaN,NaN,NaN,25,5,5,15.83,15.69,13.92,13.71
17:34:48,INCR,17.41,13.46,17.41,15.34,758,490,9.47,23109.89,1273,3829,2,0.1,NaN,NaN,NaN,NaN,NaN,25,5,5,15.83,15.69,13.92,13.71
17:34:49,INCR,17.41,13.46,17.41,15.34,737,536,4.32,23114.21,1274,3829,2,0.1,NaN,NaN,NaN,NaN,NaN,25,5,5,15.83,15.69,13.92,13.71
17:34:50,INCR,17.41,13.46,17.41,15.34,718,540,1.7,23115.92,1275,3829,2,0.1,NaN,NaN,NaN,NaN,NaN,25,5,5,15.83,15.69,13.92,13.71
17:34:51,INCR,17.41,13.46,17.41,15.34,701,525,1.65,23117.57,1276,3829,2,0.1,NaN,NaN,NaN,NaN,NaN,25,5,5,15.83,15.69,13.92,13.71
17:34:52,INCR,17.41,13.46,17.41,15.34,680,503,2.53,23120.09,1277,3829,2,0.1,NaN,NaN,NaN,NaN,NaN,25,5,5,15.83,15.69,13.92,13.71
17:34:53,INCR,17.41,13.47,17.41,15.34,645,451,5.23,23125.33,1278,3829,2,0.1,NaN,NaN,NaN,NaN,NaN,25,5,5,15.83,15.69,13.92,13.71
17:34:54,INCR,17.41,13.47,17.41,15.34,665,440,1.9,23127.23,1279,3829,2,0.1,NaN,NaN,NaN,NaN,NaN,25,5,5,15.83,15.69,13.92,13.71
17:34:55,INCR,17.41,13.47,17.41,15.34,689,424,2.15,23129.38,1280,3829,2,0.1,NaN,NaN,NaN,NaN,NaN,25,5,5,15.83,15.69,13.92,13.71
17:34:56,INCR,17.41,13.47,17.41,15.34,746,407,4.77,23134.15,1281,3829,2,0.1,NaN,NaN,NaN,NaN,NaN,25,5,5,15.83,15.69,13.92,13.71
17:34:57,INCR,17.41,13.47,17.41,15.34,837,438,7.62,23141.77,1282,3829,2,0.1,NaN,NaN,NaN,NaN,NaN,25,5,5,15.83,15.69,13.92,13.71
17:34:58,INCR,17.41,13.47,17.41,15.34,843,502,5.7,23147.47,1283,3829,2,0.1,NaN,NaN,NaN,NaN,NaN,25,5,5,15.83,15.69,13.92,13.71
17:34:59,INCR,17.41,13.47,17.41,15.34,780,535,5.53,23153.01,1284,3829,2,0.1,NaN,NaN,NaN,NaN,NaN,25,5,5,15.83,15.69,13.92,13.71
17:35:00,INCR,17.41,13.47,17.41,15.34,710,529,5.56,23158.57,1285,3829,2,0.1,NaN,NaN,NaN,NaN,NaN,25,5,5,15.83,15.69,13.92,13.71
17:35:01,INCR,17.41,13.47,17.41,15.34,635,476,5.74,23164.31,1286,3829,2,0.1,NaN,NaN,NaN,NaN,NaN,25,5,5,15.83,15.69,13.92,13.71
17:35:02,INCR,17.41,13.47,17.41,15.34,617,401,6.55,23170.86,1287,3829,2,0.1,NaN,NaN,NaN,NaN,NaN,25,5,5,15.83,15.69,13.92,13.71
17:35:03,INCR,17.4,13.47,17.4,15.34,658,304,8.25,23179.1,1288,3829,2,0.1,NaN,NaN,NaN,NaN,NaN,25,5,5,15.83,15.69,13.92,13.71
17:35:04,INCR,17.4,13.47,17.4,15.33,746,260,8.33,23187.44,1289,3829,2,0.1,NaN,NaN,NaN,NaN,NaN,25,5,5,15.83,15.69,13.92,13.71
17:35:06,INCR,17.4,13.47,17.4,15.34,839,283,7.92,23195.36,1290,3829,2,0.1,NaN,NaN,NaN,NaN,NaN,25,5,5,15.83,15.69,13.92,13.71
17:35:07,INCR,17.4,13.47,17.4,15.34,911,443,15.46,23210.82,1291,3829,2,0.1,NaN,NaN,NaN,NaN,NaN,25,5,5,15.83,15.69,13.92,13.71
17:35:08,INCR,17.4,13.47,17.4,15.34,815,556,12.51,23223.33,1292,3829,2,0.1,NaN,NaN,NaN,NaN,NaN,25,5,5,15.83,15.69,13.92,13.71
17:35:09,INCR,17.4,13.47,17.4,15.34,669,507,13.54,23236.87,1293,3829,2,0.1,NaN,NaN,NaN,NaN,NaN,25,5,5,15.83,15.69,13.92,13.71
17:35:10,INCR,17.4,13.47,17.4,15.34,676,340,14.4,23251.27,1294,3829,2,0.1,NaN,NaN,NaN,NaN,NaN,25,5,5,15.83,15.69,13.92,13.71
17:35:11,INCR,17.39,13.47,17.39,15.34,809,295,10.19,23261.46,1295,3829,2,0.1,NaN,NaN,NaN,NaN,NaN,25,5,5,15.83,15.69,13.92,13.71
17:35:12,INCR,17.39,13.47,17.39,15.34,910,378,10.32,23271.78,1296,3829,2,0.1,NaN,NaN,NaN,NaN,NaN,25,5,5,15.83,15.69,13.92,13.71
17:35:13,INCR,17.39,13.47,17.39,15.35,876,498,10.49,23282.27,1297,3829,2,0.1,NaN,NaN,NaN,NaN,NaN,25,5,5,15.83,15.69,13.92,13.71
17:35:14,INCR,17.38,13.47,17.38,15.35,810,557,7.27,23289.54,1298,3829,2,0.1,NaN,NaN,NaN,NaN,NaN,25,5,5,15.83,15.69,13.92,13.71
17:35:15,INCR,17.38,13.48,17.38,15.34,735,542,5.09,23294.63,1299,3829,2,0.1,NaN,NaN,NaN,NaN,NaN,25,5,5,15.83,15.69,13.92,13.71
17:35:16,INCR,17.37,13.48,17.37,15.34,684,443,8.39,23303.02,1300,3829,2,0.1,NaN,NaN,NaN,NaN,NaN,25,5,5,15.83,15.69,13.92,13.71
17:35:17,INCR,17.38,13.48,17.38,15.34,751,384,7.35,23310.38,1301,3829,2,0.1,NaN,NaN,NaN,NaN,NaN,25,5,5,15.83,15.69,13.92,13.71
17:35:18,INCR,17.39,13.48,17.39,15.35,856,360,9.16,23319.53,1302,3829,2,0.1,NaN,NaN,NaN,NaN,NaN,25,5,5,15.83,15.69,13.92,13.71
17:35:19,INCR,17.38,13.48,17.38,15.35,886,423,5.84,23325.38,1303,3829,2,0.1,NaN,NaN,NaN,NaN,NaN,25,5,5,15.83,15.69,13.92,13.71
17:35:20,INCR,17.38,13.48,17.38,15.35,856,507,6.1,23331.48,1304,3829,2,0.1,NaN,NaN,NaN,NaN,NaN,25,5,5,15.83,15.69,13.92,13.71
17:35:21,INCR,17.37,13.48,17.37,15.35,787,546,6.55,23338.03,1305,3829,2,0.1,NaN,NaN,NaN,NaN,NaN,25,5,5,15.83,15.69,13.92,13.71
17:35:22,INCR,17.37,13.48,17.37,15.35,684,535,6.94,23344.97,1306,3829,2,0.1,NaN,NaN,NaN,NaN,NaN,25,5,5,15.83,15.69,13.92,13.71
17:35:23,INCR,17.37,13.48,17.37,15.36,611,417,11.94,23356.91,1307,3829,2,0.1,NaN,NaN,NaN,NaN,NaN,25,5,5,15.83,15.69,13.92,13.71
17:35:24,INCR,17.37,13.48,17.37,15.36,660,299,10.8,23367.71,1308,3829,2,0.1,NaN,NaN,NaN,NaN,NaN,25,5,5,15.83,15.69,13.92,13.71
17:35:25,INCR,17.36,13.48,17.36,15.36,848,288,13.87,23381.58,1309,3829,2,0.1,NaN,NaN,NaN,NaN,NaN,25,5,5,15.83,15.69,13.92,13.71
17:35:26,INCR,17.34,13.48,17.34,15.36,909,438,13.2,23394.78,1310,3829,2,0.1,NaN,NaN,NaN,NaN,NaN,25,5,5,15.83,15.69,13.92,13.71
17:35:27,INCR,17.31,13.48,17.31,15.36,851,530,7.4,23402.18,1311,3829,2,0.1,NaN,NaN,NaN,NaN,NaN,25,5,5,15.83,15.69,13.92,13.71
17:35:28,INCR,17.29,13.48,17.29,15.36,771,563,7.13,23409.3,1312,3829,2,0.1,NaN,NaN,NaN,NaN,NaN,25,5,5,15.83,15.69,13.92,13.71
17:35:29,INCR,17.28,13.48,17.28,15.36,641,472,13.07,23422.37,1313,3829,2,0.1,NaN,NaN,NaN,NaN,NaN,25,5,5,15.83,15.69,13.92,13.71
17:35:30,INCR,17.28,13.48,17.28,15.37,616,382,7.87,23430.24,1314,3829,2,0.1,NaN,NaN,NaN,NaN,NaN,25,5,5,15.83,15.69,13.92,13.71
17:35:31,INCR,17.28,13.48,17.28,15.37,689,282,10.32,23440.56,1315,3829,2,0.1,NaN,NaN,NaN,NaN,NaN,25,5,5,15.83,15.69,13.92,13.71
17:35:32,INCR,17.27,13.48,17.27,15.37,875,309,15.84,23456.4,1316,3829,2,0.1,NaN,NaN,NaN,NaN,NaN,25,5,5,15.83,15.69,13.92,13.71
17:35:33,INCR,17.27,13.48,17.27,15.38,902,460,12.67,23469.07,1317,3829,2,0.1,NaN,NaN,NaN,NaN,NaN,25,5,5,15.83,15.69,13.92,13.71
17:35:34,INCR,17.27,13.48,17.27,15.37,833,543,9.11,23478.18,1318,3829,2,0.1,NaN,NaN,NaN,NaN,NaN,25,5,5,15.83,15.69,13.92,13.71
17:35:35,INCR,17.27,13.48,17.27,15.38,731,536,5.83,23484.01,1319,3829,2,0.1,NaN,NaN,NaN,NaN,NaN,25,5,5,15.83,15.69,13.92,13.71
17:35:36,INCR,17.28,13.48,17.28,15.38,713,440,8.43,23492.44,1320,3829,2,0.1,NaN,NaN,NaN,NaN,NaN,25,5,5,15.83,15.69,13.92,13.71
17:35:37,INCR,17.27,13.48,17.27,15.38,795,362,9.3,23501.74,1321,3829,2,0.1,NaN,NaN,NaN,NaN,NaN,25,5,5,15.83,15.69,13.92,13.71
17:35:38,INCR,17.27,13.48,17.27,15.38,864,366,6.5,23508.24,1322,3829,2,0.1,NaN,NaN,NaN,NaN,NaN,25,5,5,15.83,15.69,13.92,13.71
17:35:39,INCR,17.26,13.48,17.26,15.38,888,440,6.51,23514.75,1323,3829,2,0.1,NaN,NaN,NaN,NaN,NaN,25,5,5,15.83,15.69,13.92,13.71
17:35:40,INCR,17.27,13.48,17.27,15.38,830,521,8.05,23522.81,1324,3829,2,0.1,NaN,NaN,NaN,NaN,NaN,25,5,5,15.83,15.69,13.92,13.71
17:35:41,INCR,17.27,13.48,17.27,15.38,822,542,5.18,23527.99,1325,3829,2,0.1,NaN,NaN,NaN,NaN,NaN,25,5,5,15.83,15.69,13.92,13.71
17:35:42,INCR,17.27,13.48,17.27,15.39,877,497,5.74,23533.73,1326,3829,2,0.1,NaN,NaN,NaN,NaN,NaN,25,5,5,15.83,15.69,13.92,13.71
17:35:43,INCR,17.27,13.48,17.27,15.4,890,475,2.11,23535.84,1327,3829,2,0.1,NaN,NaN,NaN,NaN,NaN,25,5,5,15.83,15.69,13.92,13.71
17:35:44,INCR,17.27,13.48,17.27,15.4,902,453,2.78,23538.62,1328,3829,2,0.1,NaN,NaN,NaN,NaN,NaN,25,5,5,15.83,15.69,13.92,13.71
17:35:45,INCR,17.28,13.48,17.28,15.4,907,399,4.56,23543.19,1329,3829,2,0.1,NaN,NaN,NaN,NaN,NaN,25,5,5,15.83,15.69,13.92,13.71
17:35:46,INCR,17.28,13.48,17.28,15.4,896,344,4.48,23547.67,1330,3829,2,0.1,NaN,NaN,NaN,NaN,NaN,25,5,5,15.83,15.69,13.92,13.71
17:35:47,INCR,17.28,13.48,17.28,15.42,845,284,3.42,23551.09,1331,3829,2,0.1,NaN,NaN,NaN,NaN,NaN,25,5,5,15.83,15.69,13.92,13.71
17:35:48,INCR,17.29,13.48,17.29,15.44,765,253,5.8,23556.89,1332,3829,2,0.1,NaN,NaN,NaN,NaN,NaN,25,5,5,15.83,15.69,13.92,13.71
17:35:49,INCR,17.29,13.48,17.29,15.47,698,273,5.98,23562.87,1333,3829,2,0.1,NaN,NaN,NaN,NaN,NaN,25,5,5,15.83,15.69,13.92,13.71
17:35:50,INCR,17.29,13.48,17.29,15.49,668,309,3.28,23566.15,1334,3829,2,0.1,NaN,NaN,NaN,NaN,NaN,25,5,5,15.83,15.69,13.92,13.71
17:35:51,INCR,17.29,13.48,17.29,15.48,668,312,0.51,23566.67,1335,3829,2,0.1,NaN,NaN,NaN,NaN,NaN,25,5,5,15.83,15.69,13.92,13.71
17:35:52,INCR,17.29,13.48,17.29,15.49,687,299,1.77,23568.44,1336,3829,2,0.1,NaN,NaN,NaN,NaN,NaN,25,5,5,15.83,15.69,13.92,13.71
17:35:53,INCR,17.29,13.48,17.29,15.49,723,292,3.03,23571.47,1337,3829,2,0.1,NaN,NaN,NaN,NaN,NaN,25,5,5,15.83,15.69,13.92,13.71
17:35:54,INCR,17.3,13.48,17.3,15.49,756,302,2.93,23574.4,1338,3829,2,0.1,NaN,NaN,NaN,NaN,NaN,25,5,5,15.83,15.69,13.92,13.71
17:35:55,INCR,17.31,13.48,17.31,15.5,792,314,3.09,23577.49,1339,3829,2,0.1,NaN,NaN,NaN,NaN,NaN,25,5,5,15.83,15.69,13.92,13.71
17:35:57,INCR,17.31,13.48,17.31,15.5,825,334,3.33,23580.82,1340,3829,2,0.1,NaN,NaN,NaN,NaN,NaN,25,5,5,15.83,15.69,13.92,13.71
17:35:58,INCR,17.31,13.48,17.31,15.49,836,361,3.08,23583.91,1341,3829,2,0.1,NaN,NaN,NaN,NaN,NaN,25,5,5,15.83,15.69,13.92,13.71
17:35:59,INCR,17.31,13.48,17.31,15.49,790,470,9.98,23593.89,1342,3829,2,0.1,NaN,NaN,NaN,NaN,NaN,25,5,5,15.83,15.69,13.92,13.71
17:36:00,INCR,17.34,13.48,17.34,15.49,815,522,4.73,23598.62,1343,3829,2,0.1,NaN,NaN,NaN,NaN,NaN,25,5,5,15.83,15.69,13.92,13.71
17:36:01,INCR,17.36,13.48,17.36,15.49,818,539,1.3,23599.92,1344,3829,2,0.1,NaN,NaN,NaN,NaN,NaN,25,5,5,15.83,15.69,13.92,13.71
17:36:02,INCR,17.38,13.48,17.38,15.49,790,548,2.13,23602.05,1345,3829,2,0.1,NaN,NaN,NaN,NaN,NaN,25,5,5,15.83,15.69,13.92,13.71
17:36:03,INCR,17.39,13.48,17.39,15.49,761,547,2.33,23604.38,1346,3829,2,0.1,NaN,NaN,NaN,NaN,NaN,25,5,5,15.83,15.69,13.92,13.71
17:36:04,INCR,17.38,13.48,17.38,15.49,708,535,4.43,23608.81,1347,3829,2,0.1,NaN,NaN,NaN,NaN,NaN,25,5,5,15.83,15.69,13.92,13.71
17:36:05,INCR,17.38,13.48,17.38,15.49,665,502,3.95,23612.75,1348,3829,2,0.1,NaN,NaN,NaN,NaN,NaN,25,5,5,15.83,15.69,13.92,13.71
17:36:06,INCR,17.39,13.48,17.39,15.49,661,464,3.55,23616.31,1349,3829,2,0.1,NaN,NaN,NaN,NaN,NaN,25,5,5,15.83,15.69,13.92,13.71
17:36:07,INCR,17.39,13.48,17.39,15.49,695,446,3.12,23619.43,1350,3829,2,0.1,NaN,NaN,NaN,NaN,NaN,25,5,5,15.83,15.69,13.92,13.71
17:36:08,INCR,17.4,13.49,17.4,15.49,791,448,10.55,23629.97,1351,3829,2,0.1,NaN,NaN,NaN,NaN,NaN,25,5,5,15.83,15.69,13.92,13.71
17:36:09,INCR,17.4,13.49,17.4,15.49,701,504,8.69,23638.66,1352,3829,2,0.1,NaN,NaN,NaN,NaN,NaN,25,5,5,15.83,15.69,13.92,13.71
17:36:10,INCR,17.4,13.49,17.4,15.49,652,442,7.43,23646.08,1353,3829,2,0.1,NaN,NaN,NaN,NaN,NaN,25,5,5,15.83,15.69,13.92,13.71
17:36:11,INCR,17.41,13.49,17.41,15.49,640,339,8.7,23654.79,1354,3829,2,0.1,NaN,NaN,NaN,NaN,NaN,25,5,5,15.83,15.69,13.92,13.71
17:36:12,INCR,17.41,13.49,17.41,15.48,729,271,8.99,23663.78,1355,3829,2,0.1,NaN,NaN,NaN,NaN,NaN,25,5,5,15.83,15.69,13.92,13.71
17:36:13,INCR,17.42,13.49,17.42,15.48,797,268,5.59,23669.36,1356,3829,2,0.1,NaN,NaN,NaN,NaN,NaN,25,5,5,15.83,15.69,13.92,13.71
17:36:14,INCR,17.45,13.49,17.45,15.49,903,357,11.43,23680.79,1357,3829,2,0.1,NaN,NaN,NaN,NaN,NaN,25,5,5,15.83,15.69,13.92,13.71
17:36:15,INCR,17.47,13.49,17.47,15.49,895,479,10.28,23691.07,1358,3829,2,0.1,NaN,NaN,NaN,NaN,NaN,25,5,5,15.83,15.69,13.92,13.71
17:36:16,INCR,17.49,13.49,17.49,15.49,814,555,8.52,23699.59,1359,3829,2,0.1,NaN,NaN,NaN,NaN,NaN,25,5,5,15.83,15.69,13.92,13.71
17:36:17,INCR,17.5,13.49,17.5,15.49,728,546,7.26,23706.86,1360,3829,2,0.1,NaN,NaN,NaN,NaN,NaN,25,5,5,15.83,15.69,13.92,13.71
17:36:18,INCR,17.5,13.49,17.5,15.49,688,427,11.35,23718.21,1361,3829,2,0.1,NaN,NaN,NaN,NaN,NaN,25,5,5,15.83,15.69,13.92,13.71
17:36:19,INCR,17.5,13.49,17.5,15.49,768,373,8.09,23726.3,1362,3829,2,0.1,NaN,NaN,NaN,NaN,NaN,25,5,5,15.83,15.69,13.92,13.71
17:36:20,INCR,17.5,13.49,17.5,15.48,841,364,6.07,23732.37,1363,3829,2,0.1,NaN,NaN,NaN,NaN,NaN,25,5,5,15.83,15.69,13.92,13.71
17:36:21,INCR,17.51,13.49,17.51,15.48,876,386,3.89,23736.26,1364,3829,2,0.1,NaN,NaN,NaN,NaN,NaN,25,5,5,15.83,15.69,13.92,13.71
17:36:22,INCR,17.51,13.49,17.51,15.49,882,442,4.42,23740.68,1365,3829,2,0.1,NaN,NaN,NaN,NaN,NaN,25,5,5,15.83,15.69,13.92,13.71
17:36:23,INCR,17.51,13.49,17.51,15.48,868,450,2.22,23742.9,1366,3829,2,0.1,NaN,NaN,NaN,NaN,NaN,25,5,5,15.83,15.69,13.92,13.71
17:36:24,INCR,17.51,13.49,17.51,15.48,840,502,4.43,23747.33,1367,3829,2,0.1,NaN,NaN,NaN,NaN,NaN,25,5,5,15.83,15.69,13.92,13.71
17:36:25,INCR,17.52,13.49,17.52,15.47,829,535,3.34,23750.67,1368,3829,2,0.1,NaN,NaN,NaN,NaN,NaN,25,5,5,15.83,15.69,13.92,13.71
17:36:26,INCR,17.52,13.49,17.52,15.47,823,537,1.12,23751.79,1369,3829,2,0.1,NaN,NaN,NaN,NaN,NaN,25,5,5,15.83,15.69,13.92,13.71
17:36:27,INCR,17.53,13.49,17.53,15.47,791,530,3.13,23754.92,1370,3829,2,0.1,NaN,NaN,NaN,NaN,NaN,25,5,5,15.83,15.69,13.92,13.71
17:36:28,INCR,17.54,13.49,17.54,15.47,726,525,5.73,23760.64,1371,3829,2,0.1,NaN,NaN,NaN,NaN,NaN,25,5,5,15.83,15.69,13.92,13.71
17:36:29,INCR,17.57,13.49,17.57,15.48,657,479,6.91,23767.55,1372,3829,2,0.1,NaN,NaN,NaN,NaN,NaN,25,5,5,15.83,15.69,13.92,13.71
17:36:30,INCR,17.59,13.49,17.59,15.48,637,415,5.57,23773.12,1373,3829,2,0.1,NaN,NaN,NaN,NaN,NaN,25,5,5,15.83,15.69,13.92,13.71
17:36:31,INCR,17.61,13.49,17.61,15.47,606,379,4.09,23777.21,1374,3829,2,0.1,NaN,NaN,NaN,NaN,NaN,25,5,5,15.83,15.69,13.92,13.71
17:36:32,INCR,17.61,13.49,17.61,15.47,605,370,1.42,23778.63,1375,3829,2,0.1,NaN,NaN,NaN,NaN,NaN,25,5,5,15.83,15.69,13.92,13.71
17:36:33,INCR,17.62,13.49,17.62,15.47,621,346,1.6,23780.24,1376,3829,2,0.1,NaN,NaN,NaN,NaN,NaN,25,5,5,15.83,15.69,13.92,13.71
17:36:34,INCR,17.62,13.49,17.62,15.47,668,306,3.09,23783.33,1377,3829,2,0.1,NaN,NaN,NaN,NaN,NaN,25,5,5,15.83,15.69,13.92,13.71
17:36:35,INCR,17.63,13.49,17.63,15.47,723,285,4.8,23788.13,1378,3829,2,0.1,NaN,NaN,NaN,NaN,NaN,25,5,5,15.83,15.69,13.92,13.71
17:36:36,INCR,17.63,13.49,17.63,15.47,767,313,5.14,23793.27,1379,3829,2,0.1,NaN,NaN,NaN,NaN,NaN,25,5,5,15.83,15.69,13.92,13.71
17:36:37,INCR,17.63,13.49,17.63,15.47,870,404,11.65,23804.92,1380,3829,2,0.1,NaN,NaN,NaN,NaN,NaN,25,5,5,15.83,15.69,13.92,13.71
17:36:38,INCR,17.63,13.49,17.63,15.47,861,438,2.86,23807.78,1381,3829,2,0.1,NaN,NaN,NaN,NaN,NaN,25,5,5,15.83,15.69,13.92,13.71
17:36:39,INCR,17.63,13.49,17.63,15.47,849,475,3.44,23811.22,1382,3829,2,0.1,NaN,NaN,NaN,NaN,NaN,25,5,5,15.83,15.69,13.92,13.71
17:36:40,INCR,17.64,13.49,17.64,15.47,803,509,5.11,23816.34,1383,3829,2,0.1,NaN,NaN,NaN,NaN,NaN,25,5,5,15.83,15.69,13.92,13.71
17:36:41,INCR,17.64,13.49,17.64,15.47,734,490,4.74,23821.08,1384,3829,2,0.1,NaN,NaN,NaN,NaN,NaN,25,5,5,15.83,15.69,13.92,13.71
17:36:42,INCR,17.64,13.49,17.64,15.47,685,386,9.5,23830.58,1385,3829,2,0.1,NaN,NaN,NaN,NaN,NaN,25,5,5,15.83,15.69,13.92,13.71
17:36:44,INCR,17.64,13.49,17.64,15.47,718,296,8.13,23838.71,1386,3829,2,0.1,NaN,NaN,NaN,NaN,NaN,25,5,5,15.83,15.69,13.92,13.71
17:36:45,INCR,17.64,13.49,17.64,15.47,836,278,9.17,23847.88,1387,3829,2,0.1,NaN,NaN,NaN,NaN,NaN,25,5,5,15.83,15.69,13.92,13.71
17:36:46,INCR,17.64,13.49,17.64,15.48,909,400,12.15,23860.03,1388,3829,2,0.1,NaN,NaN,NaN,NaN,NaN,25,5,5,15.83,15.69,13.92,13.71
17:36:47,INCR,17.64,13.49,17.64,15.48,868,514,7.73,23867.77,1389,3829,2,0.1,NaN,NaN,NaN,NaN,NaN,25,5,5,15.83,15.69,13.92,13.71
17:36:48,INCR,17.65,13.49,17.65,15.48,789,556,6.49,23874.26,1390,3829,2,0.1,NaN,NaN,NaN,NaN,NaN,25,5,5,15.83,15.69,13.92,13.71
17:36:49,INCR,17.64,13.49,17.64,15.48,689,536,8.53,23882.78,1391,3829,2,0.1,NaN,NaN,NaN,NaN,NaN,25,5,5,15.83,15.69,13.92,13.71
17:36:50,INCR,17.64,13.49,17.64,15.48,613,388,13.94,23896.73,1392,3829,2,0.1,NaN,NaN,NaN,NaN,NaN,25,5,5,15.83,15.69,13.92,13.71
17:36:51,INCR,17.64,13.49,17.64,15.48,687,281,10.95,23907.67,1393,3829,2,0.1,NaN,NaN,NaN,NaN,NaN,25,5,5,15.83,15.69,13.92,13.71
17:36:52,INCR,17.65,13.49,17.65,15.48,840,279,12.29,23919.96,1394,3829,2,0.1,NaN,NaN,NaN,NaN,NaN,25,5,5,15.83,15.69,13.92,13.71
17:36:53,INCR,17.65,13.5,17.65,15.51,914,435,13.4,23933.36,1395,3829,2,0.1,NaN,NaN,NaN,NaN,NaN,25,5,5,15.83,15.69,13.92,13.71
17:36:54,INCR,17.65,13.5,17.65,15.54,803,557,14.25,23947.61,1396,3829,2,0.1,NaN,NaN,NaN,NaN,NaN,25,5,5,15.83,15.69,13.92,13.71
17:36:55,INCR,17.65,13.5,17.65,15.56,690,489,11.98,23959.58,1397,3829,2,0.1,NaN,NaN,NaN,NaN,NaN,25,5,5,15.83,15.69,13.92,13.71
17:36:56,INCR,17.65,13.5,17.65,15.56,734,342,12.51,23972.09,1398,3829,2,0.1,NaN,NaN,NaN,NaN,NaN,25,5,5,15.83,15.69,13.92,13.71
17:36:57,INCR,17.65,13.5,17.65,15.57,843,311,9.5,23981.6,1399,3829,2,0.1,NaN,NaN,NaN,NaN,NaN,25,5,5,15.83,15.69,13.92,13.71
17:36:58,INCR,17.65,13.5,17.65,15.57,903,416,10.67,23992.26,1400,3829,2,0.1,NaN,NaN,NaN,NaN,NaN,25,5,5,15.83,15.69,13.92,13.71
17:36:59,INCR,17.65,13.5,17.65,15.58,856,517,9.41,24001.67,1401,3829,2,0.1,NaN,NaN,NaN,NaN,NaN,25,5,5,15.83,15.69,13.92,13.71
17:37:00,INCR,17.65,13.5,17.65,15.6,771,545,8.29,24009.96,1402,3829,2,0.1,NaN,NaN,NaN,NaN,NaN,25,5,5,15.83,15.69,13.92,13.71
17:37:01,INCR,17.64,13.5,17.64,15.63,658,391,12.4,24022.36,1403,3829,2,0.1,NaN,NaN,NaN,NaN,NaN,25,5,5,15.83,15.69,13.92,13.71
17:37:02,INCR,17.64,13.5,17.64,15.65,713,275,9.05,24031.41,1404,3829,2,0.1,NaN,NaN,NaN,NaN,NaN,25,5,5,15.83,15.69,13.92,13.71
17:37:03,INCR,17.64,13.5,17.64,15.67,848,286,11.87,24043.29,1405,3829,2,0.1,NaN,NaN,NaN,NaN,NaN,25,5,5,15.83,15.69,13.92,13.71
17:37:04,INCR,17.64,13.5,17.64,15.7,910,456,15.58,24058.87,1406,3829,2,0.1,NaN,NaN,NaN,NaN,NaN,25,5,5,15.83,15.69,13.92,13.71
17:37:05,INCR,17.64,13.5,17.64,15.72,782,524,13.19,24072.06,1407,3829,2,0.1,NaN,NaN,NaN,NaN,NaN,25,5,5,15.83,15.69,13.92,13.71
17:37:06,INCR,17.64,13.5,17.64,15.74,725,395,11.88,24083.95,1408,3829,2,0.1,NaN,NaN,NaN,NaN,NaN,25,5,5,15.83,15.69,13.92,13.71
17:37:07,INCR,17.63,13.5,17.63,15.77,785,290,10.37,24094.32,1409,3829,2,0.1,NaN,NaN,NaN,NaN,NaN,25,5,5,15.83,15.69,13.92,13.71
17:37:08,INCR,17.63,13.5,17.63,15.8,892,348,10.69,24105.01,1410,3829,2,0.1,NaN,NaN,NaN,NaN,NaN,25,5,5,15.83,15.69,13.92,13.71
17:37:09,INCR,17.62,13.5,17.62,15.81,900,471,10.48,24115.48,1411,3829,2,0.1,NaN,NaN,NaN,NaN,NaN,25,5,5,15.83,15.69,13.92,13.71
17:37:10,INCR,17.62,13.5,17.62,15.82,810,514,8.89,24124.38,1412,3829,2,0.1,NaN,NaN,NaN,NaN,NaN,25,5,5,15.83,15.69,13.92,13.71
17:37:11,INCR,17.62,13.5,17.62,15.83,711,463,9.62,24133.99,1413,3829,2,0.1,NaN,NaN,NaN,NaN,NaN,25,5,5,15.83,15.69,13.92,13.71
17:37:12,INCR,17.62,13.5,17.62,15.87,713,301,13.05,24147.04,1414,3829,2,0.1,NaN,NaN,NaN,NaN,NaN,25,5,5,15.83,15.69,13.92,13.71
17:37:13,INCR,17.62,13.5,17.62,15.89,758,286,3.89,24150.93,1415,3829,2,0.1,NaN,NaN,NaN,NaN,NaN,25,5,5,15.83,15.69,13.92,13.71
17:37:14,INCR,17.62,13.5,17.62,15.91,754,264,2.68,24153.61,1416,3829,2,0.1,NaN,NaN,NaN,NaN,NaN,25,5,5,15.83,15.69,13.92,13.71
17:37:15,INCR,17.62,13.5,17.62,15.91,743,262,2.32,24155.94,1417,3829,2,0.1,NaN,NaN,NaN,NaN,NaN,25,5,5,15.83,15.69,13.92,13.71
17:37:16,INCR,17.61,13.5,17.61,15.92,738,262,1.27,24157.21,1418,3829,2,0.1,NaN,NaN,NaN,NaN,NaN,25,5,5,15.83,15.69,13.92,13.71
17:37:17,INCR,17.61,13.5,17.61,15.92,723,262,1.64,24158.85,1419,3829,2,0.1,NaN,NaN,NaN,NaN,NaN,25,5,5,15.83,15.69,13.92,13.71
17:37:18,INCR,17.6,13.5,17.6,15.92,689,298,4.01,24162.86,1420,3829,2,0.1,NaN,NaN,NaN,NaN,NaN,25,5,5,15.83,15.69,13.92,13.71
17:37:19,INCR,17.6,13.5,17.6,15.92,669,314,2.13,24164.99,1421,3829,2,0.1,NaN,NaN,NaN,NaN,NaN,25,5,5,15.83,15.69,13.92,13.71
17:37:20,INCR,17.6,13.51,17.6,15.93,689,298,1.69,24166.68,1422,3829,2,0.1,NaN,NaN,NaN,NaN,NaN,25,5,5,15.83,15.69,13.92,13.71
17:37:21,INCR,17.6,13.51,17.6,15.97,709,305,1.65,24168.33,1423,3829,2,0.1,NaN,NaN,NaN,NaN,NaN,25,5,5,15.83,15.69,13.92,13.71
17:37:22,INCR,17.6,13.51,17.6,16,744,311,2.97,24171.29,1424,3829,2,0.1,NaN,NaN,NaN,NaN,NaN,25,5,5,15.83,15.69,13.92,13.71
17:37:23,INCR,17.6,13.51,17.6,16.01,767,348,5.13,24176.43,1425,3829,2,0.1,NaN,NaN,NaN,NaN,NaN,25,5,5,15.83,15.69,13.92,13.71
17:37:24,INCR,17.59,13.51,17.59,16.01,864,431,11,24187.43,1426,3829,2,0.1,NaN,NaN,NaN,NaN,NaN,25,5,5,15.83,15.69,13.92,13.71
17:37:25,INCR,17.59,13.51,17.59,16.02,888,398,4.57,24192,1427,3829,2,0.1,NaN,NaN,NaN,NaN,NaN,25,5,5,15.83,15.69,13.92,13.71
17:37:26,INCR,17.59,13.51,17.59,16.02,887,374,2.01,24194.01,1428,3829,2,0.1,NaN,NaN,NaN,NaN,NaN,25,5,5,15.83,15.69,13.92,13.71
17:37:27,INCR,17.59,13.51,17.59,16.02,845,302,6.65,24200.67,1429,3829,2,0.1,NaN,NaN,NaN,NaN,NaN,25,5,5,15.83,15.69,13.92,13.71
17:37:29,INCR,17.59,13.51,17.59,16.02,824,278,3.06,24203.73,1430,3829,2,0.1,NaN,NaN,NaN,NaN,NaN,25,5,5,15.83,15.69,13.92,13.71
17:37:30,INCR,17.59,13.51,17.59,16.03,785,259,3.33,24207.06,1431,3829,2,0.1,NaN,NaN,NaN,NaN,NaN,25,5,5,15.83,15.69,13.92,13.71
17:37:31,INCR,17.58,13.51,17.58,16.03,697,274,7.28,24214.34,1432,3829,2,0.1,NaN,NaN,NaN,NaN,NaN,25,5,5,15.83,15.69,13.92,13.71
17:37:32,INCR,17.58,13.51,17.58,16.03,673,299,4.11,24218.45,1433,3829,2,0.1,NaN,NaN,NaN,NaN,NaN,25,5,5,15.83,15.69,13.92,13.71
17:37:33,INCR,17.58,13.51,17.58,16.03,762,368,10.25,24228.7,1434,3829,2,0.1,NaN,NaN,NaN,NaN,NaN,25,5,5,15.83,15.69,13.92,13.71
17:37:34,INCR,17.57,13.51,17.57,16.03,866,359,8.98,24237.68,1435,3829,2,0.1,NaN,NaN,NaN,NaN,NaN,25,5,5,15.83,15.69,13.92,13.71
17:37:35,INCR,17.56,13.51,17.56,16.03,885,415,5.26,24242.95,1436,3829,2,0.1,NaN,NaN,NaN,NaN,NaN,25,5,5,15.83,15.69,13.92,13.71
17:37:36,INCR,17.56,13.51,17.56,16.03,864,512,7.76,24250.71,1437,3829,2,0.1,NaN,NaN,NaN,NaN,NaN,25,5,5,15.83,15.69,13.92,13.71
17:37:37,INCR,17.56,13.51,17.56,16.04,740,512,8.67,24259.37,1438,3829,2,0.1,NaN,NaN,NaN,NaN,NaN,25,5,5,15.83,15.69,13.92,13.71
17:37:38,INCR,17.56,13.51,17.56,16.03,652,460,8.46,24267.84,1439,3829,2,0.1,NaN,NaN,NaN,NaN,NaN,25,5,5,15.83,15.69,13.92,13.71
17:37:39,INCR,17.56,13.51,17.56,16.04,623,352,9.57,24277.41,1440,3829,2,0.1,NaN,NaN,NaN,NaN,NaN,25,5,5,15.83,15.69,13.92,13.71
17:37:40,INCR,17.55,13.51,17.55,16.04,701,274,9.1,24286.51,1441,3829,2,0.1,NaN,NaN,NaN,NaN,NaN,25,5,5,15.83,15.69,13.92,13.71
17:37:41,INCR,17.55,13.52,17.55,16.04,863,296,14.17,24300.68,1442,3829,2,0.1,NaN,NaN,NaN,NaN,NaN,25,5,5,15.83,15.69,13.92,13.71
17:37:42,INCR,17.55,13.52,17.55,16.04,890,441,12.24,24312.92,1443,3829,2,0.1,NaN,NaN,NaN,NaN,NaN,25,5,5,15.83,15.69,13.92,13.71
17:37:43,INCR,17.55,13.52,17.55,16.04,780,439,10.87,24323.79,1444,3829,2,0.1,NaN,NaN,NaN,NaN,NaN,25,5,5,15.83,15.69,13.92,13.71
17:37:44,INCR,17.54,13.52,17.54,16.04,745,316,10.3,24334.09,1445,3829,2,0.1,NaN,NaN,NaN,NaN,NaN,25,5,5,15.83,15.69,13.92,13.71
17:37:45,INCR,17.54,13.52,17.54,16.03,776,290,4.29,24338.38,1446,3829,2,0.1,NaN,NaN,NaN,NaN,NaN,25,5,5,15.83,15.69,13.92,13.71
17:37:46,INCR,17.53,13.52,17.53,16.03,802,264,6,24344.37,1447,3829,2,0.1,NaN,NaN,NaN,NaN,NaN,25,5,5,15.83,15.69,13.92,13.71
17:37:47,INCR,17.53,13.52,17.53,16.03,747,261,3.5,24347.88,1448,3829,2,0.1,NaN,NaN,NaN,NaN,NaN,25,5,5,15.83,15.69,13.92,13.71
17:37:48,INCR,17.53,13.52,17.53,16.03,729,261,1.91,24349.79,1449,3829,2,0.1,NaN,NaN,NaN,NaN,NaN,25,5,5,15.83,15.69,13.92,13.71
17:37:49,INCR,17.53,13.52,17.53,16.03,748,271,2.38,24352.17,1450,3829,2,0.1,NaN,NaN,NaN,NaN,NaN,25,5,5,15.83,15.69,13.92,13.71
17:37:50,INCR,17.52,13.52,17.52,16.03,774,288,3.24,24355.41,1451,3829,2,0.1,NaN,NaN,NaN,NaN,NaN,25,5,5,15.83,15.69,13.92,13.71
17:37:51,INCR,17.52,13.53,17.52,16.03,842,315,6.41,24361.82,1452,3829,2,0.1,NaN,NaN,NaN,NaN,NaN,25,5,5,15.83,15.69,13.92,13.71
17:37:52,INCR,17.52,13.53,17.52,16.03,809,266,7.32,24369.14,1453,3829,2,0.1,NaN,NaN,NaN,NaN,NaN,25,5,5,15.83,15.69,13.92,13.71
17:37:53,INCR,17.52,13.53,17.52,16.02,685,271,10.18,24379.32,1454,3829,2,0.1,NaN,NaN,NaN,NaN,NaN,25,5,5,15.83,15.69,13.92,13.71
17:37:54,INCR,17.52,13.53,17.52,16.02,652,288,3.33,24382.65,1455,3829,2,0.1,NaN,NaN,NaN,NaN,NaN,25,5,5,15.83,15.69,13.92,13.71
17:37:55,INCR,17.51,13.53,17.51,16.02,668,310,3.21,24385.86,1456,3829,2,0.1,NaN,NaN,NaN,NaN,NaN,25,5,5,15.83,15.69,13.92,13.71
17:37:56,INCR,17.51,13.53,17.51,16.02,668,306,1.39,24387.25,1457,3829,2,0.1,NaN,NaN,NaN,NaN,NaN,25,5,5,15.83,15.69,13.92,13.71
17:37:57,INCR,17.5,13.53,17.5,16.01,716,302,4.64,24391.89,1458,3829,2,0.1,NaN,NaN,NaN,NaN,NaN,25,5,5,15.83,15.69,13.92,13.71
17:37:58,INCR,17.5,13.53,17.5,16.01,772,290,3.6,24395.49,1459,3829,2,0.1,NaN,NaN,NaN,NaN,NaN,25,5,5,15.83,15.69,13.92,13.71
17:37:59,INCR,17.5,13.53,17.5,16,776,265,3.59,24399.08,1460,3829,2,0.1,NaN,NaN,NaN,NaN,NaN,25,5,5,15.83,15.69,13.92,13.71
17:38:00,INCR,17.5,13.53,17.5,16.01,814,284,6.63,24405.71,1461,3829,2,0.1,NaN,NaN,NaN,NaN,NaN,25,5,5,15.83,15.69,13.92,13.71
17:38:01,INCR,17.51,13.53,17.51,16.01,834,293,3.49,24409.2,1462,3829,2,0.1,NaN,NaN,NaN,NaN,NaN,25,5,5,15.83,15.69,13.92,13.71
17:38:02,INCR,17.51,13.53,17.51,16.01,777,256,6.23,24415.42,1463,3829,2,0.1,NaN,NaN,NaN,NaN,NaN,25,5,5,15.83,15.69,13.92,13.71
17:38:03,INCR,17.51,13.53,17.51,16.01,707,262,5.34,24420.76,1464,3829,2,0.1,NaN,NaN,NaN,NaN,NaN,25,5,5,15.83,15.69,13.92,13.71
17:38:04,INCR,17.51,13.53,17.51,16,694,270,2.73,24423.49,1465,3829,2,0.1,NaN,NaN,NaN,NaN,NaN,25,5,5,15.83,15.69,13.92,13.71
17:38:05,INCR,17.51,13.53,17.51,16,715,284,2.72,24426.21,1466,3829,2,0.1,NaN,NaN,NaN,NaN,NaN,25,5,5,15.83,15.69,13.92,13.71
17:38:06,INCR,17.51,13.53,17.51,16,735,286,3.01,24429.22,1467,3829,2,0.1,NaN,NaN,NaN,NaN,NaN,25,5,5,15.83,15.69,13.92,13.71
17:38:07,INCR,17.52,13.53,17.52,16,766,280,3.45,24432.67,1468,3829,2,0.1,NaN,NaN,NaN,NaN,NaN,25,5,5,15.83,15.69,13.92,13.71
17:38:08,INCR,17.51,13.53,17.51,16,768,269,4.99,24437.66,1469,3829,2,0.1,NaN,NaN,NaN,NaN,NaN,25,5,5,15.83,15.69,13.92,13.71
17:38:09,INCR,17.51,13.53,17.51,15.99,751,260,15.67,24453.33,1470,3829,2,0.1,NaN,NaN,NaN,NaN,NaN,25,5,5,15.83,15.69,13.92,13.71
17:38:10,INCR,17.51,13.53,17.51,15.99,897,378,16.12,24469.45,1471,3829,2,0.1,NaN,NaN,NaN,NaN,NaN,25,5,5,15.83,15.69,13.92,13.71
17:38:11,INCR,17.52,13.53,17.52,15.99,872,493,9.98,24479.43,1472,3829,2,0.1,NaN,NaN,NaN,NaN,NaN,25,5,5,15.83,15.69,13.92,13.71
17:38:12,INCR,17.52,13.53,17.52,15.98,725,485,13.57,24493,1473,3829,2,0.1,NaN,NaN,NaN,NaN,NaN,25,5,5,15.83,15.69,13.92,13.71
17:38:13,INCR,17.52,13.53,17.52,15.98,668,356,10.67,24503.67,1474,3829,2,0.1,NaN,NaN,NaN,NaN,NaN,25,5,5,15.83,15.69,13.92,13.71
17:38:14,INCR,17.53,13.53,17.53,15.98,720,285,6.56,24510.23,1475,3829,2,0.1,NaN,NaN,NaN,NaN,NaN,25,5,5,15.83,15.69,13.92,13.71
17:38:15,INCR,17.53,13.53,17.53,15.98,804,277,7.06,24517.28,1476,3829,2,0.1,NaN,NaN,NaN,NaN,NaN,25,5,5,15.83,15.69,13.92,13.71
17:38:16,INCR,17.53,13.54,17.53,15.98,877,344,8.39,24525.67,1477,3829,2,0.1,NaN,NaN,NaN,NaN,NaN,25,5,5,15.83,15.69,13.92,13.71
17:38:17,INCR,17.54,13.54,17.54,15.97,865,451,9.34,24535.01,1478,3829,2,0.1,NaN,NaN,NaN,NaN,NaN,25,5,5,15.83,15.69,13.92,13.71
17:38:18,INCR,17.54,13.54,17.54,15.97,684,508,13.34,24548.35,1479,3829,2,0.1,NaN,NaN,NaN,NaN,NaN,25,5,5,15.83,15.69,13.92,13.71
17:38:19,INCR,17.54,13.54,17.54,15.97,613,443,8.33,24556.68,1480,3829,2,0.1,NaN,NaN,NaN,NaN,NaN,25,5,5,15.83,15.69,13.92,13.71
17:38:20,INCR,17.55,13.54,17.55,15.97,619,363,6.52,24563.2,1481,3829,2,0.1,NaN,NaN,NaN,NaN,NaN,25,5,5,15.83,15.69,13.92,13.71
17:38:22,INCR,17.55,13.54,17.55,15.97,701,268,10.5,24573.71,1482,3829,2,0.1,NaN,NaN,NaN,NaN,NaN,25,5,5,15.83,15.69,13.92,13.71
17:38:23,INCR,17.55,13.54,17.55,15.96,846,281,10.87,24584.58,1483,3829,2,0.1,NaN,NaN,NaN,NaN,NaN,25,5,5,15.83,15.69,13.92,13.71
17:38:24,INCR,17.57,13.54,17.57,15.96,908,435,11.06,24595.63,1484,3829,2,0.1,NaN,NaN,NaN,NaN,NaN,25,5,5,15.83,15.69,13.92,13.71
17:38:25,INCR,17.6,13.54,17.6,15.96,791,542,12.57,24608.2,1485,3829,2,0.1,NaN,NaN,NaN,NaN,NaN,25,5,5,15.83,15.69,13.92,13.71
17:38:26,INCR,17.63,13.54,17.63,15.96,656,511,11.46,24619.67,1486,3829,2,0.1,NaN,NaN,NaN,NaN,NaN,25,5,5,15.83,15.69,13.92,13.71
17:38:27,INCR,17.64,13.54,17.64,15.95,613,366,13.03,24632.69,1487,3829,2,0.1,NaN,NaN,NaN,NaN,NaN,25,5,5,15.83,15.69,13.92,13.71
17:38:28,INCR,17.64,13.54,17.64,15.95,709,271,11.4,24644.1,1488,3829,2,0.1,NaN,NaN,NaN,NaN,NaN,25,5,5,15.83,15.69,13.92,13.71
17:38:29,INCR,17.64,13.54,17.64,15.95,860,304,11.42,24655.52,1489,3829,2,0.1,NaN,NaN,NaN,NaN,NaN,25,5,5,15.83,15.69,13.92,13.71
17:38:30,INCR,17.65,13.54,17.65,15.95,904,432,9.35,24664.87,1490,3829,2,0.1,NaN,NaN,NaN,NaN,NaN,25,5,5,15.83,15.69,13.92,13.71
17:38:31,INCR,17.65,13.55,17.65,15.94,814,531,9.3,24674.17,1491,3829,2,0.1,NaN,NaN,NaN,NaN,NaN,25,5,5,15.83,15.69,13.92,13.71
17:38:32,INCR,17.65,13.55,17.65,15.94,700,509,9.66,24683.83,1492,3829,2,0.1,NaN,NaN,NaN,NaN,NaN,25,5,5,15.83,15.69,13.92,13.71
17:38:33,INCR,17.66,13.55,17.66,15.94,616,417,9.03,24692.87,1493,3829,2,0.1,NaN,NaN,NaN,NaN,NaN,25,5,5,15.83,15.69,13.92,13.71
17:38:34,INCR,17.66,13.55,17.66,15.93,628,338,6.59,24699.46,1494,3829,2,0.1,NaN,NaN,NaN,NaN,NaN,25,5,5,15.83,15.69,13.92,13.71
17:38:35,INCR,17.66,13.55,17.66,15.93,775,255,14.66,24714.12,1495,3829,2,0.1,NaN,NaN,NaN,NaN,NaN,25,5,5,15.83,15.69,13.92,13.71
17:38:36,INCR,17.66,13.55,17.66,15.93,899,405,12.06,24726.17,1496,3829,2,0.1,NaN,NaN,NaN,NaN,NaN,25,5,5,15.83,15.69,13.92,13.71
17:38:37,INCR,17.66,13.55,17.66,15.92,795,496,12.21,24738.38,1497,3829,2,0.1,NaN,NaN,NaN,NaN,NaN,25,5,5,15.83,15.69,13.92,13.71
17:38:38,INCR,17.68,13.55,17.68,15.92,673,487,9.69,24748.07,1498,3829,2,0.1,NaN,NaN,NaN,NaN,NaN,25,5,5,15.83,15.69,13.92,13.71
17:38:39,INCR,17.71,13.55,17.71,15.92,622,419,6.75,24754.82,1499,3829,2,0.1,NaN,NaN,NaN,NaN,NaN,25,5,5,15.83,15.69,13.92,13.71
17:38:40,INCR,17.73,13.55,17.73,15.92,575,388,4.6,24759.42,1500,3829,2,0.1,NaN,NaN,NaN,NaN,NaN,25,5,5,15.83,15.69,13.92,13.71
17:38:41,DECR,15.92,13.55,17.75,15.92,481,399,7.79,24767.21,1500,3830,2,0.1,NaN,NaN,NaN,NaN,NaN,25,5,5,15.94,15.81,13.92,13.71
17:38:42,DECR,15.92,13.55,17.75,15.92,370,446,10.61,24777.82,1500,3831,2,0.1,NaN,NaN,NaN,NaN,NaN,25,5,5,15.94,15.81,13.92,13.71
17:38:43,DECR,15.91,13.55,17.75,15.91,421,485,8.5,24786.31,1500,3832,2,0.1,NaN,NaN,NaN,NaN,NaN,25,5,5,15.94,15.81,13.92,13.71
17:38:44,DECR,15.91,13.55,17.75,15.91,464,391,8.9,24795.21,1500,3833,2,0.1,NaN,NaN,NaN,NaN,NaN,25,5,5,15.94,15.81,13.92,13.71
17:38:45,DECR,15.91,13.56,17.75,15.91,375,268,11.04,24806.25,1500,3834,2,0.1,NaN,NaN,NaN,NaN,NaN,25,5,5,15.94,15.81,13.92,13.71
17:38:46,DECR,15.91,13.56,17.75,15.91,212,292,14.27,24820.52,1500,3835,2,0.1,NaN,NaN,NaN,NaN,NaN,25,5,5,15.94,15.81,13.92,13.71
17:38:47,DECR,15.9,13.56,17.75,15.9,164,452,13.21,24833.73,1500,3836,2,0.1,NaN,NaN,NaN,NaN,NaN,25,5,5,15.94,15.81,13.92,13.71
17:38:48,DECR,15.9,13.56,17.76,15.9,255,545,11.14,24844.86,1500,3837,2,0.1,NaN,NaN,NaN,NaN,NaN,25,5,5,15.94,15.81,13.92,13.71
17:38:49,DECR,15.88,13.56,17.76,15.88,396,524,11.87,24856.74,1500,3838,2,0.1,NaN,NaN,NaN,NaN,NaN,25,5,5,15.94,15.81,13.92,13.71
17:38:50,DECR,15.86,13.56,17.76,15.86,459,439,8.89,24865.63,1500,3839,2,0.1,NaN,NaN,NaN,NaN,NaN,25,5,5,15.94,15.81,13.92,13.71
17:38:51,DECR,15.83,13.56,17.76,15.83,447,336,8.56,24874.19,1500,3840,2,0.1,NaN,NaN,NaN,NaN,NaN,25,5,5,15.94,15.81,13.92,13.71
17:38:52,DECR,15.83,13.56,17.76,15.83,302,254,14.33,24888.51,1500,3841,2,0.1,NaN,NaN,NaN,NaN,NaN,25,5,5,15.94,15.81,13.92,13.71
17:38:53,DECR,15.82,13.56,17.76,15.82,167,345,12.61,24901.13,1500,3842,2,0.1,NaN,NaN,NaN,NaN,NaN,25,5,5,15.94,15.81,13.92,13.71
17:38:54,DECR,15.82,13.56,17.76,15.82,190,509,13.42,24914.55,1500,3843,2,0.1,NaN,NaN,NaN,NaN,NaN,25,5,5,15.94,15.81,13.92,13.71
17:38:55,DECR,15.81,13.56,17.76,15.81,340,553,13.21,24927.76,1500,3844,2,0.1,NaN,NaN,NaN,NaN,NaN,25,5,5,15.94,15.81,13.92,13.71
17:38:56,DECR,15.81,13.56,17.76,15.81,462,427,15.17,24942.93,1500,3845,2,0.1,NaN,NaN,NaN,NaN,NaN,25,5,5,15.94,15.81,13.92,13.71
17:38:57,DECR,15.81,13.56,17.77,15.81,408,312,10.96,24953.9,1500,3846,2,0.1,NaN,NaN,NaN,NaN,NaN,25,5,5,15.94,15.81,13.92,13.71
17:38:58,DECR,15.8,13.56,17.77,15.8,242,287,13.91,24967.8,1500,3847,2,0.1,NaN,NaN,NaN,NaN,NaN,25,5,5,15.94,15.81,13.92,13.71
17:38:59,DECR,15.8,13.56,17.77,15.8,161,416,11.98,24979.79,1500,3848,2,0.1,NaN,NaN,NaN,NaN,NaN,25,5,5,15.94,15.81,13.92,13.71
17:39:00,DECR,15.8,13.56,17.77,15.8,239,527,11.24,24991.02,1500,3849,2,0.1,NaN,NaN,NaN,NaN,NaN,25,5,5,15.94,15.81,13.92,13.71
17:39:01,DECR,15.8,13.56,17.77,15.8,314,553,6.55,24997.57,1500,3850,2,0.1,NaN,NaN,NaN,NaN,NaN,25,5,5,15.94,15.81,13.92,13.71
17:39:02,DECR,15.8,13.56,17.77,15.8,446,493,10.65,25008.22,1500,3851,2,0.1,NaN,NaN,NaN,NaN,NaN,25,5,5,15.94,15.81,13.92,13.71
17:39:03,DECR,15.8,13.56,17.77,15.8,508,399,8.83,25017.05,1500,3852,2,0.1,NaN,NaN,NaN,NaN,NaN,25,5,5,15.94,15.81,13.92,13.71
17:39:04,INCR,17.78,13.56,17.78,15.8,586,391,5.93,25022.98,1501,3852,2,0.1,NaN,NaN,NaN,NaN,NaN,25,5,5,15.94,15.81,14.02,13.72
17:39:06,INCR,17.78,13.56,17.78,15.8,705,341,10.63,25033.61,1502,3852,2,0.1,NaN,NaN,NaN,NaN,NaN,25,5,5,15.94,15.81,14.02,13.72
17:39:07,INCR,17.78,13.56,17.78,15.8,816,307,7.89,25041.5,1503,3852,2,0.1,NaN,NaN,NaN,NaN,NaN,25,5,5,15.94,15.81,14.02,13.72
17:39:08,INCR,17.78,13.56,17.78,15.79,807,267,3.98,25045.47,1504,3852,2,0.1,NaN,NaN,NaN,NaN,NaN,25,5,5,15.94,15.81,14.02,13.72
17:39:09,INCR,17.78,13.56,17.78,15.79,783,262,2.36,25047.83,1505,3852,2,0.1,NaN,NaN,NaN,NaN,NaN,25,5,5,15.94,15.81,14.02,13.72
17:39:10,INCR,17.77,13.56,17.77,15.78,752,264,2.25,25050.08,1506,3852,2,0.1,NaN,NaN,NaN,NaN,NaN,25,5,5,15.94,15.81,14.02,13.72
17:39:11,INCR,17.78,13.56,17.78,15.78,727,261,2.51,25052.6,1507,3852,2,0.1,NaN,NaN,NaN,NaN,NaN,25,5,5,15.94,15.81,14.02,13.72
17:39:12,INCR,17.78,13.56,17.78,15.78,694,270,3.29,25055.88,1508,3852,2,0.1,NaN,NaN,NaN,NaN,NaN,25,5,5,15.94,15.81,14.02,13.72
17:39:13,INCR,17.78,13.56,17.78,15.77,661,294,4.47,25060.35,1509,3852,2,0.1,NaN,NaN,NaN,NaN,NaN,25,5,5,15.94,15.81,14.02,13.72
17:39:14,INCR,17.77,13.56,17.77,15.77,661,296,1.37,25061.72,1510,3852,2,0.1,NaN,NaN,NaN,NaN,NaN,25,5,5,15.94,15.81,14.02,13.72
17:39:15,INCR,17.77,13.56,17.77,15.77,670,304,1.74,25063.46,1511,3852,2,0.1,NaN,NaN,NaN,NaN,NaN,25,5,5,15.94,15.81,14.02,13.72
17:39:16,INCR,17.77,13.56,17.77,15.77,668,319,1.1,25064.56,1512,3852,2,0.1,NaN,NaN,NaN,NaN,NaN,25,5,5,15.94,15.81,14.02,13.72
17:39:17,INCR,17.78,13.56,17.78,15.77,677,311,0.3,25064.87,1513,3852,2,0.1,NaN,NaN,NaN,NaN,NaN,25,5,5,15.94,15.81,14.02,13.72
17:39:18,INCR,17.78,13.56,17.78,15.77,693,303,1.77,25066.63,1514,3852,2,0.1,NaN,NaN,NaN,NaN,NaN,25,5,5,15.94,15.81,14.02,13.72
17:39:19,INCR,17.78,13.56,17.78,15.77,733,289,3.51,25070.14,1515,3852,2,0.1,NaN,NaN,NaN,NaN,NaN,25,5,5,15.94,15.81,14.02,13.72
17:39:20,INCR,17.77,13.56,17.77,15.77,784,288,4.2,25074.34,1516,3852,2,0.1,NaN,NaN,NaN,NaN,NaN,25,5,5,15.94,15.81,14.02,13.72
17:39:21,INCR,17.77,13.56,17.77,15.77,832,311,3.15,25077.48,1517,3852,2,0.1,NaN,NaN,NaN,NaN,NaN,25,5,5,15.94,15.81,14.02,13.72
17:39:22,INCR,17.77,13.56,17.77,15.76,859,346,3.75,25081.23,1518,3852,2,0.1,NaN,NaN,NaN,NaN,NaN,25,5,5,15.94,15.81,14.02,13.72
17:39:23,INCR,17.77,13.56,17.77,15.77,856,380,3.03,25084.26,1519,3852,2,0.1,NaN,NaN,NaN,NaN,NaN,25,5,5,15.94,15.81,14.02,13.72
17:39:24,INCR,17.77,13.56,17.77,15.76,825,369,2.19,25086.44,1520,3852,2,0.1,NaN,NaN,NaN,NaN,NaN,25,5,5,15.94,15.81,14.02,13.72
17:39:25,INCR,17.77,13.56,17.77,15.76,815,325,3.41,25089.86,1521,3852,2,0.1,NaN,NaN,NaN,NaN,NaN,25,5,5,15.94,15.81,14.02,13.72
17:39:26,INCR,17.77,13.56,17.77,15.76,828,303,2.21,25092.06,1522,3852,2,0.1,NaN,NaN,NaN,NaN,NaN,25,5,5,15.94,15.81,14.02,13.72
17:39:27,INCR,17.77,13.56,17.77,15.76,831,294,1.05,25093.11,1523,3852,2,0.1,NaN,NaN,NaN,NaN,NaN,25,5,5,15.94,15.81,14.02,13.72
17:39:28,INCR,17.77,13.56,17.77,15.76,824,288,0,25093.11,1524,3852,2,0.1,NaN,NaN,NaN,NaN,NaN,25,5,5,15.94,15.81,14.02,13.72
17:39:29,INCR,17.78,13.56,17.78,15.76,809,276,1.71,25094.82,1525,3852,2,0.1,NaN,NaN,NaN,NaN,NaN,25,5,5,15.94,15.81,14.02,13.72
17:39:30,INCR,17.78,13.56,17.78,15.76,796,267,1.54,25096.36,1526,3852,2,0.1,NaN,NaN,NaN,NaN,NaN,25,5,5,15.94,15.81,14.02,13.72
17:39:31,INCR,17.78,13.56,17.78,15.76,778,263,1.89,25098.25,1527,3852,2,0.1,NaN,NaN,NaN,NaN,NaN,25,5,5,15.94,15.81,14.02,13.72
17:39:32,INCR,17.78,13.56,17.78,15.76,738,266,3.36,25101.61,1528,3852,2,0.1,NaN,NaN,NaN,NaN,NaN,25,5,5,15.94,15.81,14.02,13.72
17:39:33,INCR,17.78,13.56,17.78,15.77,710,268,2.31,25103.92,1529,3852,2,0.1,NaN,NaN,NaN,NaN,NaN,25,5,5,15.94,15.81,14.02,13.72
17:39:34,INCR,17.78,13.56,17.78,15.77,691,270,1.35,25105.27,1530,3852,2,0.1,NaN,NaN,NaN,NaN,NaN,25,5,5,15.94,15.81,14.02,13.72
17:39:35,INCR,17.78,13.56,17.78,15.77,690,281,2.27,25107.55,1531,3852,2,0.1,NaN,NaN,NaN,NaN,NaN,25,5,5,15.94,15.81,14.02,13.72
17:39:36,INCR,17.78,13.56,17.78,15.77,698,290,0.94,25108.48,1532,3852,2,0.1,NaN,NaN,NaN,NaN,NaN,25,5,5,15.94,15.81,14.02,13.72
17:39:37,INCR,17.79,13.56,17.79,15.77,706,297,1.28,25109.76,1533,3852,2,0.1,NaN,NaN,NaN,NaN,NaN,25,5,5,15.94,15.81,14.02,13.72
17:39:38,INCR,17.79,13.56,17.79,15.77,667,327,4.25,25114.01,1534,3852,2,0.1,NaN,NaN,NaN,NaN,NaN,25,5,5,15.94,15.81,14.02,13.72
17:39:39,INCR,17.79,13.56,17.79,15.77,671,305,2.14,25116.15,1535,3852,2,0.1,NaN,NaN,NaN,NaN,NaN,25,5,5,15.94,15.81,14.02,13.72
17:39:40,INCR,17.79,13.56,17.79,15.77,705,287,3.53,25119.68,1536,3852,2,0.1,NaN,NaN,NaN,NaN,NaN,25,5,5,15.94,15.81,14.02,13.72
17:39:41,INCR,17.79,13.57,17.79,15.77,716,296,1.12,25120.8,1537,3852,2,0.1,NaN,NaN,NaN,NaN,NaN,25,5,5,15.94,15.81,14.02,13.72
17:39:42,INCR,17.8,13.57,17.8,15.77,721,300,1.31,25122.11,1538,3852,2,0.1,NaN,NaN,NaN,NaN,NaN,25,5,5,15.94,15.81,14.02,13.72
17:39:43,INCR,17.8,13.57,17.8,15.77,726,287,1.03,25123.14,1539,3852,2,0.1,NaN,NaN,NaN,NaN,NaN,25,5,5,15.94,15.81,14.02,13.72
17:39:44,INCR,17.81,13.57,17.81,15.78,745,275,1.78,25124.92,1540,3852,2,0.1,NaN,NaN,NaN,NaN,NaN,25,5,5,15.94,15.81,14.02,13.72
17:39:45,INCR,17.81,13.57,17.81,15.79,769,267,1.75,25126.67,1541,3852,2,0.1,NaN,NaN,NaN,NaN,NaN,25,5,5,15.94,15.81,14.02,13.72
17:39:46,INCR,17.81,13.57,17.81,15.79,761,259,1.39,25128.06,1542,3852,2,0.1,NaN,NaN,NaN,NaN,NaN,25,5,5,15.94,15.81,14.02,13.72
17:39:47,INCR,17.82,13.57,17.82,15.79,729,259,2.61,25130.67,1543,3852,2,0.1,NaN,NaN,NaN,NaN,NaN,25,5,5,15.94,15.81,14.02,13.72
17:39:48,INCR,17.82,13.57,17.82,15.79,700,266,2.79,25133.46,1544,3852,2,0.1,NaN,NaN,NaN,NaN,NaN,25,5,5,15.94,15.81,14.02,13.72
17:39:49,INCR,17.82,13.57,17.82,15.79,696,280,1.68,25135.14,1545,3852,2,0.1,NaN,NaN,NaN,NaN,NaN,25,5,5,15.94,15.81,14.02,13.72
17:39:51,INCR,17.82,13.57,17.82,15.79,708,285,1.34,25136.48,1546,3852,2,0.1,NaN,NaN,NaN,NaN,NaN,25,5,5,15.94,15.81,14.02,13.72
17:39:52,INCR,17.82,13.57,17.82,15.79,737,281,2.15,25138.63,1547,3852,2,0.1,NaN,NaN,NaN,NaN,NaN,25,5,5,15.94,15.81,14.02,13.72
17:39:53,INCR,17.82,13.57,17.82,15.79,726,289,1.65,25140.28,1548,3852,2,0.1,NaN,NaN,NaN,NaN,NaN,25,5,5,15.94,15.81,14.02,13.72
17:39:54,INCR,17.83,13.57,17.83,15.79,720,291,0.84,25141.12,1549,3852,2,0.1,NaN,NaN,NaN,NaN,NaN,25,5,5,15.94,15.81,14.02,13.72
17:39:55,INCR,17.83,13.57,17.83,15.8,713,301,1.13,25142.25,1550,3852,2,0.1,NaN,NaN,NaN,NaN,NaN,25,5,5,15.94,15.81,14.02,13.72
17:39:56,INCR,17.83,13.57,17.83,15.8,706,307,0.74,25142.99,1551,3852,2,0.1,NaN,NaN,NaN,NaN,NaN,25,5,5,15.94,15.81,14.02,13.72
17:39:57,INCR,17.84,13.57,17.84,15.8,703,306,0.42,25143.41,1552,3852,2,0.1,NaN,NaN,NaN,NaN,NaN,25,5,5,15.94,15.81,14.02,13.72
17:39:58,INCR,17.85,13.57,17.85,15.8,704,300,0.53,25143.95,1553,3852,2,0.1,NaN,NaN,NaN,NaN,NaN,25,5,5,15.94,15.81,14.02,13.72
17:39:59,INCR,17.85,13.57,17.85,15.81,711,304,0.99,25144.94,1554,3852,2,0.1,NaN,NaN,NaN,NaN,NaN,25,5,5,15.94,15.81,14.02,13.72
17:40:00,INCR,17.85,13.57,17.85,15.81,713,306,0.25,25145.18,1555,3852,2,0.1,NaN,NaN,NaN,NaN,NaN,25,5,5,15.94,15.81,14.02,13.72
17:40:01,INCR,17.85,13.57,17.85,15.81,721,310,0.86,25146.05,1556,3852,2,0.1,NaN,NaN,NaN,NaN,NaN,25,5,5,15.94,15.81,14.02,13.72
17:40:02,INCR,17.85,13.57,17.85,15.81,722,314,0,25146.05,1557,3852,2,0.1,NaN,NaN,NaN,NaN,NaN,25,5,5,15.94,15.81,14.02,13.72
17:40:03,INCR,17.85,13.57,17.85,15.82,726,318,0.2,25146.24,1558,3852,2,0.1,NaN,NaN,NaN,NaN,NaN,25,5,5,15.94,15.81,14.02,13.72
17:40:04,INCR,17.87,13.57,17.87,15.82,719,332,1.02,25147.26,1559,3852,2,0.1,NaN,NaN,NaN,NaN,NaN,25,5,5,15.94,15.81,14.02,13.72
17:40:05,INCR,17.9,13.57,17.9,15.83,727,333,0.36,25147.62,1560,3852,2,0.1,NaN,NaN,NaN,NaN,NaN,25,5,5,15.94,15.81,14.02,13.72
17:40:06,INCR,17.92,13.57,17.92,15.83,728,334,0.09,25147.7,1561,3852,2,0.1,NaN,NaN,NaN,NaN,NaN,25,5,5,15.94,15.81,14.02,13.72
17:40:07,INCR,17.94,13.57,17.94,15.86,730,336,0.23,25147.93,1562,3852,2,0.1,NaN,NaN,NaN,NaN,NaN,25,5,5,15.94,15.81,14.02,13.72
17:40:08,INCR,17.94,13.57,17.94,15.88,738,333,0.6,25148.53,1563,3852,2,0.1,NaN,NaN,NaN,NaN,NaN,25,5,5,15.94,15.81,14.02,13.72
17:40:09,INCR,17.94,13.57,17.94,15.9,739,337,0.71,25149.24,1564,3852,2,0.1,NaN,NaN,NaN,NaN,NaN,25,5,5,15.94,15.81,14.02,13.72
17:40:10,INCR,17.94,13.57,17.94,15.9,751,342,0.99,25150.23,1565,3852,2,0.1,NaN,NaN,NaN,NaN,NaN,25,5,5,15.94,15.81,14.02,13.72
17:40:11,INCR,17.94,13.57,17.94,15.9,755,347,0.56,25150.79,1566,3852,2,0.1,NaN,NaN,NaN,NaN,NaN,25,5,5,15.94,15.81,14.02,13.72
17:40:12,INCR,17.95,13.57,17.95,15.9,765,360,1.49,25152.28,1567,3852,2,0.1,NaN,NaN,NaN,NaN,NaN,25,5,5,15.94,15.81,14.02,13.72
17:40:13,INCR,17.95,13.57,17.95,15.91,765,370,0.76,25153.04,1568,3852,2,0.1,NaN,NaN,NaN,NaN,NaN,25,5,5,15.94,15.81,14.02,13.72
17:40:14,INCR,17.96,13.57,17.96,15.91,768,377,0.85,25153.89,1569,3852,2,0.1,NaN,NaN,NaN,NaN,NaN,25,5,5,15.94,15.81,14.02,13.72
17:40:15,INCR,17.96,13.57,17.96,15.92,754,378,0.96,25154.86,1570,3852,2,0.1,NaN,NaN,NaN,NaN,NaN,25,5,5,15.94,15.81,14.02,13.72
17:40:16,INCR,17.96,13.57,17.96,15.92,746,372,0.68,25155.54,1571,3852,2,0.1,NaN,NaN,NaN,NaN,NaN,25,5,5,15.94,15.81,14.02,13.72
17:40:17,INCR,17.96,13.57,17.96,15.92,748,374,0.66,25156.2,1572,3852,2,0.1,NaN,NaN,NaN,NaN,NaN,25,5,5,15.94,15.81,14.02,13.72
17:40:18,INCR,17.97,13.57,17.97,15.93,730,388,1.45,25157.65,1573,3852,2,0.1,NaN,NaN,NaN,NaN,NaN,25,5,5,15.94,15.81,14.02,13.72
17:40:19,INCR,17.97,13.57,17.97,15.93,725,396,0.58,25158.23,1574,3852,2,0.1,NaN,NaN,NaN,NaN,NaN,25,5,5,15.94,15.81,14.02,13.72
17:40:20,INCR,17.97,13.57,17.97,15.96,712,399,0.78,25159.01,1575,3852,2,0.1,NaN,NaN,NaN,NaN,NaN,25,5,5,15.94,15.81,14.02,13.72
17:40:21,INCR,17.98,13.57,17.98,15.98,694,415,1.95,25160.97,1576,3852,2,0.1,NaN,NaN,NaN,NaN,NaN,25,5,5,15.94,15.81,14.02,13.72
17:40:22,INCR,17.98,13.57,17.98,15.99,676,414,1.57,25162.54,1577,3852,2,0.1,NaN,NaN,NaN,NaN,NaN,25,5,5,15.94,15.81,14.02,13.72
17:40:23,INCR,17.98,13.57,17.98,16,663,415,1.06,25163.6,1578,3852,2,0.1,NaN,NaN,NaN,NaN,NaN,25,5,5,15.94,15.81,14.02,13.72
17:40:24,INCR,17.98,13.57,17.98,16,635,398,2.81,25166.41,1579,3852,2,0.1,NaN,NaN,NaN,NaN,NaN,25,5,5,15.94,15.81,14.02,13.72
17:40:25,INCR,17.99,13.57,17.99,16,623,370,2.51,25168.92,1580,3852,2,0.1,NaN,NaN,NaN,NaN,NaN,25,5,5,15.94,15.81,14.02,13.72
17:40:26,INCR,17.99,13.57,17.99,16.01,635,341,2.59,25171.51,1581,3852,2,0.1,NaN,NaN,NaN,NaN,NaN,25,5,5,15.94,15.81,14.02,13.72
17:40:27,INCR,17.98,13.57,17.98,16,654,318,2.35,25173.87,1582,3852,2,0.1,NaN,NaN,NaN,NaN,NaN,25,5,5,15.94,15.81,14.02,13.72
17:40:28,INCR,17.99,13.57,17.99,16.01,684,302,2.76,25176.63,1583,3852,2,0.1,NaN,NaN,NaN,NaN,NaN,25,5,5,15.94,15.81,14.02,13.72
17:40:29,INCR,17.99,13.57,17.99,16.01,708,301,1.79,25178.42,1584,3852,2,0.1,NaN,NaN,NaN,NaN,NaN,25,5,5,15.94,15.81,14.02,13.72
17:40:30,INCR,18,13.57,18,16.01,734,303,2.31,25180.73,1585,3852,2,0.1,NaN,NaN,NaN,NaN,NaN,25,5,5,15.94,15.81,14.02,13.72
17:40:31,INCR,18,13.57,18,16.01,738,317,1.49,25182.22,1586,3852,2,0.1,NaN,NaN,NaN,NaN,NaN,25,5,5,15.94,15.81,14.02,13.72
17:40:32,INCR,18,13.57,18,16.01,748,321,0.87,25183.09,1587,3852,2,0.1,NaN,NaN,NaN,NaN,NaN,25,5,5,15.94,15.81,14.02,13.72
17:40:33,INCR,18,13.57,18,16.02,748,324,0.09,25183.18,1588,3852,2,0.1,NaN,NaN,NaN,NaN,NaN,25,5,5,15.94,15.81,14.02,13.72
17:40:34,INCR,18,13.57,18,16.04,750,322,0.2,25183.38,1589,3852,2,0.1,NaN,NaN,NaN,NaN,NaN,25,5,5,15.94,15.81,14.02,13.72
17:40:35,INCR,17.99,13.57,17.99,16.06,743,325,1.1,25184.47,1590,3852,2,0.1,NaN,NaN,NaN,NaN,NaN,25,5,5,15.94,15.81,14.02,13.72
17:40:36,INCR,17.99,13.57,17.99,16.08,735,330,0.64,25185.11,1591,3852,2,0.1,NaN,NaN,NaN,NaN,NaN,25,5,5,15.94,15.81,14.02,13.72
17:40:37,INCR,18,13.57,18,16.09,731,333,0.47,25185.58,1592,3852,2,0.1,NaN,NaN,NaN,NaN,NaN,25,5,5,15.94,15.81,14.02,13.72
17:40:38,INCR,18,13.57,18,16.09,723,329,0.68,25186.26,1593,3852,2,0.1,NaN,NaN,NaN,NaN,NaN,25,5,5,15.94,15.81,14.02,13.72
17:40:40,INCR,18,13.57,18,16.09,723,328,0.19,25186.45,1594,3852,2,0.1,NaN,NaN,NaN,NaN,NaN,25,5,5,15.94,15.81,14.02,13.72
17:40:41,INCR,18,13.57,18,16.09,714,337,0.96,25187.41,1595,3852,2,0.1,NaN,NaN,NaN,NaN,NaN,25,5,5,15.94,15.81,14.02,13.72
17:40:42,INCR,18,13.57,18,16.09,717,333,0.18,25187.59,1596,3852,2,0.1,NaN,NaN,NaN,NaN,NaN,25,5,5,15.94,15.81,14.02,13.72
17:40:43,INCR,18,13.57,18,16.09,716,332,0.31,25187.9,1597,3852,2,0.1,NaN,NaN,NaN,NaN,NaN,25,5,5,15.94,15.81,14.02,13.72
17:40:44,INCR,18,13.57,18,16.09,718,329,0.48,25188.38,1598,3852,2,0.1,NaN,NaN,NaN,NaN,NaN,25,5,5,15.94,15.81,14.02,13.72
17:40:45,INCR,18,13.57,18,16.1,722,326,0.41,25188.79,1599,3852,2,0.1,NaN,NaN,NaN,NaN,NaN,25,5,5,15.94,15.81,14.02,13.72
17:40:46,INCR,18,13.57,18,16.1,722,324,0,25188.79,1600,3852,2,0.1,NaN,NaN,NaN,NaN,NaN,25,5,5,15.94,15.81,14.02,13.72
17:40:47,INCR,18,13.58,18,16.1,716,327,0.98,25189.77,1601,3852,2,0.1,NaN,NaN,NaN,NaN,NaN,25,5,5,15.94,15.81,14.02,13.72
17:40:48,INCR,18.01,13.58,18.01,16.1,716,323,0.32,25190.09,1602,3852,2,0.1,NaN,NaN,NaN,NaN,NaN,25,5,5,15.94,15.81,14.02,13.72
17:40:49,INCR,18.01,13.58,18.01,16.11,722,318,0.58,25190.67,1603,3852,2,0.1,NaN,NaN,NaN,NaN,NaN,25,5,5,15.94,15.81,14.02,13.72
17:40:50,INCR,18.01,13.58,18.01,16.11,715,319,0.64,25191.31,1604,3852,2,0.1,NaN,NaN,NaN,NaN,NaN,25,5,5,15.94,15.81,14.02,13.72
17:40:51,INCR,18.01,13.58,18.01,16.12,722,311,1.25,25192.56,1605,3852,2,0.1,NaN,NaN,NaN,NaN,NaN,25,5,5,15.94,15.81,14.02,13.72
17:40:52,INCR,18.01,13.58,18.01,16.12,719,308,0.31,25192.88,1606,3852,2,0.1,NaN,NaN,NaN,NaN,NaN,25,5,5,15.94,15.81,14.02,13.72
17:40:53,INCR,18.01,13.58,18.01,16.12,715,309,0.46,25193.34,1607,3852,2,0.1,NaN,NaN,NaN,NaN,NaN,25,5,5,15.94,15.81,14.02,13.72
17:40:54,INCR,18,13.58,18,16.14,705,315,0.76,25194.1,1608,3852,2,0.1,NaN,NaN,NaN,NaN,NaN,25,5,5,15.94,15.81,14.02,13.72
17:40:55,INCR,18,13.58,18,16.16,700,308,0.99,25195.09,1609,3852,2,0.1,NaN,NaN,NaN,NaN,NaN,25,5,5,15.94,15.81,14.02,13.72
17:40:56,INCR,18,13.58,18,16.19,717,302,1.44,25196.54,1610,3852,2,0.1,NaN,NaN,NaN,NaN,NaN,25,5,5,15.94,15.81,14.02,13.72
17:40:57,INCR,18,13.58,18,16.2,718,305,0.19,25196.73,1611,3852,2,0.1,NaN,NaN,NaN,NaN,NaN,25,5,5,15.94,15.81,14.02,13.72
17:40:58,INCR,18,13.58,18,16.2,721,305,0.27,25197,1612,3852,2,0.1,NaN,NaN,NaN,NaN,NaN,25,5,5,15.94,15.81,14.02,13.72
17:40:59,INCR,18,13.58,18,16.2,716,309,0.53,25197.54,1613,3852,2,0.1,NaN,NaN,NaN,NaN,NaN,25,5,5,15.94,15.81,14.02,13.72
17:41:00,INCR,18,13.58,18,16.2,713,308,0.53,25198.07,1614,3852,2,0.1,NaN,NaN,NaN,NaN,NaN,25,5,5,15.94,15.81,14.02,13.72
17:41:01,INCR,17.99,13.58,17.99,16.2,707,306,0.55,25198.61,1615,3852,2,0.1,NaN,NaN,NaN,NaN,NaN,25,5,5,15.94,15.81,14.02,13.72
17:41:02,INCR,17.99,13.58,17.99,16.21,714,301,0.58,25199.19,1616,3852,2,0.1,NaN,NaN,NaN,NaN,NaN,25,5,5,15.94,15.81,14.02,13.72
17:41:03,INCR,17.99,13.58,17.99,16.21,708,303,0.81,25200,1617,3852,2,0.1,NaN,NaN,NaN,NaN,NaN,25,5,5,15.94,15.81,14.02,13.72
17:41:04,INCR,17.99,13.58,17.99,16.22,704,297,1.45,25201.45,1618,3852,2,0.1,NaN,NaN,NaN,NaN,NaN,25,5,5,15.94,15.81,14.02,13.72
17:41:05,INCR,17.99,13.58,17.99,16.22,719,288,1.26,25202.7,1619,3852,2,0.1,NaN,NaN,NaN,NaN,NaN,25,5,5,15.94,15.81,14.02,13.72
17:41:06,INCR,17.99,13.58,17.99,16.22,717,297,0.99,25203.69,1620,3852,2,0.1,NaN,NaN,NaN,NaN,NaN,25,5,5,15.94,15.81,14.02,13.72
17:41:07,INCR,17.98,13.58,17.98,16.22,708,303,0.76,25204.45,1621,3852,2,0.1,NaN,NaN,NaN,NaN,NaN,25,5,5,15.94,15.81,14.02,13.72
17:41:08,INCR,17.98,13.58,17.98,16.22,706,294,0.75,25205.2,1622,3852,2,0.1,NaN,NaN,NaN,NaN,NaN,25,5,5,15.94,15.81,14.02,13.72
17:41:09,INCR,17.98,13.58,17.98,16.22,721,292,1.15,25206.36,1623,3852,2,0.1,NaN,NaN,NaN,NaN,NaN,25,5,5,15.94,15.81,14.02,13.72
17:41:10,INCR,17.98,13.58,17.98,16.22,723,296,0.95,25207.3,1624,3852,2,0.1,NaN,NaN,NaN,NaN,NaN,25,5,5,15.94,15.81,14.02,13.72
17:41:11,INCR,17.97,13.58,17.97,16.22,723,296,0.98,25208.28,1625,3852,2,0.1,NaN,NaN,NaN,NaN,NaN,25,5,5,15.94,15.81,14.02,13.72
17:41:12,INCR,17.97,13.58,17.97,16.23,721,301,0.85,25209.13,1626,3852,2,0.1,NaN,NaN,NaN,NaN,NaN,25,5,5,15.94,15.81,14.02,13.72
17:41:13,INCR,17.97,13.58,17.97,16.23,719,304,0.65,25209.77,1627,3852,2,0.1,NaN,NaN,NaN,NaN,NaN,25,5,5,15.94,15.81,14.02,13.72
17:41:14,INCR,17.97,13.58,17.97,16.23,709,305,0.98,25210.75,1628,3852,2,0.1,NaN,NaN,NaN,NaN,NaN,25,5,5,15.94,15.81,14.02,13.72
17:41:15,INCR,17.97,13.58,17.97,16.23,706,291,1.39,25212.14,1629,3852,2,0.1,NaN,NaN,NaN,NaN,NaN,25,5,5,15.94,15.81,14.02,13.72
17:41:16,INCR,17.96,13.58,17.96,16.23,723,288,1.39,25213.54,1630,3852,2,0.1,NaN,NaN,NaN,NaN,NaN,25,5,5,15.94,15.81,14.02,13.72
17:41:17,INCR,17.94,13.58,17.94,16.22,718,293,0.17,25213.7,1631,3852,2,0.1,NaN,NaN,NaN,NaN,NaN,25,5,5,15.94,15.81,14.02,13.72
17:41:18,INCR,17.91,13.58,17.91,16.22,726,293,1.07,25214.77,1632,3852,2,0.1,NaN,NaN,NaN,NaN,NaN,25,5,5,15.94,15.81,14.02,13.72
17:41:19,INCR,17.88,13.58,17.88,16.23,725,296,0.59,25215.36,1633,3852,2,0.1,NaN,NaN,NaN,NaN,NaN,25,5,5,15.94,15.81,14.02,13.72
17:41:20,INCR,17.88,13.58,17.88,16.23,724,300,0.65,25216.01,1634,3852,2,0.1,NaN,NaN,NaN,NaN,NaN,25,5,5,15.94,15.81,14.02,13.72
17:41:21,INCR,17.88,13.58,17.88,16.22,722,301,0.36,25216.37,1635,3852,2,0.1,NaN,NaN,NaN,NaN,NaN,25,5,5,15.94,15.81,14.02,13.72
17:41:22,INCR,17.88,13.58,17.88,16.22,719,297,1,25217.37,1636,3852,2,0.1,NaN,NaN,NaN,NaN,NaN,25,5,5,15.94,15.81,14.02,13.72
17:41:23,INCR,17.87,13.58,17.87,16.22,717,297,0.15,25217.51,1637,3852,2,0.1,NaN,NaN,NaN,NaN,NaN,25,5,5,15.94,15.81,14.02,13.72
17:41:24,INCR,17.87,13.58,17.87,16.21,718,293,0.37,25217.88,1638,3852,2,0.1,NaN,NaN,NaN,NaN,NaN,25,5,5,15.94,15.81,14.02,13.72
17:41:25,INCR,17.87,13.58,17.87,16.21,710,297,0.6,25218.48,1639,3852,2,0.1,NaN,NaN,NaN,NaN,NaN,25,5,5,15.94,15.81,14.02,13.72
17:41:26,INCR,17.87,13.58,17.87,16.21,705,288,1.01,25219.49,1640,3852,2,0.1,NaN,NaN,NaN,NaN,NaN,25,5,5,15.94,15.81,14.02,13.72
17:41:27,INCR,17.87,13.58,17.87,16.21,717,287,1.31,25220.81,1641,3852,2,0.1,NaN,NaN,NaN,NaN,NaN,25,5,5,15.94,15.81,14.02,13.72
17:41:29,INCR,17.86,13.58,17.86,16.21,719,293,0.81,25221.62,1642,3852,2,0.1,NaN,NaN,NaN,NaN,NaN,25,5,5,15.94,15.81,14.02,13.72
17:41:30,INCR,17.86,13.58,17.86,16.21,715,294,0.57,25222.19,1643,3852,2,0.1,NaN,NaN,NaN,NaN,NaN,25,5,5,15.94,15.81,14.02,13.72
17:41:31,INCR,17.86,13.58,17.86,16.2,720,288,0.6,25222.78,1644,3852,2,0.1,NaN,NaN,NaN,NaN,NaN,25,5,5,15.94,15.81,14.02,13.72
17:41:32,INCR,17.86,13.58,17.86,16.2,730,286,1.04,25223.82,1645,3852,2,0.1,NaN,NaN,NaN,NaN,NaN,25,5,5,15.94,15.81,14.02,13.72
17:41:33,INCR,17.85,13.58,17.85,16.2,741,281,0.91,25224.73,1646,3852,2,0.1,NaN,NaN,NaN,NaN,NaN,25,5,5,15.94,15.81,14.02,13.72
17:41:34,INCR,17.86,13.58,17.86,16.2,755,274,1.26,25225.99,1647,3852,2,0.1,NaN,NaN,NaN,NaN,NaN,25,5,5,15.94,15.81,14.02,13.72
17:41:35,INCR,17.86,13.58,17.86,16.2,791,275,2.95,25228.94,1648,3852,2,0.1,NaN,NaN,NaN,NaN,NaN,25,5,5,15.94,15.81,14.02,13.72
17:41:36,INCR,17.86,13.58,17.86,16.19,826,284,3.06,25232,1649,3852,2,0.1,NaN,NaN,NaN,NaN,NaN,25,5,5,15.94,15.81,14.02,13.72
17:41:37,INCR,17.85,13.58,17.85,16.19,846,301,1.84,25233.84,1650,3852,2,0.1,NaN,NaN,NaN,NaN,NaN,25,5,5,15.94,15.81,14.02,13.72
17:41:38,INCR,17.85,13.58,17.85,16.19,847,316,1.37,25235.21,1651,3852,2,0.1,NaN,NaN,NaN,NaN,NaN,25,5,5,15.94,15.81,14.02,13.72
17:41:39,INCR,17.85,13.58,17.85,16.18,818,312,2.23,25237.43,1652,3852,2,0.1,NaN,NaN,NaN,NaN,NaN,25,5,5,15.94,15.81,14.02,13.72
17:41:40,INCR,17.84,13.58,17.84,16.18,778,291,2.77,25240.2,1653,3852,2,0.1,NaN,NaN,NaN,NaN,NaN,25,5,5,15.94,15.81,14.02,13.72
17:41:41,INCR,17.84,13.58,17.84,16.18,753,275,1.77,25241.98,1654,3852,2,0.1,NaN,NaN,NaN,NaN,NaN,25,5,5,15.94,15.81,14.02,13.72
17:41:42,INCR,17.84,13.58,17.84,16.18,733,273,1.76,25243.73,1655,3852,2,0.1,NaN,NaN,NaN,NaN,NaN,25,5,5,15.94,15.81,14.02,13.72
17:41:43,INCR,17.84,13.58,17.84,16.17,713,276,1.67,25245.41,1656,3852,2,0.1,NaN,NaN,NaN,NaN,NaN,25,5,5,15.94,15.81,14.02,13.72
17:41:44,INCR,17.84,13.58,17.84,16.17,708,291,1.8,25247.21,1657,3852,2,0.1,NaN,NaN,NaN,NaN,NaN,25,5,5,15.94,15.81,14.02,13.72
17:41:45,INCR,17.84,13.58,17.84,16.17,709,290,0.3,25247.5,1658,3852,2,0.1,NaN,NaN,NaN,NaN,NaN,25,5,5,15.94,15.81,14.02,13.72
17:41:46,INCR,17.84,13.58,17.84,16.16,705,292,0.23,25247.73,1659,3852,2,0.1,NaN,NaN,NaN,NaN,NaN,25,5,5,15.94,15.81,14.02,13.72
17:41:47,INCR,17.84,13.58,17.84,16.16,694,296,0.97,25248.71,1660,3852,2,0.1,NaN,NaN,NaN,NaN,NaN,25,5,5,15.94,15.81,14.02,13.72
17:41:48,INCR,17.84,13.58,17.84,16.15,685,305,1.36,25250.07,1661,3852,2,0.1,NaN,NaN,NaN,NaN,NaN,25,5,5,15.94,15.81,14.02,13.72
17:41:49,INCR,17.84,13.58,17.84,16.15,694,304,1.49,25251.56,1662,3852,2,0.1,NaN,NaN,NaN,NaN,NaN,25,5,5,15.94,15.81,14.02,13.72
17:41:50,INCR,17.85,13.58,17.85,16.15,725,305,2.53,25254.09,1663,3852,2,0.1,NaN,NaN,NaN,NaN,NaN,25,5,5,15.94,15.81,14.02,13.72
17:41:51,INCR,17.85,13.58,17.85,16.14,750,314,2.47,25256.56,1664,3852,2,0.1,NaN,NaN,NaN,NaN,NaN,25,5,5,15.94,15.81,14.02,13.72
17:41:52,INCR,17.85,13.58,17.85,16.14,744,322,0.72,25257.29,1665,3852,2,0.1,NaN,NaN,NaN,NaN,NaN,25,5,5,15.94,15.81,14.02,13.72
17:41:53,INCR,17.85,13.58,17.85,16.14,722,327,1.58,25258.86,1666,3852,2,0.1,NaN,NaN,NaN,NaN,NaN,25,5,5,15.94,15.81,14.02,13.72
17:41:54,INCR,17.84,13.58,17.84,16.13,698,321,2.09,25260.95,1667,3852,2,0.1,NaN,NaN,NaN,NaN,NaN,25,5,5,15.94,15.81,14.02,13.72
17:41:55,INCR,17.84,13.59,17.84,16.13,702,307,1.24,25262.19,1668,3852,2,0.1,NaN,NaN,NaN,NaN,NaN,25,5,5,15.94,15.81,14.02,13.72
17:41:56,INCR,17.84,13.59,17.84,16.13,717,289,1.48,25263.67,1669,3852,2,0.1,NaN,NaN,NaN,NaN,NaN,25,5,5,15.94,15.81,14.02,13.72
17:41:57,INCR,17.85,13.59,17.85,16.12,719,292,0.88,25264.54,1670,3852,2,0.1,NaN,NaN,NaN,NaN,NaN,25,5,5,15.94,15.81,14.02,13.72
17:41:58,INCR,17.85,13.59,17.85,16.12,709,299,0.88,25265.42,1671,3852,2,0.1,NaN,NaN,NaN,NaN,NaN,25,5,5,15.94,15.81,14.02,13.72
17:41:59,INCR,17.84,13.59,17.84,16.12,709,295,0.71,25266.13,1672,3852,2,0.1,NaN,NaN,NaN,NaN,NaN,25,5,5,15.94,15.81,14.02,13.72
17:42:00,INCR,17.85,13.59,17.85,16.11,708,297,0.81,25266.94,1673,3852,2,0.1,NaN,NaN,NaN,NaN,NaN,25,5,5,15.94,15.81,14.02,13.72
17:42:01,INCR,17.85,13.59,17.85,16.11,707,292,0.65,25267.59,1674,3852,2,0.1,NaN,NaN,NaN,NaN,NaN,25,5,5,15.94,15.81,14.02,13.72
17:42:02,INCR,17.86,13.59,17.86,16.11,709,293,0.46,25268.05,1675,3852,2,0.1,NaN,NaN,NaN,NaN,NaN,25,5,5,15.94,15.81,14.02,13.72
17:42:03,INCR,17.86,13.59,17.86,16.09,708,295,1.13,25269.18,1676,3852,2,0.1,NaN,NaN,NaN,NaN,NaN,25,5,5,15.94,15.81,14.02,13.72
17:42:04,INCR,17.86,13.59,17.86,16.07,710,293,0.67,25269.85,1677,3852,2,0.1,NaN,NaN,NaN,NaN,NaN,25,5,5,15.94,15.81,14.02,13.72
17:42:05,INCR,17.87,13.59,17.87,16.05,701,291,0.73,25270.58,1678,3852,2,0.1,NaN,NaN,NaN,NaN,NaN,25,5,5,15.94,15.81,14.02,13.72
17:42:06,INCR,17.87,13.59,17.87,16.03,697,296,0.73,25271.31,1679,3852,2,0.1,NaN,NaN,NaN,NaN,NaN,25,5,5,15.94,15.81,14.02,13.72
17:42:07,INCR,17.87,13.59,17.87,16.03,687,297,1.07,25272.38,1680,3852,2,0.1,NaN,NaN,NaN,NaN,NaN,25,5,5,15.94,15.81,14.02,13.72
17:42:08,INCR,17.87,13.59,17.87,16.03,721,290,2.86,25275.25,1681,3852,2,0.1,NaN,NaN,NaN,NaN,NaN,25,5,5,15.94,15.81,14.02,13.72
17:42:09,INCR,17.87,13.59,17.87,16.02,720,302,1.31,25276.56,1682,3852,2,0.1,NaN,NaN,NaN,NaN,NaN,25,5,5,15.94,15.81,14.02,13.72
17:42:10,INCR,17.87,13.59,17.87,16,714,301,0.97,25277.53,1683,3852,2,0.1,NaN,NaN,NaN,NaN,NaN,25,5,5,15.94,15.81,14.02,13.72
17:42:11,INCR,17.88,13.59,17.88,15.97,706,300,0.61,25278.15,1684,3852,2,0.1,NaN,NaN,NaN,NaN,NaN,25,5,5,15.94,15.81,14.02,13.72
17:42:12,INCR,17.87,13.59,17.87,15.94,710,294,0.36,25278.51,1685,3852,2,0.1,NaN,NaN,NaN,NaN,NaN,25,5,5,15.94,15.81,14.02,13.72
17:42:13,INCR,17.88,13.59,17.88,15.94,712,294,0.53,25279.04,1686,3852,2,0.1,NaN,NaN,NaN,NaN,NaN,25,5,5,15.94,15.81,14.02,13.72
17:42:14,INCR,17.88,13.59,17.88,15.94,705,294,0.69,25279.73,1687,3852,2,0.1,NaN,NaN,NaN,NaN,NaN,25,5,5,15.94,15.81,14.02,13.72
17:42:16,INCR,17.88,13.59,17.88,15.94,711,293,0.79,25280.52,1688,3852,2,0.1,NaN,NaN,NaN,NaN,NaN,25,5,5,15.94,15.81,14.02,13.72
17:42:17,INCR,17.88,13.59,17.88,15.94,710,295,0.63,25281.15,1689,3852,2,0.1,NaN,NaN,NaN,NaN,NaN,25,5,5,15.94,15.81,14.02,13.72
17:42:18,INCR,17.89,13.59,17.89,15.94,719,290,0.82,25281.97,1690,3852,2,0.1,NaN,NaN,NaN,NaN,NaN,25,5,5,15.94,15.81,14.02,13.72
17:42:19,INCR,17.89,13.59,17.89,15.94,722,291,0.96,25282.93,1691,3852,2,0.1,NaN,NaN,NaN,NaN,NaN,25,5,5,15.94,15.81,14.02,13.72
17:42:20,INCR,17.89,13.59,17.89,15.94,717,292,0.47,25283.4,1692,3852,2,0.1,NaN,NaN,NaN,NaN,NaN,25,5,5,15.94,15.81,14.02,13.72
17:42:21,INCR,17.9,13.59,17.9,15.94,706,294,0.61,25284.01,1693,3852,2,0.1,NaN,NaN,NaN,NaN,NaN,25,5,5,15.94,15.81,14.02,13.72
17:42:22,INCR,17.9,13.59,17.9,15.94,712,287,0.57,25284.58,1694,3852,2,0.1,NaN,NaN,NaN,NaN,NaN,25,5,5,15.94,15.81,14.02,13.72
17:42:23,INCR,17.91,13.59,17.91,15.95,719,288,1.05,25285.63,1695,3852,2,0.1,NaN,NaN,NaN,NaN,NaN,25,5,5,15.94,15.81,14.02,13.72
17:42:24,INCR,17.91,13.59,17.91,15.94,713,290,0.87,25286.5,1696,3852,2,0.1,NaN,NaN,NaN,NaN,NaN,25,5,5,15.94,15.81,14.02,13.72
17:42:25,INCR,17.91,13.59,17.91,15.94,712,290,0.52,25287.02,1697,3852,2,0.1,NaN,NaN,NaN,NaN,NaN,25,5,5,15.94,15.81,14.02,13.72
17:42:26,INCR,17.91,13.59,17.91,15.94,717,287,0.4,25287.42,1698,3852,2,0.1,NaN,NaN,NaN,NaN,NaN,25,5,5,15.94,15.81,14.02,13.72
17:42:27,INCR,17.92,13.59,17.92,15.94,717,287,1.27,25288.69,1699,3852,2,0.1,NaN,NaN,NaN,NaN,NaN,25,5,5,15.94,15.81,14.02,13.72
17:42:28,INCR,17.92,13.59,17.92,15.94,711,290,0.87,25289.55,1700,3852,2,0.1,NaN,NaN,NaN,NaN,NaN,25,5,5,15.94,15.81,14.02,13.72
17:42:29,INCR,17.93,13.59,17.93,15.94,715,287,0.64,25290.2,1701,3852,2,0.1,NaN,NaN,NaN,NaN,NaN,25,5,5,15.94,15.81,14.02,13.72
17:42:30,INCR,17.93,13.59,17.93,15.94,723,288,0.82,25291.02,1702,3852,2,0.1,NaN,NaN,NaN,NaN,NaN,25,5,5,15.94,15.81,14.02,13.72
17:42:31,INCR,17.95,13.59,17.95,15.94,724,293,0.59,25291.6,1703,3852,2,0.1,NaN,NaN,NaN,NaN,NaN,25,5,5,15.94,15.81,14.02,13.72
17:42:32,INCR,17.98,13.59,17.98,15.94,725,295,0.55,25292.15,1704,3852,2,0.1,NaN,NaN,NaN,NaN,NaN,25,5,5,15.94,15.81,14.02,13.72
17:42:33,INCR,18,13.59,18,15.94,710,295,0.86,25293.01,1705,3852,2,0.1,NaN,NaN,NaN,NaN,NaN,25,5,5,15.94,15.81,14.02,13.72
17:42:34,INCR,18.01,13.59,18.01,15.94,708,289,0.85,25293.87,1706,3852,2,0.1,NaN,NaN,NaN,NaN,NaN,25,5,5,15.94,15.81,14.02,13.72
17:42:35,INCR,18,13.59,18,15.94,703,289,0.35,25294.22,1707,3852,2,0.1,NaN,NaN,NaN,NaN,NaN,25,5,5,15.94,15.81,14.02,13.72
17:42:36,INCR,18,13.59,18,15.94,707,286,0.47,25294.68,1708,3852,2,0.1,NaN,NaN,NaN,NaN,NaN,25,5,5,15.94,15.81,14.02,13.72
17:42:37,INCR,18.01,13.59,18.01,15.94,704,293,1.14,25295.83,1709,3852,2,0.1,NaN,NaN,NaN,NaN,NaN,25,5,5,15.94,15.81,14.02,13.72
17:42:38,INCR,18.01,13.59,18.01,15.93,707,292,0.86,25296.69,1710,3852,2,0.1,NaN,NaN,NaN,NaN,NaN,25,5,5,15.94,15.81,14.02,13.72
17:42:39,INCR,18.02,13.59,18.02,15.94,704,292,0.66,25297.35,1711,3852,2,0.1,NaN,NaN,NaN,NaN,NaN,25,5,5,15.94,15.81,14.02,13.72
17:42:40,INCR,18.02,13.59,18.02,15.94,709,288,0.98,25298.33,1712,3852,2,0.1,NaN,NaN,NaN,NaN,NaN,25,5,5,15.94,15.81,14.02,13.72
17:42:41,INCR,18.02,13.59,18.02,15.94,710,289,1.02,25299.35,1713,3852,2,0.1,NaN,NaN,NaN,NaN,NaN,25,5,5,15.94,15.81,14.02,13.72
17:42:42,INCR,18.02,13.59,18.02,15.94,709,286,0.48,25299.83,1714,3852,2,0.1,NaN,NaN,NaN,NaN,NaN,25,5,5,15.94,15.81,14.02,13.72
17:42:43,INCR,18.02,13.59,18.02,15.94,718,284,0.78,25300.61,1715,3852,2,0.1,NaN,NaN,NaN,NaN,NaN,25,5,5,15.94,15.81,14.02,13.72
17:42:44,INCR,18.02,13.59,18.02,15.94,717,289,1.16,25301.77,1716,3852,2,0.1,NaN,NaN,NaN,NaN,NaN,25,5,5,15.94,15.81,14.02,13.72
17:42:45,INCR,18.03,13.59,18.03,15.94,727,287,0.78,25302.55,1717,3852,2,0.1,NaN,NaN,NaN,NaN,NaN,25,5,5,15.94,15.81,14.02,13.72
17:42:46,INCR,18.03,13.59,18.03,15.94,723,296,1.53,25304.08,1718,3852,2,0.1,NaN,NaN,NaN,NaN,NaN,25,5,5,15.94,15.81,14.02,13.72
17:42:47,INCR,18.03,13.59,18.03,15.94,708,299,1.4,25305.48,1719,3852,2,0.1,NaN,NaN,NaN,NaN,NaN,25,5,5,15.94,15.81,14.02,13.72
17:42:48,INCR,18.03,13.59,18.03,15.93,701,293,0.8,25306.28,1720,3852,2,0.1,NaN,NaN,NaN,NaN,NaN,25,5,5,15.94,15.81,14.02,13.72
17:42:49,INCR,18.03,13.59,18.03,15.93,706,287,0.61,25306.89,1721,3852,2,0.1,NaN,NaN,NaN,NaN,NaN,25,5,5,15.94,15.81,14.02,13.72
17:42:50,INCR,18.04,13.59,18.04,15.93,700,290,0.62,25307.5,1722,3852,2,0.1,NaN,NaN,NaN,NaN,NaN,25,5,5,15.94,15.81,14.02,13.72
17:42:51,INCR,18.03,13.59,18.03,15.93,702,286,0.75,25308.26,1723,3852,2,0.1,NaN,NaN,NaN,NaN,NaN,25,5,5,15.94,15.81,14.02,13.72
17:42:52,INCR,18.03,13.59,18.03,15.93,705,289,1.27,25309.53,1724,3852,2,0.1,NaN,NaN,NaN,NaN,NaN,25,5,5,15.94,15.81,14.02,13.72
17:42:53,INCR,18.03,13.59,18.03,15.93,703,288,0.76,25310.29,1725,3852,2,0.1,NaN,NaN,NaN,NaN,NaN,25,5,5,15.94,15.81,14.02,13.72
17:42:54,INCR,18.04,13.59,18.04,15.93,707,286,0.59,25310.87,1726,3852,2,0.1,NaN,NaN,NaN,NaN,NaN,25,5,5,15.94,15.81,14.02,13.72
17:42:55,INCR,18.04,13.59,18.04,15.93,703,290,1.01,25311.88,1727,3852,2,0.1,NaN,NaN,NaN,NaN,NaN,25,5,5,15.94,15.81,14.02,13.72
17:42:56,INCR,18.04,13.59,18.04,15.93,705,292,0.78,25312.67,1728,3852,2,0.1,NaN,NaN,NaN,NaN,NaN,25,5,5,15.94,15.81,14.02,13.72
17:42:57,INCR,18.04,13.59,18.04,15.93,698,298,0.85,25313.51,1729,3852,2,0.1,NaN,NaN,NaN,NaN,NaN,25,5,5,15.94,15.81,14.02,13.72
17:42:58,INCR,18.05,13.59,18.05,15.93,707,291,0.96,25314.47,1730,3852,2,0.1,NaN,NaN,NaN,NaN,NaN,25,5,5,15.94,15.81,14.02,13.72
17:43:00,INCR,18.05,13.59,18.05,15.93,702,291,0.4,25314.87,1731,3852,2,0.1,NaN,NaN,NaN,NaN,NaN,25,5,5,15.94,15.81,14.02,13.72
17:43:01,INCR,18.05,13.59,18.05,15.93,705,289,0.54,25315.41,1732,3852,2,0.1,NaN,NaN,NaN,NaN,NaN,25,5,5,15.94,15.81,14.02,13.72
17:43:02,INCR,18.06,13.59,18.06,15.93,707,290,0.62,25316.03,1733,3852,2,0.1,NaN,NaN,NaN,NaN,NaN,25,5,5,15.94,15.81,14.02,13.72
17:43:03,INCR,18.05,13.59,18.05,15.93,705,289,0.63,25316.66,1734,3852,2,0.1,NaN,NaN,NaN,NaN,NaN,25,5,5,15.94,15.81,14.02,13.72
17:43:04,INCR,18.06,13.59,18.06,15.93,706,290,0.75,25317.41,1735,3852,2,0.1,NaN,NaN,NaN,NaN,NaN,25,5,5,15.94,15.81,14.02,13.72
17:43:05,INCR,18.06,13.59,18.06,15.93,706,291,0.52,25317.93,1736,3852,2,0.1,NaN,NaN,NaN,NaN,NaN,25,5,5,15.94,15.81,14.02,13.72
17:43:06,INCR,18.07,13.59,18.07,15.94,701,289,1.84,25319.77,1737,3852,2,0.1,NaN,NaN,NaN,NaN,NaN,25,5,5,15.94,15.81,14.02,13.72
17:43:07,INCR,18.07,13.59,18.07,15.94,698,291,1.13,25320.9,1738,3852,2,0.1,NaN,NaN,NaN,NaN,NaN,25,5,5,15.94,15.81,14.02,13.72
17:43:08,INCR,18.07,13.59,18.07,15.93,722,296,1.99,25322.9,1739,3852,2,0.1,NaN,NaN,NaN,NaN,NaN,25,5,5,15.94,15.81,14.02,13.72
17:43:09,INCR,18.07,13.59,18.07,15.93,719,304,0.87,25323.76,1740,3852,2,0.1,NaN,NaN,NaN,NaN,NaN,25,5,5,15.94,15.81,14.02,13.72
17:43:10,INCR,18.07,13.59,18.07,15.94,719,300,0.46,25324.22,1741,3852,2,0.1,NaN,NaN,NaN,NaN,NaN,25,5,5,15.94,15.81,14.02,13.72
17:43:11,INCR,18.08,13.59,18.08,15.94,713,298,0.66,25324.88,1742,3852,2,0.1,NaN,NaN,NaN,NaN,NaN,25,5,5,15.94,15.81,14.02,13.72
17:43:12,INCR,18.08,13.59,18.08,15.94,705,298,0.88,25325.76,1743,3852,2,0.1,NaN,NaN,NaN,NaN,NaN,25,5,5,15.94,15.81,14.02,13.72
17:43:13,INCR,18.08,13.59,18.08,15.94,705,296,0.33,25326.09,1744,3852,2,0.1,NaN,NaN,NaN,NaN,NaN,25,5,5,15.94,15.81,14.02,13.72
17:43:14,INCR,18.09,13.59,18.09,15.95,705,293,0.81,25326.91,1745,3852,2,0.1,NaN,NaN,NaN,NaN,NaN,25,5,5,15.94,15.81,14.02,13.72
17:43:15,INCR,18.1,13.6,18.1,15.96,708,290,0.81,25327.72,1746,3852,2,0.1,NaN,NaN,NaN,NaN,NaN,25,5,5,15.94,15.81,14.02,13.72
17:43:16,INCR,18.12,13.61,18.12,15.99,704,294,0.5,25328.22,1747,3852,2,0.1,NaN,NaN,NaN,NaN,NaN,25,5,5,15.94,15.81,14.02,13.72
17:43:17,INCR,18.15,13.61,18.15,16.02,704,292,0.43,25328.65,1748,3852,2,0.1,NaN,NaN,NaN,NaN,NaN,25,5,5,15.94,15.81,14.02,13.72
17:43:18,INCR,18.17,13.62,18.17,16.05,705,293,0.38,25329.03,1749,3852,2,0.1,NaN,NaN,NaN,NaN,NaN,25,5,5,15.94,15.81,14.02,13.72
17:43:19,INCR,18.17,13.63,18.17,16.07,706,293,0.48,25329.51,1750,3852,2,0.1,NaN,NaN,NaN,NaN,NaN,25,5,5,15.94,15.81,14.02,13.72
17:43:20,INCR,18.17,13.63,18.17,16.09,708,295,0.58,25330.09,1751,3852,2,0.1,NaN,NaN,NaN,NaN,NaN,25,5,5,15.94,15.81,14.02,13.72
17:43:21,INCR,18.17,13.63,18.17,16.1,707,290,0.42,25330.5,1752,3852,2,0.1,NaN,NaN,NaN,NaN,NaN,25,5,5,15.94,15.81,14.02,13.72
17:43:22,INCR,18.18,13.63,18.18,16.11,691,294,1.83,25332.33,1753,3852,2,0.1,NaN,NaN,NaN,NaN,NaN,25,5,5,15.94,15.81,14.02,13.72
17:43:23,INCR,18.18,13.64,18.18,16.11,676,316,2.4,25334.73,1754,3852,2,0.1,NaN,NaN,NaN,NaN,NaN,25,5,5,15.94,15.81,14.02,13.72
17:43:24,INCR,18.19,13.64,18.19,16.12,701,303,2.21,25336.94,1755,3852,2,0.1,NaN,NaN,NaN,NaN,NaN,25,5,5,15.94,15.81,14.02,13.72
17:43:25,INCR,18.19,13.64,18.19,16.15,700,297,0.42,25337.36,1756,3852,2,0.1,NaN,NaN,NaN,NaN,NaN,25,5,5,15.94,15.81,14.02,13.72
17:43:26,INCR,18.2,13.64,18.2,16.21,713,289,1.17,25338.53,1757,3852,2,0.1,NaN,NaN,NaN,NaN,NaN,25,5,5,15.94,15.81,14.02,13.72
17:43:27,INCR,18.2,13.64,18.2,16.26,708,292,0.7,25339.23,1758,3852,2,0.1,NaN,NaN,NaN,NaN,NaN,25,5,5,15.94,15.81,14.02,13.72
17:43:28,INCR,18.2,13.64,18.2,16.28,710,290,0.5,25339.73,1759,3852,2,0.1,NaN,NaN,NaN,NaN,NaN,25,5,5,15.94,15.81,14.02,13.72
17:43:29,INCR,18.23,13.64,18.23,16.29,707,293,1.2,25340.93,1760,3852,2,0.1,NaN,NaN,NaN,NaN,NaN,25,5,5,15.94,15.81,14.02,13.72
17:43:30,INCR,18.25,13.64,18.25,16.29,708,286,0.6,25341.52,1761,3852,2,0.1,NaN,NaN,NaN,NaN,NaN,25,5,5,15.94,15.81,14.02,13.72
17:43:31,INCR,18.29,13.64,18.29,16.3,712,288,0.8,25342.32,1762,3852,2,0.1,NaN,NaN,NaN,NaN,NaN,25,5,5,15.94,15.81,14.02,13.72
17:43:32,INCR,18.3,13.64,18.3,16.34,705,290,0.66,25342.98,1763,3852,2,0.1,NaN,NaN,NaN,NaN,NaN,25,5,5,15.94,15.81,14.02,13.72
17:43:33,INCR,18.3,13.64,18.3,16.39,701,291,0.89,25343.87,1764,3852,2,0.1,NaN,NaN,NaN,NaN,NaN,25,5,5,15.94,15.81,14.02,13.72
17:43:34,INCR,18.3,13.64,18.3,16.42,700,290,0.25,25344.12,1765,3852,2,0.1,NaN,NaN,NaN,NaN,NaN,25,5,5,15.94,15.81,14.02,13.72
17:43:35,INCR,18.3,13.64,18.3,16.42,709,288,0.61,25344.73,1766,3852,2,0.1,NaN,NaN,NaN,NaN,NaN,25,5,5,15.94,15.81,14.02,13.72
17:43:36,INCR,18.31,13.64,18.31,16.46,711,293,0.83,25345.56,1767,3852,2,0.1,NaN,NaN,NaN,NaN,NaN,25,5,5,15.94,15.81,14.02,13.72
17:43:37,INCR,18.31,13.64,18.31,16.48,712,291,0.81,25346.38,1768,3852,2,0.1,NaN,NaN,NaN,NaN,NaN,25,5,5,15.94,15.81,14.02,13.72
17:43:38,INCR,18.31,13.64,18.31,16.51,709,292,0.45,25346.83,1769,3852,2,0.1,NaN,NaN,NaN,NaN,NaN,25,5,5,15.94,15.81,14.02,13.72
17:43:39,INCR,18.32,13.64,18.32,16.51,714,288,0.81,25347.64,1770,3852,2,0.1,NaN,NaN,NaN,NaN,NaN,25,5,5,15.94,15.81,14.02,13.72
17:43:40,INCR,18.31,13.64,18.31,16.51,713,289,0.55,25348.19,1771,3852,2,0.1,NaN,NaN,NaN,NaN,NaN,25,5,5,15.94,15.81,14.02,13.72
17:43:42,INCR,18.32,13.65,18.32,16.51,710,289,0.7,25348.89,1772,3852,2,0.1,NaN,NaN,NaN,NaN,NaN,25,5,5,15.94,15.81,14.02,13.72
17:43:43,INCR,18.32,13.65,18.32,16.52,717,290,1.23,25350.11,1773,3852,2,0.1,NaN,NaN,NaN,NaN,NaN,25,5,5,15.94,15.81,14.02,13.72
17:43:44,INCR,18.33,13.65,18.33,16.52,712,288,0.44,25350.56,1774,3852,2,0.1,NaN,NaN,NaN,NaN,NaN,25,5,5,15.94,15.81,14.02,13.72
17:43:45,INCR,18.33,13.65,18.33,16.53,710,282,0.92,25351.48,1775,3852,2,0.1,NaN,NaN,NaN,NaN,NaN,25,5,5,15.94,15.81,14.02,13.72
17:43:46,INCR,18.33,13.65,18.33,16.55,702,288,0.81,25352.29,1776,3852,2,0.1,NaN,NaN,NaN,NaN,NaN,25,5,5,15.94,15.81,14.02,13.72
17:43:47,INCR,18.33,13.65,18.33,16.58,704,289,0.93,25353.22,1777,3852,2,0.1,NaN,NaN,NaN,NaN,NaN,25,5,5,15.94,15.81,14.02,13.72
17:43:48,INCR,18.34,13.65,18.34,16.6,700,298,1.4,25354.62,1778,3852,2,0.1,NaN,NaN,NaN,NaN,NaN,25,5,5,15.94,15.81,14.02,13.72
17:43:49,INCR,18.34,13.65,18.34,16.61,702,296,0.37,25354.99,1779,3852,2,0.1,NaN,NaN,NaN,NaN,NaN,25,5,5,15.94,15.81,14.02,13.72
17:43:50,INCR,18.34,13.65,18.34,16.61,702,299,0.34,25355.33,1780,3852,2,0.1,NaN,NaN,NaN,NaN,NaN,25,5,5,15.94,15.81,14.02,13.72
17:43:51,INCR,18.34,13.65,18.34,16.62,700,303,0.52,25355.85,1781,3852,2,0.1,NaN,NaN,NaN,NaN,NaN,25,5,5,15.94,15.81,14.02,13.72
17:43:52,INCR,18.35,13.65,18.35,16.62,696,312,1.82,25357.67,1782,3852,2,0.1,NaN,NaN,NaN,NaN,NaN,25,5,5,15.94,15.81,14.02,13.72
17:43:53,INCR,18.35,13.65,18.35,16.62,693,307,1.25,25358.91,1783,3852,2,0.1,NaN,NaN,NaN,NaN,NaN,25,5,5,15.94,15.81,14.02,13.72
17:43:54,INCR,18.35,13.65,18.35,16.63,703,295,1.23,25360.14,1784,3852,2,0.1,NaN,NaN,NaN,NaN,NaN,25,5,5,15.94,15.81,14.02,13.72
17:43:55,INCR,18.34,13.65,18.34,16.63,704,291,0.51,25360.65,1785,3852,2,0.1,NaN,NaN,NaN,NaN,NaN,25,5,5,15.94,15.81,14.02,13.72
17:43:56,INCR,18.35,13.65,18.35,16.63,707,291,0.98,25361.63,1786,3852,2,0.1,NaN,NaN,NaN,NaN,NaN,25,5,5,15.94,15.81,14.02,13.72
17:43:57,INCR,18.34,13.65,18.34,16.63,709,298,1.31,25362.94,1787,3852,2,0.1,NaN,NaN,NaN,NaN,NaN,25,5,5,15.94,15.81,14.02,13.72
17:43:58,INCR,18.35,13.65,18.35,16.64,712,294,0.36,25363.3,1788,3852,2,0.1,NaN,NaN,NaN,NaN,NaN,25,5,5,15.94,15.81,14.02,13.72
17:43:59,INCR,18.34,13.65,18.34,16.63,710,297,0.18,25363.48,1789,3852,2,0.1,NaN,NaN,NaN,NaN,NaN,25,5,5,15.94,15.81,14.02,13.72
17:44:00,INCR,18.34,13.65,18.34,16.64,711,293,0.69,25364.17,1790,3852,2,0.1,NaN,NaN,NaN,NaN,NaN,25,5,5,15.94,15.81,14.02,13.72
17:44:01,INCR,18.34,13.65,18.34,16.64,711,296,0.34,25364.51,1791,3852,2,0.1,NaN,NaN,NaN,NaN,NaN,25,5,5,15.94,15.81,14.02,13.72
17:44:02,INCR,18.34,13.65,18.34,16.64,704,297,0.72,25365.23,1792,3852,2,0.1,NaN,NaN,NaN,NaN,NaN,25,5,5,15.94,15.81,14.02,13.72
17:44:03,INCR,18.34,13.66,18.34,16.64,707,294,0.74,25365.97,1793,3852,2,0.1,NaN,NaN,NaN,NaN,NaN,25,5,5,15.94,15.81,14.02,13.72
17:44:04,INCR,18.34,13.66,18.34,16.64,705,292,0.44,25366.41,1794,3852,2,0.1,NaN,NaN,NaN,NaN,NaN,25,5,5,15.94,15.81,14.02,13.72
17:44:05,INCR,18.33,13.66,18.33,16.64,710,291,0.29,25366.69,1795,3852,2,0.1,NaN,NaN,NaN,NaN,NaN,25,5,5,15.94,15.81,14.02,13.72
17:44:06,INCR,18.34,13.66,18.34,16.65,703,294,0.91,25367.6,1796,3852,2,0.1,NaN,NaN,NaN,NaN,NaN,25,5,5,15.94,15.81,14.02,13.72
17:44:07,INCR,18.33,13.66,18.33,16.64,705,289,0.33,25367.94,1797,3852,2,0.1,NaN,NaN,NaN,NaN,NaN,25,5,5,15.94,15.81,14.02,13.72
17:44:08,INCR,18.34,13.66,18.34,16.65,705,291,0.51,25368.44,1798,3852,2,0.1,NaN,NaN,NaN,NaN,NaN,25,5,5,15.94,15.81,14.02,13.72
17:44:09,INCR,18.33,13.66,18.33,16.65,706,288,0.66,25369.11,1799,3852,2,0.1,NaN,NaN,NaN,NaN,NaN,25,5,5,15.94,15.81,14.02,13.72
17:44:10,INCR,18.33,13.66,18.33,16.65,706,289,0.65,25369.76,1800,3852,2,0.1,NaN,NaN,NaN,NaN,NaN,25,5,5,15.94,15.81,14.02,13.72
17:44:11,INCR,18.33,13.66,18.33,16.65,702,288,0.46,25370.21,1801,3852,2,0.1,NaN,NaN,NaN,NaN,NaN,25,5,5,15.94,15.81,14.02,13.72
17:44:12,INCR,18.33,13.66,18.33,16.65,703,292,0.91,25371.12,1802,3852,2,0.1,NaN,NaN,NaN,NaN,NaN,25,5,5,15.94,15.81,14.02,13.72
17:44:13,INCR,18.33,13.66,18.33,16.66,703,295,0.44,25371.56,1803,3852,2,0.1,NaN,NaN,NaN,NaN,NaN,25,5,5,15.94,15.81,14.02,13.72
17:44:14,INCR,18.33,13.66,18.33,16.65,706,294,0.5,25372.06,1804,3852,2,0.1,NaN,NaN,NaN,NaN,NaN,25,5,5,15.94,15.81,14.02,13.72
17:44:15,INCR,18.33,13.66,18.33,16.65,701,298,0.36,25372.43,1805,3852,2,0.1,NaN,NaN,NaN,NaN,NaN,25,5,5,15.94,15.81,14.02,13.72
17:44:16,INCR,18.33,13.66,18.33,16.65,705,290,0.4,25372.82,1806,3852,2,0.1,NaN,NaN,NaN,NaN,NaN,25,5,5,15.94,15.81,14.02,13.72
17:44:17,INCR,18.32,13.66,18.32,16.65,707,292,0.73,25373.55,1807,3852,2,0.1,NaN,NaN,NaN,NaN,NaN,25,5,5,15.94,15.81,14.02,13.72
17:44:18,INCR,18.32,13.66,18.32,16.66,703,293,0.6,25374.16,1808,3852,2,0.1,NaN,NaN,NaN,NaN,NaN,25,5,5,15.94,15.81,14.02,13.72
17:44:19,INCR,18.32,13.66,18.32,16.65,704,291,1.07,25375.23,1809,3852,2,0.1,NaN,NaN,NaN,NaN,NaN,25,5,5,15.94,15.81,14.02,13.72
17:44:20,INCR,18.32,13.66,18.32,16.65,703,291,0.11,25375.34,1810,3852,2,0.1,NaN,NaN,NaN,NaN,NaN,25,5,5,15.94,15.81,14.02,13.72
17:44:21,INCR,18.32,13.66,18.32,16.65,703,292,0.78,25376.12,1811,3852,2,0.1,NaN,NaN,NaN,NaN,NaN,25,5,5,15.94,15.81,14.02,13.72
17:44:23,INCR,18.31,13.66,18.31,16.64,703,293,0.44,25376.56,1812,3852,2,0.1,NaN,NaN,NaN,NaN,NaN,25,5,5,15.94,15.81,14.02,13.72
17:44:24,INCR,18.31,13.66,18.31,16.64,710,287,0.53,25377.09,1813,3852,2,0.1,NaN,NaN,NaN,NaN,NaN,25,5,5,15.94,15.81,14.02,13.72
17:44:25,INCR,18.3,13.66,18.3,16.64,703,290,0.81,25377.9,1814,3852,2,0.1,NaN,NaN,NaN,NaN,NaN,25,5,5,15.94,15.81,14.02,13.72
17:44:26,INCR,18.3,13.66,18.3,16.64,707,290,1.01,25378.91,1815,3852,2,0.1,NaN,NaN,NaN,NaN,NaN,25,5,5,15.94,15.81,14.02,13.72
17:44:27,INCR,18.3,13.66,18.3,16.64,703,293,0.71,25379.62,1816,3852,2,0.1,NaN,NaN,NaN,NaN,NaN,25,5,5,15.94,15.81,14.02,13.72
17:44:28,INCR,18.29,13.66,18.29,16.64,702,287,0.82,25380.44,1817,3852,2,0.1,NaN,NaN,NaN,NaN,NaN,25,5,5,15.94,15.81,14.02,13.72
17:44:29,INCR,18.29,13.66,18.29,16.64,703,292,1.08,25381.52,1818,3852,2,0.1,NaN,NaN,NaN,NaN,NaN,25,5,5,15.94,15.81,14.02,13.72
17:44:30,INCR,18.29,13.66,18.29,16.64,700,293,0.45,25381.97,1819,3852,2,0.1,NaN,NaN,NaN,NaN,NaN,25,5,5,15.94,15.81,14.02,13.72
17:44:31,INCR,18.27,13.66,18.27,16.63,700,299,0.35,25382.32,1820,3852,2,0.1,NaN,NaN,NaN,NaN,NaN,25,5,5,15.94,15.81,14.02,13.72
17:44:32,INCR,18.24,13.66,18.24,16.63,697,299,0.35,25382.67,1821,3852,2,0.1,NaN,NaN,NaN,NaN,NaN,25,5,5,15.94,15.81,14.02,13.72
17:44:33,INCR,18.21,13.66,18.21,16.63,695,303,0.43,25383.1,1822,3852,2,0.1,NaN,NaN,NaN,NaN,NaN,25,5,5,15.94,15.81,14.02,13.72
17:44:34,INCR,18.2,13.66,18.2,16.63,692,302,0.77,25383.87,1823,3852,2,0.1,NaN,NaN,NaN,NaN,NaN,25,5,5,15.94,15.81,14.02,13.72
17:44:35,INCR,18.19,13.66,18.19,16.63,703,294,0.98,25384.86,1824,3852,2,0.1,NaN,NaN,NaN,NaN,NaN,25,5,5,15.94,15.81,14.02,13.72
17:44:36,INCR,18.19,13.66,18.19,16.62,707,294,0.83,25385.69,1825,3852,2,0.1,NaN,NaN,NaN,NaN,NaN,25,5,5,15.94,15.81,14.02,13.72
17:44:37,INCR,18.19,13.66,18.19,16.62,710,296,1.1,25386.79,1826,3852,2,0.1,NaN,NaN,NaN,NaN,NaN,25,5,5,15.94,15.81,14.02,13.72
17:44:38,INCR,18.19,13.66,18.19,16.61,704,299,0.93,25387.72,1827,3852,2,0.1,NaN,NaN,NaN,NaN,NaN,25,5,5,15.94,15.81,14.02,13.72
17:44:39,INCR,18.18,13.66,18.18,16.61,704,294,0.41,25388.13,1828,3852,2,0.1,NaN,NaN,NaN,NaN,NaN,25,5,5,15.94,15.81,14.02,13.72
17:44:40,INCR,18.18,13.66,18.18,16.61,702,296,0.67,25388.81,1829,3852,2,0.1,NaN,NaN,NaN,NaN,NaN,25,5,5,15.94,15.81,14.02,13.72
17:44:41,INCR,18.18,13.66,18.18,16.6,705,290,0.93,25389.74,1830,3852,2,0.1,NaN,NaN,NaN,NaN,NaN,25,5,5,15.94,15.81,14.02,13.72
17:44:42,INCR,18.18,13.66,18.18,16.6,713,287,1.25,25390.99,1831,3852,2,0.1,NaN,NaN,NaN,NaN,NaN,25,5,5,15.94,15.81,14.02,13.72
17:44:43,INCR,18.18,13.66,18.18,16.58,710,296,1.1,25392.09,1832,3852,2,0.1,NaN,NaN,NaN,NaN,NaN,25,5,5,15.94,15.81,14.02,13.72
17:44:44,INCR,18.17,13.66,18.17,16.56,711,294,0.29,25392.38,1833,3852,2,0.1,NaN,NaN,NaN,NaN,NaN,25,5,5,15.94,15.81,14.02,13.72
17:44:45,INCR,18.17,13.66,18.17,16.54,699,295,1.11,25393.48,1834,3852,2,0.1,NaN,NaN,NaN,NaN,NaN,25,5,5,15.94,15.81,14.02,13.72
17:44:46,INCR,18.16,13.66,18.16,16.54,704,291,0.8,25394.28,1835,3852,2,0.1,NaN,NaN,NaN,NaN,NaN,25,5,5,15.94,15.81,14.02,13.72
17:44:47,INCR,18.16,13.66,18.16,16.53,696,296,0.57,25394.85,1836,3852,2,0.1,NaN,NaN,NaN,NaN,NaN,25,5,5,15.94,15.81,14.02,13.72
17:44:48,INCR,18.16,13.66,18.16,16.53,701,293,0.51,25395.36,1837,3852,2,0.1,NaN,NaN,NaN,NaN,NaN,25,5,5,15.94,15.81,14.02,13.72
17:44:49,INCR,18.16,13.66,18.16,16.53,702,295,0.43,25395.79,1838,3852,2,0.1,NaN,NaN,NaN,NaN,NaN,25,5,5,15.94,15.81,14.02,13.72
17:44:50,INCR,18.16,13.66,18.16,16.53,703,291,0.79,25396.58,1839,3852,2,0.1,NaN,NaN,NaN,NaN,NaN,25,5,5,15.94,15.81,14.02,13.72
17:44:51,INCR,18.16,13.66,18.16,16.53,708,293,1.07,25397.65,1840,3852,2,0.1,NaN,NaN,NaN,NaN,NaN,25,5,5,15.94,15.81,14.02,13.72
17:44:52,INCR,18.15,13.66,18.15,16.53,700,296,0.52,25398.16,1841,3852,2,0.1,NaN,NaN,NaN,NaN,NaN,25,5,5,15.94,15.81,14.02,13.72
17:44:53,INCR,18.15,13.66,18.15,16.52,702,299,0.56,25398.72,1842,3852,2,0.1,NaN,NaN,NaN,NaN,NaN,25,5,5,15.94,15.81,14.02,13.72
17:44:54,INCR,18.15,13.66,18.15,16.52,704,295,0.78,25399.5,1843,3852,2,0.1,NaN,NaN,NaN,NaN,NaN,25,5,5,15.94,15.81,14.02,13.72
17:44:55,INCR,18.15,13.66,18.15,16.52,704,293,0.77,25400.28,1844,3852,2,0.1,NaN,NaN,NaN,NaN,NaN,25,5,5,15.94,15.81,14.02,13.72
17:44:56,INCR,18.15,13.66,18.15,16.51,698,296,0.66,25400.94,1845,3852,2,0.1,NaN,NaN,NaN,NaN,NaN,25,5,5,15.94,15.81,14.02,13.72
17:44:57,INCR,18.15,13.66,18.15,16.51,703,291,0.5,25401.44,1846,3852,2,0.1,NaN,NaN,NaN,NaN,NaN,25,5,5,15.94,15.81,14.02,13.72
17:44:58,INCR,18.15,13.66,18.15,16.51,706,290,0.69,25402.13,1847,3852,2,0.1,NaN,NaN,NaN,NaN,NaN,25,5,5,15.94,15.81,14.02,13.72
17:44:59,INCR,18.14,13.66,18.14,16.49,706,287,0.67,25402.8,1848,3852,2,0.1,NaN,NaN,NaN,NaN,NaN,25,5,5,15.94,15.81,14.02,13.72
17:45:00,INCR,18.14,13.66,18.14,16.46,707,292,1.31,25404.11,1849,3852,2,0.1,NaN,NaN,NaN,NaN,NaN,25,5,5,15.94,15.81,14.02,13.72
17:45:01,INCR,18.14,13.66,18.14,16.44,704,289,0.59,25404.7,1850,3852,2,0.1,NaN,NaN,NaN,NaN,NaN,25,5,5,15.94,15.81,14.02,13.72
17:45:02,INCR,18.14,13.66,18.14,16.43,705,287,1,25405.71,1851,3852,2,0.1,NaN,NaN,NaN,NaN,NaN,25,5,5,15.94,15.81,14.02,13.72
17:45:03,INCR,18.15,13.66,18.15,16.43,702,287,0.66,25406.37,1852,3852,2,0.1,NaN,NaN,NaN,NaN,NaN,25,5,5,15.94,15.81,14.02,13.72
17:45:05,INCR,18.15,13.66,18.15,16.43,704,289,0.74,25407.11,1853,3852,2,0.1,NaN,NaN,NaN,NaN,NaN,25,5,5,15.94,15.81,14.02,13.72
17:45:06,INCR,18.15,13.66,18.15,16.42,697,300,0.98,25408.09,1854,3852,2,0.1,NaN,NaN,NaN,NaN,NaN,25,5,5,15.94,15.81,14.02,13.72
17:45:07,INCR,18.15,13.66,18.15,16.42,701,304,0.72,25408.81,1855,3852,2,0.1,NaN,NaN,NaN,NaN,NaN,25,5,5,15.94,15.81,14.02,13.72
17:45:08,INCR,18.15,13.66,18.15,16.42,700,307,0.57,25409.38,1856,3852,2,0.1,NaN,NaN,NaN,NaN,NaN,25,5,5,15.94,15.81,14.02,13.72
17:45:09,INCR,18.16,13.66,18.16,16.42,705,302,0.62,25409.99,1857,3852,2,0.1,NaN,NaN,NaN,NaN,NaN,25,5,5,15.94,15.81,14.02,13.72
17:45:10,INCR,18.15,13.66,18.15,16.41,708,300,0.12,25410.11,1858,3852,2,0.1,NaN,NaN,NaN,NaN,NaN,25,5,5,15.94,15.81,14.02,13.72
17:45:11,INCR,18.15,13.66,18.15,16.41,703,301,0.7,25410.81,1859,3852,2,0.1,NaN,NaN,NaN,NaN,NaN,25,5,5,15.94,15.81,14.02,13.72
17:45:12,INCR,18.15,13.66,18.15,16.41,702,300,0.37,25411.19,1860,3852,2,0.1,NaN,NaN,NaN,NaN,NaN,25,5,5,15.94,15.81,14.02,13.72
17:45:13,INCR,18.16,13.66,18.16,16.38,698,298,0.2,25411.39,1861,3852,2,0.1,NaN,NaN,NaN,NaN,NaN,25,5,5,15.94,15.81,14.02,13.72
17:45:14,INCR,18.16,13.66,18.16,16.36,696,297,0,25411.39,1862,3852,2,0.1,NaN,NaN,NaN,NaN,NaN,25,5,5,15.94,15.81,14.02,13.72
17:45:15,INCR,18.17,13.66,18.17,16.33,696,306,0.78,25412.17,1863,3852,2,0.1,NaN,NaN,NaN,NaN,NaN,25,5,5,15.94,15.81,14.02,13.72
17:45:16,INCR,18.17,13.67,18.17,16.33,702,311,0.62,25412.79,1864,3852,2,0.1,NaN,NaN,NaN,NaN,NaN,25,5,5,15.94,15.81,14.02,13.72
17:45:17,INCR,18.17,13.67,18.17,16.33,704,316,0.5,25413.29,1865,3852,2,0.1,NaN,NaN,NaN,NaN,NaN,25,5,5,15.94,15.81,14.02,13.72
17:45:18,INCR,18.18,13.67,18.18,16.34,704,313,0.43,25413.73,1866,3852,2,0.1,NaN,NaN,NaN,NaN,NaN,25,5,5,15.94,15.81,14.02,13.72
17:45:19,INCR,18.18,13.67,18.18,16.33,703,311,0.41,25414.13,1867,3852,2,0.1,NaN,NaN,NaN,NaN,NaN,25,5,5,15.94,15.81,14.02,13.72
17:45:20,INCR,18.18,13.67,18.18,16.33,707,303,0.82,25414.95,1868,3852,2,0.1,NaN,NaN,NaN,NaN,NaN,25,5,5,15.94,15.81,14.02,13.72
17:45:21,INCR,18.17,13.67,18.17,16.32,711,298,0.87,25415.82,1869,3852,2,0.1,NaN,NaN,NaN,NaN,NaN,25,5,5,15.94,15.81,14.02,13.72
17:45:22,INCR,18.18,13.67,18.18,16.32,704,295,0.8,25416.62,1870,3852,2,0.1,NaN,NaN,NaN,NaN,NaN,25,5,5,15.94,15.81,14.02,13.72
17:45:23,INCR,18.19,13.67,18.19,16.32,709,287,0.59,25417.22,1871,3852,2,0.1,NaN,NaN,NaN,NaN,NaN,25,5,5,15.94,15.81,14.02,13.72
17:45:24,INCR,18.19,13.67,18.19,16.32,705,286,0.63,25417.85,1872,3852,2,0.1,NaN,NaN,NaN,NaN,NaN,25,5,5,15.94,15.81,14.02,13.72
17:45:25,INCR,18.19,13.67,18.19,16.32,707,287,0.76,25418.61,1873,3852,2,0.1,NaN,NaN,NaN,NaN,NaN,25,5,5,15.94,15.81,14.02,13.72
17:45:26,INCR,18.19,13.67,18.19,16.32,705,295,1.03,25419.64,1874,3852,2,0.1,NaN,NaN,NaN,NaN,NaN,25,5,5,15.94,15.81,14.02,13.72
17:45:27,INCR,18.19,13.67,18.19,16.32,704,296,0.82,25420.47,1875,3852,2,0.1,NaN,NaN,NaN,NaN,NaN,25,5,5,15.94,15.81,14.02,13.72
17:45:28,INCR,18.19,13.67,18.19,16.31,705,297,0.52,25420.99,1876,3852,2,0.1,NaN,NaN,NaN,NaN,NaN,25,5,5,15.94,15.81,14.02,13.72
17:45:29,INCR,18.19,13.67,18.19,16.31,704,296,0.32,25421.31,1877,3852,2,0.1,NaN,NaN,NaN,NaN,NaN,25,5,5,15.94,15.81,14.02,13.72
17:45:30,INCR,18.2,13.67,18.2,16.31,708,295,0.58,25421.89,1878,3852,2,0.1,NaN,NaN,NaN,NaN,NaN,25,5,5,15.94,15.81,14.02,13.72
17:45:31,INCR,18.21,13.67,18.21,16.31,696,297,1.03,25422.92,1879,3852,2,0.1,NaN,NaN,NaN,NaN,NaN,25,5,5,15.94,15.81,14.02,13.72
17:45:32,INCR,18.21,13.67,18.21,16.31,696,293,0.55,25423.47,1880,3852,2,0.1,NaN,NaN,NaN,NaN,NaN,25,5,5,15.94,15.81,14.02,13.72
17:45:33,INCR,18.23,13.67,18.23,16.31,695,293,0.24,25423.7,1881,3852,2,0.1,NaN,NaN,NaN,NaN,NaN,25,5,5,15.94,15.81,14.02,13.72
17:45:34,INCR,18.25,13.67,18.25,16.31,719,275,2.78,25426.48,1882,3852,2,0.1,NaN,NaN,NaN,NaN,NaN,25,5,5,15.94,15.81,14.02,13.72
17:45:35,INCR,18.26,13.67,18.26,16.31,750,264,2.54,25429.02,1883,3852,2,0.1,NaN,NaN,NaN,NaN,NaN,25,5,5,15.94,15.81,14.02,13.72
17:45:36,INCR,18.28,13.67,18.28,16.31,770,263,2.32,25431.34,1884,3852,2,0.1,NaN,NaN,NaN,NaN,NaN,25,5,5,15.94,15.81,14.02,13.72
17:45:37,INCR,18.28,13.67,18.28,16.31,764,273,1.63,25432.97,1885,3852,2,0.1,NaN,NaN,NaN,NaN,NaN,25,5,5,15.94,15.81,14.02,13.72
17:45:38,INCR,18.28,13.67,18.28,16.31,755,272,0.71,25433.68,1886,3852,2,0.1,NaN,NaN,NaN,NaN,NaN,25,5,5,15.94,15.81,14.02,13.72
17:45:39,INCR,18.28,13.67,18.28,16.3,782,271,2.32,25435.99,1887,3852,2,0.1,NaN,NaN,NaN,NaN,NaN,25,5,5,15.94,15.81,14.02,13.72
17:45:40,INCR,18.28,13.67,18.28,16.3,819,304,4.2,25440.2,1888,3852,2,0.1,NaN,NaN,NaN,NaN,NaN,25,5,5,15.94,15.81,14.02,13.72
17:45:41,INCR,18.29,13.67,18.29,16.3,854,348,4.48,25444.67,1889,3852,2,0.1,NaN,NaN,NaN,NaN,NaN,25,5,5,15.94,15.81,14.02,13.72
17:45:42,INCR,18.29,13.67,18.29,16.3,871,389,3.76,25448.44,1890,3852,2,0.1,NaN,NaN,NaN,NaN,NaN,25,5,5,15.94,15.81,14.02,13.72
17:45:44,INCR,18.29,13.67,18.29,16.3,894,427,4.2,25452.63,1891,3852,2,0.1,NaN,NaN,NaN,NaN,NaN,25,5,5,15.94,15.81,14.02,13.72
17:45:45,INCR,18.29,13.67,18.29,16.29,905,411,1.82,25454.45,1892,3852,2,0.1,NaN,NaN,NaN,NaN,NaN,25,5,5,15.94,15.81,14.02,13.72
17:45:46,INCR,18.29,13.67,18.29,16.29,902,392,2.41,25456.87,1893,3852,2,0.1,NaN,NaN,NaN,NaN,NaN,25,5,5,15.94,15.81,14.02,13.72
17:45:47,INCR,18.29,13.67,18.29,16.29,892,368,1.78,25458.65,1894,3852,2,0.1,NaN,NaN,NaN,NaN,NaN,25,5,5,15.94,15.81,14.02,13.72
17:45:48,INCR,18.3,13.67,18.3,16.29,888,336,2.68,25461.33,1895,3852,2,0.1,NaN,NaN,NaN,NaN,NaN,25,5,5,15.94,15.81,14.02,13.72
17:45:49,INCR,18.3,13.67,18.3,16.29,878,321,2.06,25463.4,1896,3852,2,0.1,NaN,NaN,NaN,NaN,NaN,25,5,5,15.94,15.81,14.02,13.72
17:45:50,INCR,18.31,13.67,18.31,16.29,837,276,4.88,25468.27,1897,3852,2,0.1,NaN,NaN,NaN,NaN,NaN,25,5,5,15.94,15.81,14.02,13.72
17:45:51,INCR,18.31,13.67,18.31,16.29,823,271,2.48,25470.75,1898,3852,2,0.1,NaN,NaN,NaN,NaN,NaN,25,5,5,15.94,15.81,14.02,13.72
17:45:52,INCR,18.32,13.67,18.32,16.28,780,257,3.55,25474.3,1899,3852,2,0.1,NaN,NaN,NaN,NaN,NaN,25,5,5,15.94,15.81,14.02,13.72
17:45:53,INCR,18.32,13.67,18.32,16.28,728,260,3.91,25478.21,1900,3852,2,0.1,NaN,NaN,NaN,NaN,NaN,25,5,5,15.94,15.81,14.02,13.72
17:45:54,INCR,18.32,13.67,18.32,16.27,679,276,4,25482.21,1901,3852,2,0.1,NaN,NaN,NaN,NaN,NaN,25,5,5,15.94,15.81,14.02,13.72
17:45:55,INCR,18.32,13.67,18.32,16.25,680,292,1.56,25483.77,1902,3852,2,0.1,NaN,NaN,NaN,NaN,NaN,25,5,5,15.94,15.81,14.02,13.72
17:45:56,INCR,18.33,13.67,18.33,16.23,686,296,0.93,25484.7,1903,3852,2,0.1,NaN,NaN,NaN,NaN,NaN,25,5,5,15.94,15.81,14.02,13.72
17:45:57,INCR,18.32,13.67,18.32,16.21,694,289,0.96,25485.66,1904,3852,2,0.1,NaN,NaN,NaN,NaN,NaN,25,5,5,15.94,15.81,14.02,13.72
17:45:58,INCR,18.33,13.67,18.33,16.2,698,293,1.36,25487.02,1905,3852,2,0.1,NaN,NaN,NaN,NaN,NaN,25,5,5,15.94,15.81,14.02,13.72
17:45:59,INCR,18.33,13.67,18.33,16.2,703,292,0.62,25487.64,1906,3852,2,0.1,NaN,NaN,NaN,NaN,NaN,25,5,5,15.94,15.81,14.02,13.72
17:46:00,INCR,18.34,13.67,18.34,16.2,698,297,0.75,25488.39,1907,3852,2,0.1,NaN,NaN,NaN,NaN,NaN,25,5,5,15.94,15.81,14.02,13.72
17:46:01,INCR,18.34,13.67,18.34,16.2,701,296,0.43,25488.82,1908,3852,2,0.1,NaN,NaN,NaN,NaN,NaN,25,5,5,15.94,15.81,14.02,13.72
17:46:02,INCR,18.34,13.67,18.34,16.19,702,299,0.58,25489.4,1909,3852,2,0.1,NaN,NaN,NaN,NaN,NaN,25,5,5,15.94,15.81,14.02,13.72
17:46:03,INCR,18.35,13.67,18.35,16.19,702,297,0.34,25489.73,1910,3852,2,0.1,NaN,NaN,NaN,NaN,NaN,25,5,5,15.94,15.81,14.02,13.72
17:46:04,INCR,18.35,13.67,18.35,16.19,702,297,1.08,25490.81,1911,3852,2,0.1,NaN,NaN,NaN,NaN,NaN,25,5,5,15.94,15.81,14.02,13.72
17:46:05,INCR,18.35,13.67,18.35,16.2,703,299,0.28,25491.09,1912,3852,2,0.1,NaN,NaN,NaN,NaN,NaN,25,5,5,15.94,15.81,14.02,13.72
17:46:06,INCR,18.35,13.68,18.35,16.2,708,297,0.38,25491.48,1913,3852,2,0.1,NaN,NaN,NaN,NaN,NaN,25,5,5,15.94,15.81,14.02,13.72
17:46:07,INCR,18.36,13.68,18.36,16.2,701,301,0.67,25492.14,1914,3852,2,0.1,NaN,NaN,NaN,NaN,NaN,25,5,5,15.94,15.81,14.02,13.72
17:46:08,INCR,18.38,13.68,18.38,16.2,704,300,0.5,25492.64,1915,3852,2,0.1,NaN,NaN,NaN,NaN,NaN,25,5,5,15.94,15.81,14.02,13.72
17:46:09,INCR,18.41,13.68,18.41,16.19,709,300,0.81,25493.46,1916,3852,2,0.1,NaN,NaN,NaN,NaN,NaN,25,5,5,15.94,15.81,14.02,13.72
17:46:10,INCR,18.43,13.68,18.43,16.19,705,301,0.36,25493.82,1917,3852,2,0.1,NaN,NaN,NaN,NaN,NaN,25,5,5,15.94,15.81,14.02,13.72
17:46:11,INCR,18.43,13.68,18.43,16.19,705,302,0.21,25494.03,1918,3852,2,0.1,NaN,NaN,NaN,NaN,NaN,25,5,5,15.94,15.81,14.02,13.72
17:46:12,INCR,18.43,13.68,18.43,16.19,701,299,0.47,25494.5,1919,3852,2,0.1,NaN,NaN,NaN,NaN,NaN,25,5,5,15.94,15.81,14.02,13.72
17:46:13,INCR,18.44,13.68,18.44,16.19,704,295,0.74,25495.24,1920,3852,2,0.1,NaN,NaN,NaN,NaN,NaN,25,5,5,15.94,15.81,14.02,13.72
17:46:14,INCR,18.44,13.68,18.44,16.19,698,297,0.6,25495.84,1921,3852,2,0.1,NaN,NaN,NaN,NaN,NaN,25,5,5,15.94,15.81,14.02,13.72
17:46:15,INCR,18.44,13.68,18.44,16.19,702,292,0.47,25496.3,1922,3852,2,0.1,NaN,NaN,NaN,NaN,NaN,25,5,5,15.94,15.81,14.02,13.72
17:46:16,INCR,18.44,13.68,18.44,16.2,702,292,0.56,25496.86,1923,3852,2,0.1,NaN,NaN,NaN,NaN,NaN,25,5,5,15.94,15.81,14.02,13.72
17:46:17,INCR,18.45,13.68,18.45,16.21,700,291,0.77,25497.63,1924,3852,2,0.1,NaN,NaN,NaN,NaN,NaN,25,5,5,15.94,15.81,14.02,13.72
17:46:18,INCR,18.45,13.68,18.45,16.23,699,293,0.54,25498.16,1925,3852,2,0.1,NaN,NaN,NaN,NaN,NaN,25,5,5,15.94,15.81,14.02,13.72
17:46:19,INCR,18.45,13.68,18.45,16.27,700,291,0.26,25498.42,1926,3852,2,0.1,NaN,NaN,NaN,NaN,NaN,25,5,5,15.94,15.81,14.02,13.72
17:46:20,INCR,18.45,13.68,18.45,16.32,703,291,0.49,25498.91,1927,3852,2,0.1,NaN,NaN,NaN,NaN,NaN,25,5,5,15.94,15.81,14.02,13.72
17:46:21,INCR,18.46,13.68,18.46,16.34,699,297,0.9,25499.81,1928,3852,2,0.1,NaN,NaN,NaN,NaN,NaN,25,5,5,15.94,15.81,14.02,13.72
17:46:22,INCR,18.46,13.68,18.46,16.36,697,306,0.4,25500.21,1929,3852,2,0.1,NaN,NaN,NaN,NaN,NaN,25,5,5,15.94,15.81,14.02,13.72
17:46:23,INCR,18.47,13.68,18.47,16.37,692,311,0.44,25500.65,1930,3852,2,0.1,NaN,NaN,NaN,NaN,NaN,25,5,5,15.94,15.81,14.02,13.72
17:46:24,INCR,18.47,13.68,18.47,16.37,696,312,0.26,25500.9,1931,3852,2,0.1,NaN,NaN,NaN,NaN,NaN,25,5,5,15.94,15.81,14.02,13.72
17:46:25,INCR,18.47,13.68,18.47,16.37,689,324,1.08,25501.99,1932,3852,2,0.1,NaN,NaN,NaN,NaN,NaN,25,5,5,15.94,15.81,14.02,13.72
17:46:26,INCR,18.47,13.68,18.47,16.38,692,323,0.53,25502.52,1933,3852,2,0.1,NaN,NaN,NaN,NaN,NaN,25,5,5,15.94,15.81,14.02,13.72
17:46:27,INCR,18.48,13.68,18.48,16.41,692,325,0.23,25502.75,1934,3852,2,0.1,NaN,NaN,NaN,NaN,NaN,25,5,5,15.94,15.81,14.02,13.72
17:46:29,INCR,18.48,13.68,18.48,16.43,691,317,0.6,25503.34,1935,3852,2,0.1,NaN,NaN,NaN,NaN,NaN,25,5,5,15.94,15.81,14.02,13.72
17:46:30,INCR,18.49,13.68,18.49,16.46,694,310,0.5,25503.84,1936,3852,2,0.1,NaN,NaN,NaN,NaN,NaN,25,5,5,15.94,15.81,14.02,13.72
17:46:31,INCR,18.53,13.69,18.53,16.46,701,300,0.97,25504.81,1937,3852,2,0.1,NaN,NaN,NaN,NaN,NaN,25,5,5,15.94,15.81,14.02,13.72
17:46:32,INCR,18.56,13.69,18.56,16.47,705,302,0.61,25505.42,1938,3852,2,0.1,NaN,NaN,NaN,NaN,NaN,25,5,5,15.94,15.81,14.02,13.72
17:46:33,INCR,18.57,13.69,18.57,16.47,701,303,0.39,25505.81,1939,3852,2,0.1,NaN,NaN,NaN,NaN,NaN,25,5,5,15.94,15.81,14.02,13.72
17:46:34,INCR,18.58,13.69,18.58,16.5,708,300,0.66,25506.47,1940,3852,2,0.1,NaN,NaN,NaN,NaN,NaN,25,5,5,15.94,15.81,14.02,13.72
17:46:35,INCR,18.58,13.69,18.58,16.53,704,304,0.35,25506.83,1941,3852,2,0.1,NaN,NaN,NaN,NaN,NaN,25,5,5,15.94,15.81,14.02,13.72
17:46:36,INCR,18.58,13.69,18.58,16.55,703,305,0.08,25506.91,1942,3852,2,0.1,NaN,NaN,NaN,NaN,NaN,25,5,5,15.94,15.81,14.02,13.72
17:46:37,INCR,18.58,13.69,18.58,16.57,704,303,0.5,25507.41,1943,3852,2,0.1,NaN,NaN,NaN,NaN,NaN,25,5,5,15.94,15.81,14.02,13.72
17:46:38,INCR,18.58,13.69,18.58,16.6,706,296,0.82,25508.23,1944,3852,2,0.1,NaN,NaN,NaN,NaN,NaN,25,5,5,15.94,15.81,14.02,13.72
17:46:39,INCR,18.58,13.69,18.58,16.63,702,294,0.46,25508.69,1945,3852,2,0.1,NaN,NaN,NaN,NaN,NaN,25,5,5,15.94,15.81,14.02,13.72
17:46:40,INCR,18.57,13.69,18.57,16.63,703,289,0.27,25508.96,1946,3852,2,0.1,NaN,NaN,NaN,NaN,NaN,25,5,5,15.94,15.81,14.02,13.72
17:46:41,INCR,18.57,13.69,18.57,16.63,705,290,1,25509.96,1947,3852,2,0.1,NaN,NaN,NaN,NaN,NaN,25,5,5,15.94,15.81,14.02,13.72
17:46:42,INCR,18.57,13.69,18.57,16.64,702,293,0.49,25510.44,1948,3852,2,0.1,NaN,NaN,NaN,NaN,NaN,25,5,5,15.94,15.81,14.02,13.72
17:46:43,INCR,18.58,13.69,18.58,16.67,702,289,0.53,25510.97,1949,3852,2,0.1,NaN,NaN,NaN,NaN,NaN,25,5,5,15.94,15.81,14.02,13.72
17:46:44,INCR,18.58,13.69,18.58,16.71,701,288,0.65,25511.62,1950,3852,2,0.1,NaN,NaN,NaN,NaN,NaN,25,5,5,15.94,15.81,14.02,13.72
17:46:45,INCR,18.58,13.69,18.58,16.73,702,292,0.82,25512.43,1951,3852,2,0.1,NaN,NaN,NaN,NaN,NaN,25,5,5,15.94,15.81,14.02,13.72
17:46:46,INCR,18.57,13.69,18.57,16.73,696,298,1.05,25513.48,1952,3852,2,0.1,NaN,NaN,NaN,NaN,NaN,25,5,5,15.94,15.81,14.02,13.72
17:46:47,INCR,18.58,13.69,18.58,16.74,696,291,0.65,25514.13,1953,3852,2,0.1,NaN,NaN,NaN,NaN,NaN,25,5,5,15.94,15.81,14.02,13.72
17:46:48,INCR,18.58,13.69,18.58,16.76,697,295,0.73,25514.86,1954,3852,2,0.1,NaN,NaN,NaN,NaN,NaN,25,5,5,15.94,15.81,14.02,13.72
17:46:49,INCR,18.58,13.69,18.58,16.79,702,295,0.6,25515.46,1955,3852,2,0.1,NaN,NaN,NaN,NaN,NaN,25,5,5,15.94,15.81,14.02,13.72
17:46:50,INCR,18.57,13.69,18.57,16.81,706,293,0.36,25515.83,1956,3852,2,0.1,NaN,NaN,NaN,NaN,NaN,25,5,5,15.94,15.81,14.02,13.72
17:46:51,INCR,18.57,13.69,18.57,16.82,703,297,0.72,25516.55,1957,3852,2,0.1,NaN,NaN,NaN,NaN,NaN,25,5,5,15.94,15.81,14.02,13.72
17:46:52,INCR,18.57,13.69,18.57,16.82,708,295,0.78,25517.32,1958,3852,2,0.1,NaN,NaN,NaN,NaN,NaN,25,5,5,15.94,15.81,14.02,13.72
17:46:53,INCR,18.57,13.69,18.57,16.83,703,295,0.62,25517.95,1959,3852,2,0.1,NaN,NaN,NaN,NaN,NaN,25,5,5,15.94,15.81,14.02,13.72
17:46:54,INCR,18.57,13.69,18.57,16.83,706,291,0.72,25518.67,1960,3852,2,0.1,NaN,NaN,NaN,NaN,NaN,25,5,5,15.94,15.81,14.02,13.72
17:46:55,INCR,18.56,13.69,18.56,16.84,702,297,0.62,25519.29,1961,3852,2,0.1,NaN,NaN,NaN,NaN,NaN,25,5,5,15.94,15.81,14.02,13.72
17:46:56,INCR,18.57,13.69,18.57,16.84,703,294,0.49,25519.78,1962,3852,2,0.1,NaN,NaN,NaN,NaN,NaN,25,5,5,15.94,15.81,14.02,13.72
17:46:57,INCR,18.57,13.69,18.57,16.84,701,293,0.74,25520.52,1963,3852,2,0.1,NaN,NaN,NaN,NaN,NaN,25,5,5,15.94,15.81,14.02,13.72
17:46:58,INCR,18.56,13.69,18.56,16.86,701,293,0.25,25520.77,1964,3852,2,0.1,NaN,NaN,NaN,NaN,NaN,25,5,5,15.94,15.81,14.02,13.72
17:46:59,INCR,18.56,13.69,18.56,16.88,701,297,0.36,25521.13,1965,3852,2,0.1,NaN,NaN,NaN,NaN,NaN,25,5,5,15.94,15.81,14.02,13.72
17:47:00,INCR,18.56,13.69,18.56,16.9,697,295,0.33,25521.46,1966,3852,2,0.1,NaN,NaN,NaN,NaN,NaN,25,5,5,15.94,15.81,14.02,13.72
17:47:01,INCR,18.56,13.69,18.56,16.91,706,290,0.7,25522.16,1967,3852,2,0.1,NaN,NaN,NaN,NaN,NaN,25,5,5,15.94,15.81,14.02,13.72
17:47:02,INCR,18.56,13.69,18.56,16.92,704,291,0.47,25522.63,1968,3852,2,0.1,NaN,NaN,NaN,NaN,NaN,25,5,5,15.94,15.81,14.02,13.72
17:47:03,INCR,18.55,13.69,18.55,16.92,714,291,1.38,25524.01,1969,3852,2,0.1,NaN,NaN,NaN,NaN,NaN,25,5,5,15.94,15.81,14.02,13.72
17:47:04,INCR,18.55,13.69,18.55,16.92,718,293,0.89,25524.9,1970,3852,2,0.1,NaN,NaN,NaN,NaN,NaN,25,5,5,15.94,15.81,14.02,13.72
17:47:05,INCR,18.55,13.69,18.55,16.93,711,300,0.72,25525.62,1971,3852,2,0.1,NaN,NaN,NaN,NaN,NaN,25,5,5,15.94,15.81,14.02,13.72
17:47:06,INCR,18.56,13.69,18.56,16.93,701,301,0.73,25526.35,1972,3852,2,0.1,NaN,NaN,NaN,NaN,NaN,25,5,5,15.94,15.81,14.02,13.72
17:47:07,INCR,18.55,13.69,18.55,16.93,700,295,0.34,25526.69,1973,3852,2,0.1,NaN,NaN,NaN,NaN,NaN,25,5,5,15.94,15.81,14.02,13.72
17:47:08,INCR,18.55,13.69,18.55,16.94,696,295,0.9,25527.59,1974,3852,2,0.1,NaN,NaN,NaN,NaN,NaN,25,5,5,15.94,15.81,14.02,13.72
17:47:09,INCR,18.55,13.69,18.55,16.94,694,300,0.42,25528.01,1975,3852,2,0.1,NaN,NaN,NaN,NaN,NaN,25,5,5,15.94,15.81,14.02,13.72
17:47:10,INCR,18.55,13.69,18.55,16.94,692,307,0.59,25528.6,1976,3852,2,0.1,NaN,NaN,NaN,NaN,NaN,25,5,5,15.94,15.81,14.02,13.72
17:47:12,INCR,18.54,13.69,18.54,16.94,692,306,0.18,25528.78,1977,3852,2,0.1,NaN,NaN,NaN,NaN,NaN,25,5,5,15.94,15.81,14.02,13.72
17:47:13,INCR,18.54,13.69,18.54,16.94,694,305,0.7,25529.48,1978,3852,2,0.1,NaN,NaN,NaN,NaN,NaN,25,5,5,15.94,15.81,14.02,13.72
17:47:14,INCR,18.54,13.69,18.54,16.95,697,302,0.18,25529.67,1979,3852,2,0.1,NaN,NaN,NaN,NaN,NaN,25,5,5,15.94,15.81,14.02,13.72
17:47:15,INCR,18.54,13.69,18.54,16.95,702,297,0.56,25530.23,1980,3852,2,0.1,NaN,NaN,NaN,NaN,NaN,25,5,5,15.94,15.81,14.02,13.72
17:47:16,INCR,18.53,13.69,18.53,16.95,698,301,0.67,25530.89,1981,3852,2,0.1,NaN,NaN,NaN,NaN,NaN,25,5,5,15.94,15.81,14.02,13.72
17:47:17,INCR,18.53,13.69,18.53,16.95,701,298,0.42,25531.31,1982,3852,2,0.1,NaN,NaN,NaN,NaN,NaN,25,5,5,15.94,15.81,14.02,13.72
17:47:18,INCR,18.52,13.69,18.52,16.95,700,304,0.56,25531.88,1983,3852,2,0.1,NaN,NaN,NaN,NaN,NaN,25,5,5,15.94,15.81,14.02,13.72
17:47:19,INCR,18.52,13.69,18.52,16.95,703,301,0.26,25532.14,1984,3852,2,0.1,NaN,NaN,NaN,NaN,NaN,25,5,5,15.94,15.81,14.02,13.72
17:47:20,INCR,18.52,13.69,18.52,16.96,700,301,0.7,25532.84,1985,3852,2,0.1,NaN,NaN,NaN,NaN,NaN,25,5,5,15.94,15.81,14.02,13.72
17:47:21,INCR,18.53,13.69,18.53,16.96,701,300,0.34,25533.18,1986,3852,2,0.1,NaN,NaN,NaN,NaN,NaN,25,5,5,15.94,15.81,14.02,13.72
17:47:22,INCR,18.52,13.69,18.52,16.96,702,302,0.71,25533.89,1987,3852,2,0.1,NaN,NaN,NaN,NaN,NaN,25,5,5,15.94,15.81,14.02,13.72
17:47:23,INCR,18.52,13.69,18.52,16.96,696,305,0.47,25534.36,1988,3852,2,0.1,NaN,NaN,NaN,NaN,NaN,25,5,5,15.94,15.81,14.02,13.72
17:47:24,INCR,18.51,13.69,18.51,16.96,699,302,0.32,25534.68,1989,3852,2,0.1,NaN,NaN,NaN,NaN,NaN,25,5,5,15.94,15.81,14.02,13.72
17:47:25,INCR,18.51,13.69,18.51,16.95,695,306,0.37,25535.05,1990,3852,2,0.1,NaN,NaN,NaN,NaN,NaN,25,5,5,15.94,15.81,14.02,13.72
17:47:26,INCR,18.5,13.69,18.5,16.96,696,303,0.7,25535.75,1991,3852,2,0.1,NaN,NaN,NaN,NaN,NaN,25,5,5,15.94,15.81,14.02,13.72
17:47:27,INCR,18.5,13.69,18.5,16.96,693,310,0.64,25536.39,1992,3852,2,0.1,NaN,NaN,NaN,NaN,NaN,25,5,5,15.94,15.81,14.02,13.72
17:47:28,INCR,18.47,13.69,18.47,16.96,696,305,0.39,25536.77,1993,3852,2,0.1,NaN,NaN,NaN,NaN,NaN,25,5,5,15.94,15.81,14.02,13.72
17:47:29,INCR,18.45,13.69,18.45,16.96,694,305,0.22,25536.99,1994,3852,2,0.1,NaN,NaN,NaN,NaN,NaN,25,5,5,15.94,15.81,14.02,13.72
17:47:30,INCR,18.42,13.69,18.42,16.95,707,284,2.12,25539.11,1995,3852,2,0.1,NaN,NaN,NaN,NaN,NaN,25,5,5,15.94,15.81,14.02,13.72
17:47:31,INCR,18.41,13.69,18.41,16.95,725,278,2.58,25541.69,1996,3852,2,0.1,NaN,NaN,NaN,NaN,NaN,25,5,5,15.94,15.81,14.02,13.72
17:47:32,INCR,18.41,13.69,18.41,16.95,709,302,2.53,25544.22,1997,3852,2,0.1,NaN,NaN,NaN,NaN,NaN,25,5,5,15.94,15.81,14.02,13.72
17:47:33,INCR,18.41,13.69,18.41,16.94,703,305,0.48,25544.7,1998,3852,2,0.1,NaN,NaN,NaN,NaN,NaN,25,5,5,15.94,15.81,14.02,13.72
17:47:34,INCR,18.41,13.69,18.41,16.94,698,304,0.94,25545.63,1999,3852,2,0.1,NaN,NaN,NaN,NaN,NaN,25,5,5,15.94,15.81,14.02,13.72
17:47:35,INCR,18.41,13.69,18.41,16.94,699,301,0.48,25546.11,2000,3852,2,0.1,NaN,NaN,NaN,NaN,NaN,25,5,5,15.94,15.81,14.02,13.72
17:47:36,INCR,18.41,13.7,18.41,16.93,695,305,0.36,25546.47,2001,3852,2,0.1,NaN,NaN,NaN,NaN,NaN,25,5,5,15.94,15.81,14.02,13.72
17:47:37,INCR,18.41,13.7,18.41,16.93,697,302,0.58,25547.05,2002,3852,2,0.1,NaN,NaN,NaN,NaN,NaN,25,5,5,15.94,15.81,14.02,13.72
17:47:38,INCR,18.41,13.7,18.41,16.93,700,305,0.46,25547.51,2003,3852,2,0.1,NaN,NaN,NaN,NaN,NaN,25,5,5,15.94,15.81,14.02,13.72
17:47:39,INCR,18.41,13.7,18.41,16.93,703,301,0.33,25547.84,2004,3852,2,0.1,NaN,NaN,NaN,NaN,NaN,25,5,5,15.94,15.81,14.02,13.72
17:47:40,INCR,18.4,13.7,18.4,16.93,704,305,0.82,25548.67,2005,3852,2,0.1,NaN,NaN,NaN,NaN,NaN,25,5,5,15.94,15.81,14.02,13.72
17:47:41,INCR,18.4,13.7,18.4,16.92,703,303,0.43,25549.09,2006,3852,2,0.1,NaN,NaN,NaN,NaN,NaN,25,5,5,15.94,15.81,14.02,13.72
17:47:42,INCR,18.39,13.7,18.39,16.92,705,303,0.39,25549.49,2007,3852,2,0.1,NaN,NaN,NaN,NaN,NaN,25,5,5,15.94,15.81,14.02,13.72
17:47:43,INCR,18.39,13.7,18.39,16.92,703,304,0.09,25549.58,2008,3852,2,0.1,NaN,NaN,NaN,NaN,NaN,25,5,5,15.94,15.81,14.02,13.72
17:47:44,INCR,18.39,13.7,18.39,16.92,703,296,0.82,25550.4,2009,3852,2,0.1,NaN,NaN,NaN,NaN,NaN,25,5,5,15.94,15.81,14.02,13.72
17:47:45,INCR,18.39,13.7,18.39,16.91,701,298,0.47,25550.87,2010,3852,2,0.1,NaN,NaN,NaN,NaN,NaN,25,5,5,15.94,15.81,14.02,13.72
17:47:46,INCR,18.39,13.7,18.39,16.91,702,299,0.4,25551.27,2011,3852,2,0.1,NaN,NaN,NaN,NaN,NaN,25,5,5,15.94,15.81,14.02,13.72
17:47:47,INCR,18.39,13.7,18.39,16.91,701,305,0.24,25551.52,2012,3852,2,0.1,NaN,NaN,NaN,NaN,NaN,25,5,5,15.94,15.81,14.02,13.72
17:47:48,INCR,18.38,13.7,18.38,16.91,702,302,0.53,25552.05,2013,3852,2,0.1,NaN,NaN,NaN,NaN,NaN,25,5,5,15.94,15.81,14.02,13.72
17:47:49,INCR,18.38,13.7,18.38,16.9,701,302,0.3,25552.35,2014,3852,2,0.1,NaN,NaN,NaN,NaN,NaN,25,5,5,15.94,15.81,14.02,13.72
17:47:50,INCR,18.38,13.7,18.38,16.89,701,296,0.36,25552.71,2015,3852,2,0.1,NaN,NaN,NaN,NaN,NaN,25,5,5,15.94,15.81,14.02,13.72
17:47:51,INCR,18.38,13.7,18.38,16.89,702,294,0.74,25553.46,2016,3852,2,0.1,NaN,NaN,NaN,NaN,NaN,25,5,5,15.94,15.81,14.02,13.72
17:47:52,INCR,18.38,13.7,18.38,16.89,703,295,0.75,25554.21,2017,3852,2,0.1,NaN,NaN,NaN,NaN,NaN,25,5,5,15.94,15.81,14.02,13.72
17:47:53,INCR,18.38,13.7,18.38,16.88,703,295,0.73,25554.94,2018,3852,2,0.1,NaN,NaN,NaN,NaN,NaN,25,5,5,15.94,15.81,14.02,13.72
17:47:54,INCR,18.38,13.7,18.38,16.87,702,297,0.46,25555.4,2019,3852,2,0.1,NaN,NaN,NaN,NaN,NaN,25,5,5,15.94,15.81,14.02,13.72
17:47:56,INCR,18.38,13.7,18.38,16.84,705,295,0.65,25556.04,2020,3852,2,0.1,NaN,NaN,NaN,NaN,NaN,25,5,5,15.94,15.81,14.02,13.72
17:47:57,INCR,18.39,13.7,18.39,16.82,697,299,0.72,25556.76,2021,3852,2,0.1,NaN,NaN,NaN,NaN,NaN,25,5,5,15.94,15.81,14.02,13.72
17:47:58,INCR,18.38,13.7,18.38,16.81,697,297,0.08,25556.84,2022,3852,2,0.1,NaN,NaN,NaN,NaN,NaN,25,5,5,15.94,15.81,14.02,13.72
17:47:59,INCR,18.39,13.7,18.39,16.81,699,299,0.54,25557.38,2023,3852,2,0.1,NaN,NaN,NaN,NaN,NaN,25,5,5,15.94,15.81,14.02,13.72
17:48:00,INCR,18.38,13.7,18.38,16.81,694,301,0.54,25557.92,2024,3852,2,0.1,NaN,NaN,NaN,NaN,NaN,25,5,5,15.94,15.81,14.02,13.72
17:48:01,INCR,18.38,13.7,18.38,16.8,696,301,0.41,25558.33,2025,3852,2,0.1,NaN,NaN,NaN,NaN,NaN,25,5,5,15.94,15.81,14.02,13.72
17:48:02,INCR,18.38,13.7,18.38,16.8,692,303,0.58,25558.9,2026,3852,2,0.1,NaN,NaN,NaN,NaN,NaN,25,5,5,15.94,15.81,14.02,13.72
17:48:03,INCR,18.39,13.7,18.39,16.8,692,299,0.64,25559.54,2027,3852,2,0.1,NaN,NaN,NaN,NaN,NaN,25,5,5,15.94,15.81,14.02,13.72
17:48:04,INCR,18.39,13.7,18.39,16.79,694,301,0.28,25559.82,2028,3852,2,0.1,NaN,NaN,NaN,NaN,NaN,25,5,5,15.94,15.81,14.02,13.72
17:48:05,INCR,18.39,13.7,18.39,16.76,698,297,0.52,25560.34,2029,3852,2,0.1,NaN,NaN,NaN,NaN,NaN,25,5,5,15.94,15.81,14.02,13.72
17:48:06,INCR,18.39,13.7,18.39,16.73,695,298,0.23,25560.57,2030,3852,2,0.1,NaN,NaN,NaN,NaN,NaN,25,5,5,15.94,15.81,14.02,13.72
17:48:07,INCR,18.39,13.7,18.39,16.71,703,292,1.02,25561.59,2031,3852,2,0.1,NaN,NaN,NaN,NaN,NaN,25,5,5,15.94,15.81,14.02,13.72
17:48:08,INCR,18.4,13.7,18.4,16.71,701,299,0.7,25562.29,2032,3852,2,0.1,NaN,NaN,NaN,NaN,NaN,25,5,5,15.94,15.81,14.02,13.72
17:48:09,INCR,18.4,13.7,18.4,16.71,700,298,0.64,25562.93,2033,3852,2,0.1,NaN,NaN,NaN,NaN,NaN,25,5,5,15.94,15.81,14.02,13.72
17:48:10,INCR,18.4,13.7,18.4,16.71,699,298,0.72,25563.64,2034,3852,2,0.1,NaN,NaN,NaN,NaN,NaN,25,5,5,15.94,15.81,14.02,13.72
17:48:11,INCR,18.4,13.7,18.4,16.71,697,299,0.56,25564.21,2035,3852,2,0.1,NaN,NaN,NaN,NaN,NaN,25,5,5,15.94,15.81,14.02,13.72
17:48:12,INCR,18.4,13.7,18.4,16.71,700,300,0.18,25564.39,2036,3852,2,0.1,NaN,NaN,NaN,NaN,NaN,25,5,5,15.94,15.81,14.02,13.72
17:48:13,INCR,18.41,13.7,18.41,16.71,697,302,0.83,25565.22,2037,3852,2,0.1,NaN,NaN,NaN,NaN,NaN,25,5,5,15.94,15.81,14.02,13.72
17:48:14,INCR,18.41,13.7,18.41,16.71,699,296,0.47,25565.69,2038,3852,2,0.1,NaN,NaN,NaN,NaN,NaN,25,5,5,15.94,15.81,14.02,13.72
17:48:15,INCR,18.41,13.7,18.41,16.71,698,299,0.74,25566.43,2039,3852,2,0.1,NaN,NaN,NaN,NaN,NaN,25,5,5,15.94,15.81,14.02,13.72
17:48:16,INCR,18.42,13.7,18.42,16.71,699,298,0.29,25566.72,2040,3852,2,0.1,NaN,NaN,NaN,NaN,NaN,25,5,5,15.94,15.81,14.02,13.72
17:48:17,INCR,18.42,13.7,18.42,16.7,699,303,0.55,25567.27,2041,3852,2,0.1,NaN,NaN,NaN,NaN,NaN,25,5,5,15.94,15.81,14.02,13.72
17:48:18,INCR,18.42,13.7,18.42,16.7,702,301,0.28,25567.55,2042,3852,2,0.1,NaN,NaN,NaN,NaN,NaN,25,5,5,15.94,15.81,14.02,13.72
17:48:19,INCR,18.42,13.7,18.42,16.69,702,301,0.58,25568.13,2043,3852,2,0.1,NaN,NaN,NaN,NaN,NaN,25,5,5,15.94,15.81,14.02,13.72
17:48:20,INCR,18.42,13.7,18.42,16.69,704,299,0.26,25568.39,2044,3852,2,0.1,NaN,NaN,NaN,NaN,NaN,25,5,5,15.94,15.81,14.02,13.72
17:48:21,INCR,18.44,13.7,18.44,16.69,705,300,0.23,25568.62,2045,3852,2,0.1,NaN,NaN,NaN,NaN,NaN,25,5,5,15.94,15.81,14.02,13.72
17:48:22,INCR,18.46,13.7,18.46,16.69,703,300,0.38,25569,2046,3852,2,0.1,NaN,NaN,NaN,NaN,NaN,25,5,5,15.94,15.81,14.02,13.72
17:48:23,INCR,18.49,13.7,18.49,16.69,707,294,0.61,25569.61,2047,3852,2,0.1,NaN,NaN,NaN,NaN,NaN,25,5,5,15.94,15.81,14.02,13.72
17:48:24,INCR,18.49,13.7,18.49,16.69,702,290,0.82,25570.43,2048,3852,2,0.1,NaN,NaN,NaN,NaN,NaN,25,5,5,15.94,15.81,14.02,13.72
17:48:25,INCR,18.5,13.7,18.5,16.68,713,288,0.97,25571.4,2049,3852,2,0.1,NaN,NaN,NaN,NaN,NaN,25,5,5,15.94,15.81,14.02,13.72
17:48:26,INCR,18.5,13.7,18.5,16.68,713,297,0.92,25572.31,2050,3852,2,0.1,NaN,NaN,NaN,NaN,NaN,25,5,5,15.94,15.81,14.02,13.72
17:48:27,INCR,18.49,13.7,18.49,16.68,707,298,0.42,25572.73,2051,3852,2,0.1,NaN,NaN,NaN,NaN,NaN,25,5,5,15.94,15.81,14.02,13.72
17:48:28,INCR,18.49,13.7,18.49,16.67,701,301,0.83,25573.56,2052,3852,2,0.1,NaN,NaN,NaN,NaN,NaN,25,5,5,15.94,15.81,14.02,13.72
17:48:29,INCR,18.49,13.7,18.49,16.67,701,296,0.58,25574.14,2053,3852,2,0.1,NaN,NaN,NaN,NaN,NaN,25,5,5,15.94,15.81,14.02,13.72
17:48:30,INCR,18.5,13.7,18.5,16.67,705,296,0.82,25574.96,2054,3852,2,0.1,NaN,NaN,NaN,NaN,NaN,25,5,5,15.94,15.81,14.02,13.72
17:48:31,INCR,18.5,13.7,18.5,16.68,705,297,0.56,25575.52,2055,3852,2,0.1,NaN,NaN,NaN,NaN,NaN,25,5,5,15.94,15.81,14.02,13.72
17:48:32,INCR,18.5,13.7,18.5,16.68,705,299,0.72,25576.24,2056,3852,2,0.1,NaN,NaN,NaN,NaN,NaN,25,5,5,15.94,15.81,14.02,13.72
17:48:33,INCR,18.5,13.7,18.5,16.67,697,301,0.56,25576.8,2057,3852,2,0.1,NaN,NaN,NaN,NaN,NaN,25,5,5,15.94,15.81,14.02,13.72
17:48:34,INCR,18.51,13.7,18.51,16.67,701,296,0.84,25577.64,2058,3852,2,0.1,NaN,NaN,NaN,NaN,NaN,25,5,5,15.94,15.81,14.02,13.72
17:48:36,INCR,18.51,13.7,18.51,16.67,700,299,0.2,25577.84,2059,3852,2,0.1,NaN,NaN,NaN,NaN,NaN,25,5,5,15.94,15.81,14.02,13.72
17:48:37,INCR,18.51,13.7,18.51,16.66,703,297,0.24,25578.08,2060,3852,2,0.1,NaN,NaN,NaN,NaN,NaN,25,5,5,15.94,15.81,14.02,13.72
17:48:38,INCR,18.51,13.7,18.51,16.66,701,301,0.46,25578.54,2061,3852,2,0.1,NaN,NaN,NaN,NaN,NaN,25,5,5,15.94,15.81,14.02,13.72
17:48:39,INCR,18.52,13.7,18.52,16.66,700,296,0.71,25579.25,2062,3852,2,0.1,NaN,NaN,NaN,NaN,NaN,25,5,5,15.94,15.81,14.02,13.72
17:48:40,INCR,18.52,13.7,18.52,16.66,699,302,1.04,25580.29,2063,3852,2,0.1,NaN,NaN,NaN,NaN,NaN,25,5,5,15.94,15.81,14.02,13.72
17:48:41,INCR,18.52,13.7,18.52,16.65,697,306,0.29,25580.58,2064,3852,2,0.1,NaN,NaN,NaN,NaN,NaN,25,5,5,15.94,15.81,14.02,13.72
17:48:42,INCR,18.52,13.71,18.52,16.66,693,314,0.73,25581.31,2065,3852,2,0.1,NaN,NaN,NaN,NaN,NaN,25,5,5,15.94,15.81,14.02,13.72
17:48:43,INCR,18.53,13.71,18.53,16.65,682,323,1.08,25582.39,2066,3852,2,0.1,NaN,NaN,NaN,NaN,NaN,25,5,5,15.94,15.81,14.02,13.72
17:48:44,INCR,18.53,13.71,18.53,16.66,689,322,0.67,25583.06,2067,3852,2,0.1,NaN,NaN,NaN,NaN,NaN,25,5,5,15.94,15.81,14.02,13.72
17:48:45,INCR,18.53,13.71,18.53,16.65,689,325,0.26,25583.32,2068,3852,2,0.1,NaN,NaN,NaN,NaN,NaN,25,5,5,15.94,15.81,14.02,13.72
17:48:46,INCR,18.53,13.71,18.53,16.65,695,327,0.31,25583.62,2069,3852,2,0.1,NaN,NaN,NaN,NaN,NaN,25,5,5,15.94,15.81,14.02,13.72
17:48:47,INCR,18.54,13.71,18.54,16.65,695,331,0.19,25583.81,2070,3852,2,0.1,NaN,NaN,NaN,NaN,NaN,25,5,5,15.94,15.81,14.02,13.72
17:48:48,INCR,18.56,13.71,18.56,16.64,688,333,0.5,25584.32,2071,3852,2,0.1,NaN,NaN,NaN,NaN,NaN,25,5,5,15.94,15.81,14.02,13.72
17:48:49,INCR,18.58,13.71,18.58,16.65,683,336,0.23,25584.55,2072,3852,2,0.1,NaN,NaN,NaN,NaN,NaN,25,5,5,15.94,15.81,14.02,13.72
17:48:50,INCR,18.59,13.71,18.59,16.64,675,341,0.71,25585.26,2073,3852,2,0.1,NaN,NaN,NaN,NaN,NaN,25,5,5,15.94,15.81,14.02,13.72
17:48:51,INCR,18.59,13.71,18.59,16.64,667,338,0.61,25585.86,2074,3852,2,0.1,NaN,NaN,NaN,NaN,NaN,25,5,5,15.94,15.81,14.02,13.72
17:48:52,INCR,18.6,13.71,18.6,16.64,659,328,1.45,25587.31,2075,3852,2,0.1,NaN,NaN,NaN,NaN,NaN,25,5,5,15.94,15.81,14.02,13.72
17:48:53,INCR,18.6,13.71,18.6,16.64,664,315,1.03,25588.34,2076,3852,2,0.1,NaN,NaN,NaN,NaN,NaN,25,5,5,15.94,15.81,14.02,13.72
17:48:54,INCR,18.6,13.71,18.6,16.64,664,310,0.27,25588.61,2077,3852,2,0.1,NaN,NaN,NaN,NaN,NaN,25,5,5,15.94,15.81,14.02,13.72
17:48:55,INCR,18.6,13.71,18.6,16.63,688,289,1.94,25590.55,2078,3852,2,0.1,NaN,NaN,NaN,NaN,NaN,25,5,5,15.94,15.81,14.02,13.72
17:48:56,INCR,18.6,13.71,18.6,16.62,706,288,2.34,25592.89,2079,3852,2,0.1,NaN,NaN,NaN,NaN,NaN,25,5,5,15.94,15.81,14.02,13.72
17:48:57,INCR,18.6,13.71,18.6,16.62,717,296,1.27,25594.16,2080,3852,2,0.1,NaN,NaN,NaN,NaN,NaN,25,5,5,15.94,15.81,14.02,13.72
17:48:58,INCR,18.6,13.71,18.6,16.63,715,308,1.09,25595.25,2081,3852,2,0.1,NaN,NaN,NaN,NaN,NaN,25,5,5,15.94,15.81,14.02,13.72
17:48:59,INCR,18.61,13.71,18.61,16.62,712,309,0.51,25595.77,2082,3852,2,0.1,NaN,NaN,NaN,NaN,NaN,25,5,5,15.94,15.81,14.02,13.72
17:49:00,INCR,18.61,13.71,18.61,16.62,706,307,0.58,25596.35,2083,3852,2,0.1,NaN,NaN,NaN,NaN,NaN,25,5,5,15.94,15.81,14.02,13.72
17:49:01,INCR,18.62,13.71,18.62,16.62,700,302,0.89,25597.24,2084,3852,2,0.1,NaN,NaN,NaN,NaN,NaN,25,5,5,15.94,15.81,14.02,13.72
17:49:02,INCR,18.62,13.71,18.62,16.62,702,295,0.75,25597.99,2085,3852,2,0.1,NaN,NaN,NaN,NaN,NaN,25,5,5,15.94,15.81,14.02,13.72
17:49:03,INCR,18.62,13.71,18.62,16.62,703,295,0.13,25598.12,2086,3852,2,0.1,NaN,NaN,NaN,NaN,NaN,25,5,5,15.94,15.81,14.02,13.72
17:49:04,INCR,18.62,13.71,18.62,16.62,705,297,0.71,25598.83,2087,3852,2,0.1,NaN,NaN,NaN,NaN,NaN,25,5,5,15.94,15.81,14.02,13.72
17:49:05,INCR,18.62,13.71,18.62,16.61,700,300,0.47,25599.3,2088,3852,2,0.1,NaN,NaN,NaN,NaN,NaN,25,5,5,15.94,15.81,14.02,13.72
17:49:06,INCR,18.63,13.71,18.63,16.62,702,298,0.67,25599.97,2089,3852,2,0.1,NaN,NaN,NaN,NaN,NaN,25,5,5,15.94,15.81,14.02,13.72
17:49:07,INCR,18.62,13.71,18.62,16.61,703,301,0.57,25600.53,2090,3852,2,0.1,NaN,NaN,NaN,NaN,NaN,25,5,5,15.94,15.81,14.02,13.72
17:49:08,INCR,18.63,13.71,18.63,16.61,705,298,0.35,25600.88,2091,3852,2,0.1,NaN,NaN,NaN,NaN,NaN,25,5,5,15.94,15.81,14.02,13.72
17:49:09,INCR,18.63,13.71,18.63,16.6,706,305,1.39,25602.26,2092,3852,2,0.1,NaN,NaN,NaN,NaN,NaN,25,5,5,15.94,15.81,14.02,13.72
17:49:10,INCR,18.64,13.71,18.64,16.6,702,307,0.41,25602.67,2093,3852,2,0.1,NaN,NaN,NaN,NaN,NaN,25,5,5,15.94,15.81,14.02,13.72
17:49:11,INCR,18.64,13.71,18.64,16.6,703,307,0.5,25603.17,2094,3852,2,0.1,NaN,NaN,NaN,NaN,NaN,25,5,5,15.94,15.81,14.02,13.72
17:49:12,INCR,18.64,13.71,18.64,16.59,700,302,0.46,25603.63,2095,3852,2,0.1,NaN,NaN,NaN,NaN,NaN,25,5,5,15.94,15.81,14.02,13.72
17:49:13,INCR,18.64,13.71,18.64,16.59,704,300,0.36,25603.99,2096,3852,2,0.1,NaN,NaN,NaN,NaN,NaN,25,5,5,15.94,15.81,14.02,13.72
17:49:14,INCR,18.64,13.71,18.64,16.59,702,303,0.45,25604.45,2097,3852,2,0.1,NaN,NaN,NaN,NaN,NaN,25,5,5,15.94,15.81,14.02,13.72
17:49:15,INCR,18.64,13.71,18.64,16.58,707,300,0.6,25605.05,2098,3852,2,0.1,NaN,NaN,NaN,NaN,NaN,25,5,5,15.94,15.81,14.02,13.72
17:49:16,INCR,18.65,13.71,18.65,16.58,704,304,0.59,25605.64,2099,3852,2,0.1,NaN,NaN,NaN,NaN,NaN,25,5,5,15.94,15.81,14.02,13.72
17:49:18,INCR,18.65,13.71,18.65,16.58,707,301,0.23,25605.86,2100,3852,2,0.1,NaN,NaN,NaN,NaN,NaN,25,5,5,15.94,15.81,14.02,13.72
17:49:19,INCR,18.65,13.71,18.65,16.57,699,301,0.62,25606.48,2101,3852,2,0.1,NaN,NaN,NaN,NaN,NaN,25,5,5,15.94,15.81,14.02,13.72
17:49:20,INCR,18.65,13.71,18.65,16.57,708,294,0.79,25607.27,2102,3852,2,0.1,NaN,NaN,NaN,NaN,NaN,25,5,5,15.94,15.81,14.02,13.72
17:49:21,INCR,18.65,13.71,18.65,16.56,703,296,0.95,25608.22,2103,3852,2,0.1,NaN,NaN,NaN,NaN,NaN,25,5,5,15.94,15.81,14.02,13.72
17:49:22,INCR,18.64,13.71,18.64,16.56,701,294,0.43,25608.66,2104,3852,2,0.1,NaN,NaN,NaN,NaN,NaN,25,5,5,15.94,15.81,14.02,13.72
17:49:23,INCR,18.64,13.71,18.64,16.56,702,295,0.71,25609.36,2105,3852,2,0.1,NaN,NaN,NaN,NaN,NaN,25,5,5,15.94,15.81,14.02,13.72
17:49:24,INCR,18.64,13.71,18.64,16.56,700,298,0.22,25609.59,2106,3852,2,0.1,NaN,NaN,NaN,NaN,NaN,25,5,5,15.94,15.81,14.02,13.72
17:49:25,INCR,18.64,13.71,18.64,16.55,703,293,0.7,25610.29,2107,3852,2,0.1,NaN,NaN,NaN,NaN,NaN,25,5,5,15.94,15.81,14.02,13.72
17:49:26,INCR,18.65,13.71,18.65,16.55,700,296,0.64,25610.93,2108,3852,2,0.1,NaN,NaN,NaN,NaN,NaN,25,5,5,15.94,15.81,14.02,13.72
17:49:27,INCR,18.64,13.71,18.64,16.55,703,297,0.68,25611.6,2109,3852,2,0.1,NaN,NaN,NaN,NaN,NaN,25,5,5,15.94,15.81,14.02,13.72
17:49:28,INCR,18.64,13.71,18.64,16.54,700,302,0.47,25612.07,2110,3852,2,0.1,NaN,NaN,NaN,NaN,NaN,25,5,5,15.94,15.81,14.02,13.72
17:49:29,INCR,18.64,13.71,18.64,16.52,698,304,0.51,25612.58,2111,3852,2,0.1,NaN,NaN,NaN,NaN,NaN,25,5,5,15.94,15.81,14.02,13.72
17:49:30,INCR,18.64,13.71,18.64,16.49,698,306,0.44,25613.02,2112,3852,2,0.1,NaN,NaN,NaN,NaN,NaN,25,5,5,15.94,15.81,14.02,13.72
17:49:31,INCR,18.64,13.71,18.64,16.47,692,305,0.72,25613.74,2113,3852,2,0.1,NaN,NaN,NaN,NaN,NaN,25,5,5,15.94,15.81,14.02,13.72
17:49:32,INCR,18.64,13.71,18.64,16.47,691,314,1.09,25614.84,2114,3852,2,0.1,NaN,NaN,NaN,NaN,NaN,25,5,5,15.94,15.81,14.02,13.72
17:49:33,INCR,18.63,13.71,18.63,16.47,683,321,0.67,25615.51,2115,3852,2,0.1,NaN,NaN,NaN,NaN,NaN,25,5,5,15.94,15.81,14.02,13.72
17:49:34,INCR,18.63,13.71,18.63,16.47,690,317,0.61,25616.11,2116,3852,2,0.1,NaN,NaN,NaN,NaN,NaN,25,5,5,15.94,15.81,14.02,13.72
17:49:35,INCR,18.63,13.71,18.63,16.47,692,310,0.86,25616.98,2117,3852,2,0.1,NaN,NaN,NaN,NaN,NaN,25,5,5,15.94,15.81,14.02,13.72
17:49:36,INCR,18.62,13.71,18.62,16.46,704,300,1.09,25618.07,2118,3852,2,0.1,NaN,NaN,NaN,NaN,NaN,25,5,5,15.94,15.81,14.02,13.72
17:49:37,INCR,18.62,13.72,18.62,16.47,704,300,0.19,25618.25,2119,3852,2,0.1,NaN,NaN,NaN,NaN,NaN,25,5,5,15.94,15.81,14.02,13.72
17:49:38,INCR,18.62,13.72,18.62,16.47,704,299,0.45,25618.71,2120,3852,2,0.1,NaN,NaN,NaN,NaN,NaN,25,5,5,15.94,15.81,14.02,13.72
17:49:39,INCR,18.62,13.72,18.62,16.47,706,302,0.63,25619.33,2121,3852,2,0.1,NaN,NaN,NaN,NaN,NaN,25,5,5,15.94,15.81,14.02,13.72
17:49:40,INCR,18.62,13.72,18.62,16.47,703,301,0.54,25619.87,2122,3852,2,0.1,NaN,NaN,NaN,NaN,NaN,25,5,5,15.94,15.81,14.02,13.72
17:49:41,INCR,18.62,13.72,18.62,16.47,706,295,0.62,25620.5,2123,3852,2,0.1,NaN,NaN,NaN,NaN,NaN,25,5,5,15.94,15.81,14.02,13.72
17:49:42,INCR,18.61,13.72,18.61,16.46,701,295,0.58,25621.07,2124,3852,2,0.1,NaN,NaN,NaN,NaN,NaN,25,5,5,15.94,15.81,14.02,13.72
17:49:43,INCR,18.61,13.72,18.61,16.46,704,298,0.45,25621.53,2125,3852,2,0.1,NaN,NaN,NaN,NaN,NaN,25,5,5,15.94,15.81,14.02,13.72
17:49:44,INCR,18.61,13.72,18.61,16.46,703,302,0.75,25622.28,2126,3852,2,0.1,NaN,NaN,NaN,NaN,NaN,25,5,5,15.94,15.81,14.02,13.72
17:49:45,INCR,18.61,13.72,18.61,16.46,704,303,0.89,25623.17,2127,3852,2,0.1,NaN,NaN,NaN,NaN,NaN,25,5,5,15.94,15.81,14.02,13.72
17:49:46,INCR,18.61,13.72,18.61,16.46,701,307,0.38,25623.55,2128,3852,2,0.1,NaN,NaN,NaN,NaN,NaN,25,5,5,15.94,15.81,14.02,13.72
17:49:47,INCR,18.61,13.72,18.61,16.46,707,301,0.39,25623.94,2129,3852,2,0.1,NaN,NaN,NaN,NaN,NaN,25,5,5,15.94,15.81,14.02,13.72
17:49:48,INCR,18.61,13.72,18.61,16.46,702,302,0.77,25624.71,2130,3852,2,0.1,NaN,NaN,NaN,NaN,NaN,25,5,5,15.94,15.81,14.02,13.72
17:49:49,INCR,18.6,13.72,18.6,16.46,704,302,0.3,25625.01,2131,3852,2,0.1,NaN,NaN,NaN,NaN,NaN,25,5,5,15.94,15.81,14.02,13.72
17:49:50,INCR,18.6,13.72,18.6,16.46,704,306,0.78,25625.79,2132,3852,2,0.1,NaN,NaN,NaN,NaN,NaN,25,5,5,15.94,15.81,14.02,13.72
17:49:51,INCR,18.6,13.72,18.6,16.47,701,306,0.29,25626.08,2133,3852,2,0.1,NaN,NaN,NaN,NaN,NaN,25,5,5,15.94,15.81,14.02,13.72
17:49:52,INCR,18.6,13.72,18.6,16.47,699,308,0.55,25626.63,2134,3852,2,0.1,NaN,NaN,NaN,NaN,NaN,25,5,5,15.94,15.81,14.02,13.72
17:49:53,INCR,18.6,13.72,18.6,16.48,696,305,0.55,25627.18,2135,3852,2,0.1,NaN,NaN,NaN,NaN,NaN,25,5,5,15.94,15.81,14.02,13.72
17:49:54,INCR,18.6,13.72,18.6,16.51,696,306,0.46,25627.64,2136,3852,2,0.1,NaN,NaN,NaN,NaN,NaN,25,5,5,15.94,15.81,14.02,13.72
17:49:56,INCR,18.6,13.72,18.6,16.55,697,306,0.35,25627.99,2137,3852,2,0.1,NaN,NaN,NaN,NaN,NaN,25,5,5,15.94,15.81,14.02,13.72
17:49:57,INCR,18.6,13.72,18.6,16.57,698,303,0.37,25628.36,2138,3852,2,0.1,NaN,NaN,NaN,NaN,NaN,25,5,5,15.94,15.81,14.02,13.72
17:49:58,INCR,18.6,13.72,18.6,16.57,697,304,0.13,25628.49,2139,3852,2,0.1,NaN,NaN,NaN,NaN,NaN,25,5,5,15.94,15.81,14.02,13.72
17:49:59,INCR,18.6,13.72,18.6,16.57,700,306,0.57,25629.06,2140,3852,2,0.1,NaN,NaN,NaN,NaN,NaN,25,5,5,15.94,15.81,14.02,13.72
17:50:00,INCR,18.6,13.72,18.6,16.58,699,306,0.68,25629.74,2141,3852,2,0.1,NaN,NaN,NaN,NaN,NaN,25,5,5,15.94,15.81,14.02,13.72
17:50:01,INCR,18.6,13.72,18.6,16.58,700,297,0.86,25630.6,2142,3852,2,0.1,NaN,NaN,NaN,NaN,NaN,25,5,5,15.94,15.81,14.02,13.72
17:50:02,INCR,18.6,13.72,18.6,16.61,703,297,0.12,25630.72,2143,3852,2,0.1,NaN,NaN,NaN,NaN,NaN,25,5,5,15.94,15.81,14.02,13.72
17:50:03,INCR,18.6,13.72,18.6,16.66,700,298,0.76,25631.48,2144,3852,2,0.1,NaN,NaN,NaN,NaN,NaN,25,5,5,15.94,15.81,14.02,13.72
17:50:04,INCR,18.6,13.72,18.6,16.72,704,295,0.93,25632.41,2145,3852,2,0.1,NaN,NaN,NaN,NaN,NaN,25,5,5,15.94,15.81,14.02,13.72
17:50:05,INCR,18.6,13.72,18.6,16.74,699,299,0.59,25632.99,2146,3852,2,0.1,NaN,NaN,NaN,NaN,NaN,25,5,5,15.94,15.81,14.02,13.72
17:50:06,INCR,18.6,13.72,18.6,16.75,701,295,0.37,25633.37,2147,3852,2,0.1,NaN,NaN,NaN,NaN,NaN,25,5,5,15.94,15.81,14.02,13.72
17:50:07,INCR,18.61,13.72,18.61,16.78,699,296,0.63,25634,2148,3852,2,0.1,NaN,NaN,NaN,NaN,NaN,25,5,5,15.94,15.81,14.02,13.72
